id,home,away,predicted
372604,Illinois,Iowa,-3.894298175516269
372605,Arizona,Purdue,0.7965657960370578
372606,Michigan,Tennessee,0.9719809950321121
372607,Duke,UConn,-4.928985402534167
372598,Colorado,Oklahoma,5.161368748462976
372599,Minnesota,Baylor,-3.4350349671499174
372602,Tulsa,New Mexico,-3.833022720620633
372600,West Virginia,Stanford,-5.225081557355992
372603,Auburn,Illinois State,0.7047271983479817
372601,Creighton,Rutgers,-3.3028003760212528
