id,home,away,predicted
372445,Yale,Pennsylvania,-9.031383094811503
372446,Arkansas,Vanderbilt,2.0986370443118005
372447,VCU,Dayton,-2.9435038210291253
372448,South Florida,Wichita State,-1.7448268479195974
372449,Michigan,Purdue,-2.3587435053491106
