id,home,away,predicted
372610,Baylor,Oklahoma,0.5223705388673068
372611,Creighton,West Virginia,6.4488974896304825
372609,UConn,Illinois,3.0360492348729196
372608,Arizona,Michigan,-0.7200618846913613
372612,Auburn,Tulsa,6.346256443008912
