season,season_label,team_id,team,conference,games,wins,losses,total_minutes,pace,field_goals_pct,field_goals_attempted,field_goals_made,two_point_field_goals_pct,two_point_field_goals_attempted,two_point_field_goals_made,three_point_field_goals_pct,three_point_field_goals_attempted,three_point_field_goals_made,free_throws_pct,free_throws_attempted,free_throws_made,rebounds_total,rebounds_defensive,rebounds_offensive,turnovers_team_total,turnovers_total,fouls_flagrant,fouls_technical,fouls_total,points_fast_break,points_off_turnovers,points_in_paint,points_total,four_factors_free_throw_rate,four_factors_offensive_rebound_pct,four_factors_turnover_ratio,four_factors_effective_field_goal_pct,opp_field_goals_pct,opp_field_goals_attempted,opp_field_goals_made,opp_two_point_field_goals_pct,opp_two_point_field_goals_attempted,opp_two_point_field_goals_made,opp_three_point_field_goals_pct,opp_three_point_field_goals_attempted,opp_three_point_field_goals_made,opp_free_throws_pct,opp_free_throws_attempted,opp_free_throws_made,opp_rebounds_total,opp_rebounds_defensive,opp_rebounds_offensive,opp_turnovers_team_total,opp_turnovers_total,opp_fouls_flagrant,opp_fouls_technical,opp_fouls_total,opp_points_fast_break,opp_points_off_turnovers,opp_points_in_paint,opp_points_total,opp_four_factors_free_throw_rate,opp_four_factors_offensive_rebound_pct,opp_four_factors_turnover_ratio,opp_four_factors_effective_field_goal_pct,adj_pace,adjoff_assists,adjoff_true_shooting,adjoff_opp_blocks,adjoff_opp_steals,adjoff_field_goals_pct,adjoff_two_point_field_goals_pct,adjoff_three_point_field_goals_pct,adjoff_free_throws_pct,adjoff_rebounds_offensive,adjoff_turnovers_total,adjoff_points_fast_break,adjoff_points_off_turnovers,adjoff_points_in_paint,adjoff_points_per_poss,adjdef_opp_assists,adjdef_opp_true_shooting,adjdef_blocks,adjdef_steals,adjdef_opp_field_goals_pct,adjdef_opp_two_point_field_goals_pct,adjdef_opp_three_point_field_goals_pct,adjdef_opp_free_throws_pct,adjdef_rebounds_defensive,adjdef_opp_turnovers_total,adjdef_opp_points_fast_break,adjdef_opp_points_off_turnovers,adjdef_opp_points_in_paint,adjdef_opp_points_per_poss,adjoff_ppg,adjdef_ppg,OffVoA_MeanRating,OffVoA_MedRating,OffVoA_975PctRating,OffVoA_025PctRating,OffVoA_SD,DefVoA_MeanRating,DefVoA_MedRating,DefVoA_975PctRating,DefVoA_025PctRating,DefVoA_SD,OvrlVoA_MeanRating,OvrlVoA_975pctRating,OvrlVoA_025pctRating,OvrlVoARanking,OffVoARanking,DefVoARanking
2025,20242025,1,Abilene Christian,WAC,32,16,16,1290,67.4,44.4,1845,819,49.4,1362,673,30.2,483,146,71.5,666,476,1083,727,356,14,476,0,9,671,359,581,1164,2260,36.1,32.9,0.22,48.3,44.6,1675,747,51.5,1098,566,31.4,577,181,69.6,825,574,1074,762,312,28,547,0,5,570,306,459,1032,2249,49.3,29.1,0.25,50.0,67.69911298085356,12.546863884849264,53.60523606555488,4.027386803988956,7.879255498210192,43.26401044486372,48.99017718188041,32.57858921974711,70.94265857549307,10.776875399475314,13.605541100315612,10.773755193862316,14.759297991742551,30.14483211271653,1.013908575595383,12.588345158534217,59.39415831056535,2.7968122875110595,8.860779577714485,48.64253654239146,54.023894529153466,35.93700832063735,72.22552131578497,20.843995787510206,15.074634454322279,11.84090546158889,14.7091193244176,33.26906473378244,1.0756478249128172,68.64071121148812,72.8204036263822,70.9000185492048,70.92265137848268,75.10109621109605,66.6569595133454,2.1455668951758846,73.4251349932688,73.4208426507796,75.63041303742895,71.22000076706786,1.1171896478629748,-2.525116444063997,-0.5293168263329022,-4.56304125372246,251,300,146
2025,20242025,2,Air Force,Mountain West,32,4,28,1290,62.1,42.1,1616,680,50.5,833,421,33.1,783,259,63.5,572,363,956,720,236,43,432,0,1,571,174,336,768,1982,35.4,24.7,0.22,50.1,48.1,1758,845,54.8,1121,614,36.3,637,231,70.0,623,436,1096,802,294,17,327,0,3,558,302,535,1108,2357,35.4,26.8,0.16,54.6,66.61260664737516,12.343336729833432,53.035887639954055,3.4746974467397767,7.565896943710577,43.263574718606655,51.310621652194236,31.77083337436192,68.35287470775263,7.8306410923572525,14.117010458802646,7.009868250873357,11.227772840585338,29.100545994827133,0.9525666621954493,14.989054628796925,58.78459227152921,2.5757926423472557,5.778154812415038,47.880423729824265,55.0636227856612,34.96084232181935,72.22720060020889,22.50052088670668,10.363891987825504,10.853981825041162,16.675811859617813,34.32183275818481,1.1722217096473362,63.452948374228555,78.08474364825162,65.13141865352073,65.1414229624024,69.40198044324592,60.79423622596124,2.1863048530265488,79.12207190010555,79.1264124444802,81.21267586173084,77.02188725873036,1.0675808853550823,-13.990653246584827,-11.810695418484926,-16.227651032769117,362,363,338
2025,20242025,3,Akron,MAC,35,28,7,1405,69.6,46.9,2259,1060,56.0,1222,684,36.3,1037,376,75.4,590,445,1348,934,414,13,414,0,8,623,462,555,1208,2941,26.1,30.7,0.17,55.2,43.3,2157,933,50.3,1333,670,31.9,824,263,71.7,692,496,1225,850,375,16,444,0,3,578,362,419,1140,2625,32.1,30.6,0.18,49.4,69.71407302565247,16.953542956698655,59.76262988779364,3.0449035859228,6.403871595507622,48.234841519477754,57.10304018031833,35.87882426520607,73.41533752522254,10.98566035864133,11.05732771862665,12.696663452679378,15.754543055438157,35.6112848140903,1.199098355819234,13.419180365613066,55.43283631673263,2.9956852539321095,7.051448623212398,44.26940951413177,50.62613619072012,34.419840500877385,72.2198644617838,25.24475492636736,12.692009811929893,9.283161130486391,12.46081798648929,30.510775312825324,1.0752758169086276,83.59403034252189,74.96185682268617,81.68730599003435,81.69643584633425,85.94497359704182,77.47068476853394,2.1424265886307055,75.40399263993848,75.4028948374177,77.54912286685193,73.30133838578614,1.0786791621866527,6.283313350095867,8.395850730189892,4.169346382747804,34,10,222
2025,20242025,5,Alabama,SEC,37,28,9,1490,75.5,48.4,2371,1147,59.7,1267,757,35.3,1104,390,72.0,932,671,1567,1108,459,23,469,0,1,702,500,453,1432,3355,39.3,29.3,0.17,56.6,42.6,2523,1074,49.0,1650,809,30.4,873,265,71.0,837,594,1364,902,462,12,382,0,6,759,346,459,1336,3007,33.2,33.9,0.14,47.8,72.82033987488951,15.954581624657928,58.3296151646222,3.7091025437990925,6.480573661623712,45.027945702245304,54.98295368443228,34.74052590024447,75.27040634080957,12.18409934829417,10.223148034263346,12.43098752310919,12.583338175542485,31.96319280227197,1.1963775843027373,14.032593031852821,53.7756859973623,4.57997339813826,6.43215143669453,43.67949253814625,49.55424645131367,33.642423056110246,72.21011005301845,27.205128327819544,9.814051698875723,10.725804351181521,12.327311451499337,36.336313434426074,1.1108827730993613,87.12062230762461,80.89486109825526,82.97609019984326,82.97515754226345,87.24130102133377,78.69757904873023,2.186925339402175,79.04724070476664,79.04691273871353,81.17354873304535,76.89208660214092,1.091239171850335,3.9288494950766193,6.067752288288418,1.8054924465893123,69,4,335
2025,20242025,4,Alabama A&M,SWAC,32,10,22,1300,62.5,40.4,1966,795,46.4,1159,538,31.8,807,257,66.4,738,490,1172,725,447,27,513,0,8,687,428,491,970,2337,37.5,38.1,0.25,47.0,45.9,1816,834,50.3,1141,574,38.5,675,260,69.3,853,591,1198,828,370,40,514,0,6,599,441,555,1040,2521,47.0,30.9,0.25,53.1,67.35134437779679,11.607556093737728,55.18316844539349,3.1578533205880785,6.177790012252027,43.77306311326933,49.0178143372754,34.541033857119196,73.06076574288883,9.515039418435059,11.269371583905253,10.484863957204231,13.124027201411945,28.541664479171878,1.0651668792925024,14.257036951443858,56.25841851723371,2.8535409470979354,6.304204827184597,45.4560627378239,52.14928799416025,34.6046991061561,72.22370260696466,23.81570079965851,11.30177413798274,12.68553848310443,11.722353096950933,32.15333397398471,1.0999978168012965,71.74042130705244,74.08633177420874,71.47594582910752,71.46958146873868,75.67930584597903,67.24173259107765,2.150318769149621,73.88197768068378,73.87273727341602,75.98909141944807,71.80221602480357,1.0674142169906373,-2.406031851576259,-0.3097855734690427,-4.560483433725921,247,279,164
2025,20242025,6,Alabama State,SWAC,36,20,16,1445,68.8,40.5,2290,927,46.3,1312,607,32.7,978,320,68.6,665,456,1303,886,417,17,327,0,2,662,482,588,1026,2630,29.0,32.0,0.13,47.5,43.7,2044,893,50.6,1228,621,33.3,816,272,69.4,791,549,1426,1038,388,31,474,0,4,577,384,392,1056,2607,38.7,27.2,0.19,50.3,69.71573740977406,12.266752822179615,53.20661671019686,3.705296009437656,7.160502277780554,42.59219308818253,48.69219861370489,33.011712440846836,70.39195496105651,11.842642361955132,12.573410413163344,12.324877264220122,14.179381259809796,30.332402070171792,1.0401711892181396,13.999001258325787,56.38259064126351,3.740575128915098,7.645377745312559,44.994063175657764,52.33815797398236,33.8023946238475,72.22583013690956,23.588151270204193,13.152935586999606,12.732014909755856,13.897732696857659,32.238526252440295,1.0906364641162545,72.51630148874423,76.03452534185327,71.57855575604869,71.57204681192573,75.7867088359205,67.391904802798,2.144521842058965,76.16313378947738,76.17304583817446,78.2237409357728,74.06174682318054,1.0665840369530422,-4.5845780334286985,-2.4370320998522885,-6.669842020382546,300,273,254
2025,20242025,7,Alcorn State,SWAC,32,11,21,1285,63.3,41.1,1833,754,45.0,1295,583,31.8,538,171,71.7,561,402,1077,707,370,29,415,0,7,545,310,421,908,2081,30.6,34.4,0.2,45.8,44.8,1795,805,54.0,986,532,33.7,809,273,72.5,585,424,1090,747,343,21,389,0,4,503,364,498,966,2307,32.6,31.5,0.19,52.5,67.80334911898527,11.91531821088736,53.1182190918996,3.756100483326111,6.883683645059912,43.04472185402413,48.6829692108414,33.32613727505566,71.59649144843114,9.645656803774868,12.963670844900133,9.975088156212381,13.182290113088934,30.495202306021447,1.0045938792015987,15.207824409377693,57.83668324943869,3.4843669608500782,7.356556255680977,47.96790357532924,56.19044343827719,33.32423275926036,72.22292929468439,21.443015349835605,12.428111923986513,13.436202596091245,14.94704948525635,37.958527930693734,1.1372792450698688,68.1148295143017,77.11134169924831,66.70012427445295,66.72496854340261,70.86022977867175,62.44629316179051,2.1592678165219925,78.43864718501453,78.43855435322885,80.57499732754711,76.30997059176046,1.0866741583964936,-11.738522910561585,-9.714767548875358,-13.863677429969954,359,356,322
2025,20242025,8,American University,Patriot,35,22,13,1420,63.6,44.4,1893,840,52.3,1034,541,34.8,859,299,75.4,566,427,1057,787,270,31,389,0,4,626,311,503,966,2406,29.9,25.5,0.17,52.3,45.7,1863,852,52.5,1211,636,33.1,652,216,70.0,643,450,1129,834,295,24,418,0,4,548,244,455,1132,2370,34.5,26.1,0.18,51.5,67.10322265751768,12.749071219451757,55.58108488116471,3.1857287499336624,6.187968129521683,44.202913570757154,52.83863110778017,33.505518559678414,73.46860255210753,9.495878676537604,10.776095990770228,10.003758379960404,13.758283304315787,30.835043243921845,1.08673182545457,13.556132424904629,57.64539515667826,1.8801058702584506,7.13839673184661,46.80269520283709,53.855455123390456,34.122617721438644,72.22418776152605,21.98796331614002,12.561227301317267,8.607690181718425,12.397902005318526,32.14718068076181,1.0910182568407045,72.92320765248864,73.2108410121986,72.43654732688725,72.44479209120024,76.61719937783455,68.24188815312587,2.1326469432912516,72.75389143164249,72.75378400851326,74.86947653264603,70.64721497987696,1.0799047715147956,-0.3173441047552359,1.7477228451885196,-2.405326826751093,178,245,117
2025,20242025,9,App State,Sun Belt,31,17,14,1245,57.9,43.7,1690,738,50.1,994,498,34.5,696,240,65.1,593,386,1144,841,303,15,335,0,1,414,184,326,906,2102,35.1,26.5,0.19,50.8,39.1,1861,728,45.3,1132,513,29.5,729,215,73.5,407,299,1113,773,340,14,294,0,1,522,188,325,872,1970,21.9,30.5,0.16,44.9,63.71086893688577,11.873592675978841,54.035667484011114,2.910650948052135,5.4594241747593575,43.556520106916835,53.61118518563379,32.33426363085422,67.52552875013248,11.176277307385377,10.220606651871694,8.669463464407947,11.566622705950206,30.080683608823843,1.0849833765248644,12.252196851344511,52.86762243027838,3.411548159544588,5.087937672396392,42.15637256171112,48.44965661689966,33.30739488956549,72.22108338630036,25.627154964925232,9.557012638600007,8.194473973422022,12.25632691162897,27.448300663074654,1.0638259165204846,69.12523370047542,67.77727353909897,72.4420983111732,72.43482644030308,76.68597061987015,68.15147803229785,2.1831164586153955,69.14493236909946,69.14713382454599,71.24986855054082,67.0440397674924,1.0753685815040144,3.2971659420737325,5.436102069329323,1.1074382648054524,80,244,25
2025,20242025,11,Arizona,Big 12,37,24,13,1490,69.8,47.4,2268,1076,54.7,1481,810,33.8,787,266,78.0,813,634,1470,1014,456,8,421,0,11,625,509,512,1446,3052,35.8,31.0,0.16,53.3,41.9,2274,953,47.5,1335,634,34.0,939,319,71.7,678,486,1202,810,392,23,426,0,12,659,325,485,1060,2711,29.8,32.6,0.16,48.9,69.39712112114694,15.945859999812361,58.38192237619178,3.6521606697356837,6.286552702038314,48.58002182734603,54.06301272904578,35.00469778083446,72.53535811861076,12.538413482835223,11.021386063480026,13.79976631840851,14.407439485955747,40.86029082955455,1.1817872063638328,12.789249426214164,51.12507351694952,3.9972695608553543,7.181481223778023,40.97051805716448,46.56518399094728,32.89574949035303,72.22215014183024,28.506987133878745,11.609063348681111,8.842984696310019,11.972907173414125,28.045975969547374,1.0026458360429038,82.01262989945278,69.58073452548302,81.41254288920919,81.42169910869379,85.65427948250047,77.19631787047449,2.1657335611431354,71.11860937189157,71.12827031410973,73.2277259464499,68.97177234785526,1.0847331370792408,10.293933517317626,12.426553536050577,8.224545522619223,12,12,60
2025,20242025,10,Arizona State,Big 12,33,13,20,1335,65.0,43.9,1892,830,50.0,1086,543,35.6,806,287,72.6,685,497,1122,833,289,15,411,0,28,570,382,418,910,2444,36.2,25.8,0.19,51.5,44.1,2024,893,51.7,1209,625,32.9,815,268,75.4,635,479,1226,864,362,19,377,0,20,598,426,492,1102,2533,31.4,29.5,0.17,50.7,70.12453992831317,13.643902445967361,56.000198557785524,3.4236625948228037,7.173930514618393,44.72404877725046,51.66707975758353,33.53791353720283,73.97389467751346,10.315074791587099,11.969073208502374,11.963773493110999,14.406320974762654,31.640214744040154,1.0853696959431351,14.955581252020549,56.48873815398293,4.303332181022112,6.898409497948623,45.4115245571186,52.40462248256079,34.23810656819846,72.23295467885434,23.163649105533974,12.756906987369156,12.444643424263894,14.304940973912698,33.346698827397944,1.1120258874841196,76.1110505801455,77.98030374819803,75.06282637699417,75.07775755217351,79.2340709080586,70.85087506074042,2.1287921384565225,77.37886974784351,77.3807877512488,79.49419254366154,75.2704162535178,1.073821386340154,-2.316043370849343,-0.26012163560294255,-4.419541192777373,243,134,298
2025,20242025,12,Arkansas,SEC,36,22,14,1450,69.6,46.2,2115,978,54.1,1341,725,32.7,774,253,73.9,752,556,1283,940,343,8,415,0,7,584,440,508,1258,2765,35.6,26.7,0.16,52.2,41.5,2208,916,47.9,1350,647,31.4,858,269,73.0,644,470,1280,878,402,20,440,0,5,626,303,442,1150,2571,29.2,31.4,0.17,47.6,72.06821586473387,16.47447725132653,58.98075405217352,3.0013222003180178,5.3700119850046395,48.523873548528044,54.930114481355936,35.76946899813794,74.04434259207805,10.876467692026026,9.52877203994721,17.36195173087906,14.232289239056355,41.21074520581672,1.2054385148737756,14.67698472174579,55.744881555182474,4.7618355781665285,7.187222450622585,45.82304280261091,54.15337410972633,33.3661410124501,72.2272965729708,24.79724267456481,11.460593370569073,10.558830513629074,11.165757681465312,38.514380833673364,1.1119564085904157,86.87380310158747,80.13671448646829,81.04312045210915,81.03753602824511,85.26411507271169,76.81082116202637,2.1623162639526865,78.55903113788504,78.5636007707504,80.71033097147516,76.41951394851048,1.0953756336028142,2.484089314224107,4.5537841012365305,0.39130721351588704,103,15,324
2025,20242025,13,Arkansas State,Sun Belt,36,25,11,1450,65.3,42.6,2313,986,51.0,1269,647,32.5,1044,339,72.7,752,547,1466,985,481,25,376,0,7,659,415,514,1218,2858,32.5,32.8,0.16,50.0,40.5,2156,873,45.9,1414,649,30.2,742,224,70.4,793,558,1361,934,427,23,435,0,11,600,299,401,1060,2528,36.8,31.4,0.18,45.7,72.99720955987898,15.051268371890963,56.24752364742017,3.375761660583673,8.222043019590188,44.5804623488246,53.21942780091284,33.14350467896425,72.77918200182106,13.53776395121768,13.883657683695391,11.15593696697632,12.423287327753618,34.67045019957342,1.1109953176068712,13.765718136125257,54.90923085444021,2.90574867369647,7.098937029559054,44.18916857541075,51.21661786533547,33.4389893877894,72.2203573283484,26.621937570847127,11.164233748651924,10.402498469792587,15.949450771704777,32.22979343190563,1.0717579432998443,81.09955801939309,78.23533918452362,79.11563697418447,79.10516622920878,83.37197755392623,74.8583500359564,2.1772799173134163,75.71812279287447,75.7188084222937,77.82590018736623,73.59719022445339,1.0782760281847772,3.397514181310001,5.546077366559999,1.2611598115030205,77,35,232
2025,20242025,14,Arkansas-Pine Bluff,SWAC,31,6,25,1240,67.1,45.4,1838,834,53.3,1142,609,32.3,696,225,59.3,589,349,1051,745,306,12,449,0,5,588,220,408,1166,2242,32.0,29.1,0.22,51.5,47.4,1888,894,57.1,1047,598,35.2,841,296,68.2,759,518,1192,830,362,10,385,0,6,505,321,543,1104,2602,40.2,30.4,0.19,55.2,70.98768966187635,14.073447765174423,55.83331023539484,3.141726030981024,7.2606410709134055,44.49651961028141,50.65275975319437,34.11869199363245,74.37031636394923,10.042781094448499,12.846899239202815,10.035048814678,12.950433771064308,32.04494399069574,1.0690334440056861,14.366258684964173,56.90744307968283,3.0669126748902693,6.842253344603556,45.74156809599395,53.575146270715905,33.2131337966519,72.23572266139473,22.86039165676069,11.846507749648293,8.580240199679059,16.101405567755037,34.27118887096013,1.1275824500846823,75.8882143612425,80.0444730347896,73.61286142009713,73.60210662084438,77.83750564476033,69.39578197322058,2.1540467844646676,77.50581982264862,77.51167765421117,79.63029108806629,75.37855000862133,1.0814296764516524,-3.8929584025514856,-1.7927854433059593,-5.982768035400753,284,191,301
2025,20242025,15,Army,Patriot,33,17,16,1350,67.3,43.7,2042,892,52.6,1172,616,31.7,870,276,68.1,523,356,1155,819,336,19,331,0,4,514,314,429,1118,2416,25.6,29.1,0.15,50.4,45.8,1986,910,54.2,1154,626,34.1,832,284,70.0,527,369,1228,896,332,21,382,0,5,511,269,343,1072,2473,26.5,27.0,0.17,53.0,67.3671524960109,14.316198688861222,53.5264544532313,3.2141491542862246,6.946191483848137,41.97622983831628,51.02672458684935,33.099670364424014,72.23346352321155,10.942717782791203,11.751883240527762,7.350875219376171,12.161324345376677,27.73775976875375,1.0495315595224342,14.267606007408608,58.45548973136498,1.9300799380604412,5.66457945485989,47.10780087062468,55.62561638564656,34.454042048449786,72.23340722243967,23.50376720410409,10.797490977720365,10.308058876576485,14.319196345406471,33.031952338332346,1.1439586232665868,70.70395261972396,77.06523502272684,71.65911184397063,71.66742274066415,75.9335987524429,67.35845855797555,2.1841918637491307,77.6437398287422,77.64104219236498,79.77480737500169,75.54433342856142,1.0723289211401037,-5.9846279847715635,-3.8412086225587814,-8.185874870585863,321,271,306
2025,20242025,16,Auburn,SEC,38,32,6,1525,68.0,47.6,2344,1116,55.7,1388,773,35.9,956,343,72.7,795,578,1423,974,449,14,359,0,13,703,367,577,1340,3153,33.9,31.6,0.14,54.9,40.8,2192,894,46.8,1418,663,29.8,774,231,73.0,848,619,1276,865,411,33,458,0,7,673,351,428,1172,2638,38.7,32.2,0.18,46.1,68.55138193867575,13.022035990090554,57.50191056546274,4.065142712147033,6.492234749295085,45.783663015653836,53.63841451931835,34.06244397370204,73.67683819743571,12.506703818619869,10.487000784470176,11.403135601364374,13.988768118989464,34.05112043515791,1.181090170259976,14.289369807423686,57.47046812207513,3.935988164978219,7.257574733748425,46.1428924274398,52.765581209053884,34.90383225592557,72.23601503542707,23.25220345524901,11.358040450611185,10.776773502189068,12.948184065705513,33.40936100697811,1.1374709155603449,80.96536336550719,77.97520317671238,80.57899918919323,80.58842520901912,84.83229541317895,76.32418798632803,2.163534692528953,77.69221166008245,77.7013923649097,79.77657837192731,75.58934886669743,1.0660855680112495,2.8867875291107765,5.05571704125164,0.7348391196305926,89,21,308
2025,20242025,17,Austin Peay,ASUN,33,14,19,1335,59.1,42.2,1980,836,47.5,1170,556,34.6,810,280,71.9,570,410,1085,759,326,22,327,0,6,589,284,470,1034,2362,28.8,30.0,0.17,49.3,46.5,1867,868,51.6,1191,615,37.4,676,253,72.7,664,483,1233,894,339,22,390,0,3,486,329,399,1156,2472,35.6,27.5,0.2,53.3,69.35305158877311,15.179775547584669,57.12995358387932,3.2293911226007808,6.517437954161533,46.07164372993932,53.01357631808159,34.5314065418836,72.7076027868749,10.422643111506826,10.983569990745599,11.668287194607151,14.689466997134161,35.48059996868851,1.1286914455203567,13.699938138262688,55.62714844749537,2.511845827492767,7.995699487179664,45.22328205923554,53.46623794455249,33.42971829768579,72.22131784215898,24.52341331946835,12.445616433753003,10.082436156361583,12.450607889050124,33.50297001183504,1.0704766953276263,78.27819604898019,74.24082547563623,77.83071719855046,77.82830422612938,82.02756353540968,73.6485542893981,2.1430319598441745,73.8450595233156,73.84666058751827,75.94343617075411,71.7451700579113,1.0709470636188376,3.9856576752348616,6.084127364655572,1.903384231486811,68,56,162
2025,20242025,18,BYU,Big 12,36,26,10,1465,65.8,48.2,2106,1015,58.4,1101,643,37.0,1005,372,71.0,632,449,1313,921,392,22,422,1,12,568,345,503,1192,2931,30.0,29.9,0.17,57.0,43.2,2048,885,49.6,1094,543,35.8,954,342,72.0,604,435,1109,783,326,16,409,0,14,595,298,531,888,2612,29.5,29.4,0.17,51.6,70.35692049213836,12.979482974785656,57.40193829945244,3.2236273372782223,6.401195301230953,46.52287621366452,55.11342415088096,33.89422628667467,73.9580365199709,11.810805821498008,11.04466522288338,12.427044490906194,13.716172448530159,36.39321858808551,1.161593273233428,14.886242172962744,55.3052272808395,4.10871428847817,6.937323675788771,45.035565081944334,51.10299809351876,34.4580247302083,72.21072285361848,25.355896622607613,11.439770504682452,9.671523443006892,12.278332579094354,31.980801648821537,1.0896144914732786,81.72612556908705,76.66192014366723,77.43728259005947,77.45699501484114,81.62984627418844,73.21783469399729,2.148444109825451,76.37715341942481,76.37832100960185,78.51789689770273,74.27956171248354,1.0803668380446652,1.060129170634653,3.111949376485711,-1.061727018486252,148,64,257
2025,20242025,19,Ball State,MAC,31,14,17,1250,63.8,45.5,1718,781,52.0,1077,560,34.5,641,221,70.4,785,553,1101,809,292,15,363,0,10,508,230,352,1012,2336,45.7,26.5,0.18,51.9,44.4,1867,829,53.4,1117,596,31.1,750,233,72.5,564,409,1062,764,298,19,313,0,4,619,315,425,1012,2300,30.2,28.1,0.16,50.6,65.17244230885952,12.407875626498667,52.47856455984573,3.5204686742899525,5.664507500876027,42.116320744114155,48.191751851377795,32.573817269668204,71.52088734948839,10.066789252303654,10.916614586921103,7.733537304871298,12.673477365858254,30.28059722893776,1.024215402636716,13.390602642692885,56.59617568951185,2.7280167879661152,7.314710606948893,45.2373678028965,52.87507489513193,34.06003276195944,72.24071730835603,22.437189126150255,12.243000111328712,8.25322489770259,12.171488301135721,30.456126317444994,1.087439590573891,66.7506192401867,70.87109398104673,68.70938676048233,68.69782631571276,72.98040165387879,64.45893004087854,2.164910794268183,71.48124420043854,71.47388967631034,73.59159266649571,69.43072073253937,1.0666553119029274,-2.7718574399562073,-0.6111910126169278,-4.9717906916608285,255,342,74
2025,20242025,20,Baylor,Big 12,35,20,15,1425,65.3,44.5,2125,946,51.0,1279,652,34.8,846,294,74.7,640,478,1256,802,454,24,378,0,2,571,351,532,1180,2664,30.1,36.1,0.16,51.4,44.0,1938,853,50.0,1140,570,35.5,798,283,70.3,646,454,1137,788,349,17,440,0,6,584,327,414,986,2443,33.3,30.7,0.19,51.3,69.17391413231422,14.560187966435233,56.8109067272651,3.3082596849003196,6.7025813686565145,46.19967312835473,54.30775480018647,33.88464456725183,73.19975483086529,12.20145209942566,11.34697223279901,10.84988958389766,12.860530061078116,35.575166544563565,1.152621999138433,13.727425401020007,56.45251568726431,3.7534862006414476,6.341181404682196,46.274133118518506,52.96727527854908,34.13499044652153,72.23568010385958,23.759713207261655,11.038021431772876,11.139183237948806,14.129216064951619,35.08431873838902,1.1171456896474627,79.73137519541832,77.27734000895855,78.08504198598717,78.08859507601673,82.32636663032005,73.8951823297539,2.1431373926898405,76.38458234182539,76.38717109661113,78.47012090485788,74.29786829632721,1.059612074072537,1.700459644161782,3.8562457254621734,-0.40268596657331557,127,53,258
2025,20242025,21,Bellarmine,ASUN,31,5,26,1250,60.5,46.7,1743,814,55.1,967,533,36.2,776,281,77.3,444,343,908,703,205,36,370,0,7,527,268,385,1032,2252,25.5,22.6,0.2,54.8,48.1,1781,857,56.4,954,538,38.6,827,319,75.5,597,451,1046,763,283,18,320,0,3,461,282,455,988,2484,33.5,27.1,0.17,57.1,67.27951928219414,14.71259470345667,61.31925326334668,3.068209452031403,6.195709665768525,49.693185645901295,58.78923206789228,35.676359125750224,76.56171388470607,7.253019018583064,10.576659076709513,7.79884021515245,12.728871754767356,36.44069600642156,1.1728687916608056,16.78498662021661,60.42836006350821,2.102791335251453,6.020750303991198,48.143464675656475,56.66903588395373,35.9893900779498,72.22720013586095,21.654337471502583,10.436055976449259,9.212070232657863,13.269551370756478,31.370512126891033,1.209158716664852,78.91004848402692,81.35161719308604,77.98656372233667,77.99234623403288,82.27688611935659,73.68958900752624,2.1766491989695034,80.62891846494081,80.62689936279072,82.752770606577,78.49231038584074,1.0860697859224704,-2.642354742604141,-0.4758844872204122,-4.8027213783145015,252,54,354
2025,20242025,22,Belmont,MVC,33,22,11,1325,66.0,46.5,2033,945,53.0,1128,598,38.3,905,347,71.9,530,381,1142,825,317,16,371,0,0,515,280,461,1070,2618,26.1,27.8,0.17,55.0,45.9,1997,917,54.5,1132,617,34.7,865,300,72.6,544,395,1185,848,337,17,409,0,4,517,209,413,1132,2529,27.2,28.4,0.19,53.4,69.17606912825308,17.589232506999846,61.093547541794265,3.0939605135731183,6.790222166653762,49.699437934759786,58.513310158126174,37.12700684391841,69.85386877150314,9.224275338694675,12.532706375907328,8.0331489668427,14.633628103974655,35.25074911856916,1.1703823153428123,13.434794034521392,54.78167102924837,3.423317508669873,6.117372016614622,42.75865206328025,49.577843035293974,33.960151813701316,72.23503630059557,25.954797838656287,12.186816883929511,7.964068824458613,14.279915469918086,26.914309706356455,1.0614205270307597,80.96244795263928,73.42489975202665,80.3353609961398,80.31445250761524,84.6451071482493,76.08196919027836,2.207629380343224,73.92051281328172,73.92498674570652,76.05177721882266,71.78598697346195,1.0765615251043867,6.41484818285808,8.59332992942663,4.295982216816412,33,24,167
2025,20242025,23,Bethune-Cookman,SWAC,33,17,16,1320,68.8,42.8,1870,800,48.4,1236,598,31.9,634,202,69.0,671,463,1175,841,334,28,448,0,22,531,365,410,998,2265,35.9,28.4,0.2,48.2,43.0,1968,846,49.8,1242,619,31.3,726,227,72.5,637,462,1185,824,361,20,384,0,16,582,423,503,1092,2381,32.4,30.5,0.17,48.8,70.31037431888852,13.526714850827268,55.8376520053144,2.9850181623279632,7.738290351134906,46.103146781952255,52.21242645805482,33.169434793602775,70.80203550303843,10.393679406414414,13.156286776943123,14.220224495712547,13.4677481585554,35.719637942792886,1.0676131590301754,12.902681280777829,54.53337561013308,4.297343808080581,6.75251896615615,44.41803807393529,50.413355620744404,33.40316795415613,72.21899866804716,24.96956831151757,11.473766364339635,10.979919211822041,15.132955133156546,35.33167567172688,1.0836640189291515,75.06428083918269,76.19282280681973,74.41657447562868,74.39938236692873,78.64767096501633,70.18243568450654,2.1550580886789796,75.36804643479691,75.3729240501691,77.46366898035583,73.2808779698415,1.0648117450848105,-0.9514719591682308,1.1840019846604974,-3.0984422853349542,201,161,220
2025,20242025,24,Binghamton,Am. East,32,15,17,1295,64.1,46.1,1735,800,52.0,1102,573,35.9,633,227,69.3,583,404,1148,864,284,20,430,0,4,525,239,332,1086,2233,33.6,24.7,0.21,52.7,42.6,1895,808,50.3,1149,578,30.8,746,230,71.5,613,438,1053,745,308,12,289,0,6,517,352,511,1020,2287,32.3,29.2,0.14,48.7,65.1617365676523,11.685790742628711,55.7299296048623,3.18452284825924,7.03525256770054,45.04250694370608,51.35678013246049,33.71938926380777,73.26985345589043,7.513835630699322,12.30739339173265,7.3085208714843,11.39387147035237,31.75851847502686,1.031034211155128,13.410894216319912,57.046104560837506,2.9827562075127014,5.399588365471017,46.66494665189954,53.60667191473682,34.72283742342777,72.22036193923701,24.01507116226689,9.501771245707435,10.022283605371594,13.786756594040817,34.512036837253135,1.1417243150439802,67.18397965952765,74.3967390497791,69.20507820541799,69.19043490099118,73.43189624832343,64.97776919013124,2.1484387829534914,76.151987862485,76.1525017428294,78.27836894359356,74.02144971664539,1.0750209103157244,-6.94690965706701,-4.846472695270137,-9.043680526514152,333,335,253
2025,20242025,25,Boise State,Mountain West,37,27,10,1485,65.1,46.5,2064,959,56.7,1197,679,32.3,867,280,77.9,788,614,1343,954,389,38,406,0,2,591,282,461,1262,2814,38.2,29.0,0.17,53.2,43.5,2045,890,49.1,1279,628,34.2,766,262,68.8,618,425,1058,783,275,22,404,0,1,673,277,411,1068,2467,30.2,26.0,0.17,49.9,66.0404715995945,12.529006782153909,57.17584891948544,3.229081941023437,6.09181838231951,44.70917220891891,52.168228456550764,34.01425071577563,76.66459972319333,10.567713679730975,11.549513149953368,7.825706712307252,11.911430983331678,30.58404899695446,1.1374593506643558,12.335478595607034,56.07098996343063,2.3592008129797173,5.076356257999619,46.00567490274658,52.881561200995016,34.03182060753354,72.22154942105246,24.590719371651517,10.288026649364669,9.795224433859778,14.090686258456843,32.04835843335629,1.0937027269935635,75.11835194324259,72.22864388041748,76.37205996370258,76.37994155034481,80.62252302774831,72.13083530142008,2.158286554747037,73.15421803455155,73.14858762351608,75.26172079941851,71.05707633219455,1.0708135742815446,3.217841929151035,5.360802228329803,1.0737589692255227,82,95,131
2025,20242025,26,Boston College,ACC,31,12,19,1275,66.1,43.2,1811,783,47.5,1214,577,34.5,597,206,71.9,570,410,1065,747,318,18,368,0,5,572,190,342,974,2182,31.5,29.9,0.17,48.9,45.6,1802,821,51.3,1155,593,35.2,647,228,71.7,668,479,1105,785,320,10,330,0,6,519,224,419,1048,2349,37.1,29.0,0.16,51.9,66.95723269774552,11.830104630481486,51.753514913898506,3.363026099528117,6.308641475896101,42.08871540275938,50.41950498239945,31.508831214337565,66.9389299658565,10.69450704179207,10.470492085114014,6.742675979570986,10.593983327330635,28.85560590486438,1.0152899960173514,12.736423701101227,53.926115715764226,3.9031984861342877,5.270432799081604,43.78134224945213,50.76645234594442,33.452829939736134,72.20466232295767,25.362999185872845,10.268330753941704,9.003401603737604,11.21928054699145,31.597950924999708,1.0680670834476313,67.98100851902693,71.51481624320544,69.2339495661341,69.2193804144888,73.48180535001208,64.96687325209382,2.1704969376067265,71.28466265469041,71.27911389405483,73.3961284775966,69.19310545717411,1.0742979981480238,-2.050713088556307,0.08567687241547617,-4.226232205080294,235,333,65
2025,20242025,27,Boston University,Patriot,32,16,16,1300,63.3,43.8,1752,768,51.2,1012,518,33.8,740,250,66.3,546,362,1125,776,349,24,423,0,4,516,168,339,894,2148,31.2,31.0,0.21,51.0,44.9,1707,766,50.8,1011,514,36.2,696,252,74.8,544,407,949,715,234,18,349,0,4,516,262,456,854,2191,31.9,24.7,0.17,52.3,63.954556385834195,14.131449603210166,59.690370203833496,2.904116842295891,6.896024383263104,48.25598535129132,56.28973699095216,36.282228415851996,72.14227041419763,8.852813756949,11.512127860156978,6.1146564187374945,11.546650232046172,30.65432209641062,1.141051738707885,13.098760837796737,56.566168695060526,3.333567312330602,5.158409059735772,45.855852018762384,52.51644157436355,34.717148332946095,72.23014942446048,23.874121067023207,9.173759608868618,8.084618578395519,13.53815132496588,30.666844548002903,1.1325131821133507,72.97545776234757,72.4293781631688,77.0877072646741,77.07386601827201,81.36422027210662,72.82560216151137,2.1683060706153277,74.04629439662358,74.05637001200681,76.13691747983043,71.93766624426138,1.0715387948404782,3.0414128680505144,5.227302792276191,0.8879359172499903,85,72,171
2025,20242025,28,Bowling Green,MAC,32,14,18,1280,67.5,44.4,1740,773,51.0,1045,533,34.5,695,240,74.3,588,437,1027,747,280,24,369,0,5,529,314,393,952,2352,33.8,27.3,0.17,51.3,44.9,1748,785,54.6,987,539,32.3,761,246,77.8,531,413,1037,760,277,12,372,0,5,505,271,431,920,2366,30.4,26.7,0.17,51.9,69.62043933130299,13.079263451361705,55.94559190654532,3.6089114311009927,6.429122237125864,45.633993576132696,51.95651352672794,34.06793042703782,72.36094845739596,10.136055821614258,11.73327939452831,14.04576922898324,14.552340417975246,36.21918965777046,1.0887149571145471,13.17243018798055,55.43610865011951,3.435338186810757,7.877707197114951,44.33392853653094,52.2111696861782,33.73891603837807,72.22312465131004,24.81536045038222,12.76417289746604,10.392198163908075,12.412529171739193,30.339028861711324,1.0490522500306498,75.79681362087547,73.03547852862575,72.9735594984886,72.95978413698762,77.13715741693957,68.82765697895339,2.1208397619792074,72.17012438920972,72.16083004551572,74.26436852979393,70.07578723693058,1.0650496775852363,0.8034351092788796,2.8727888871456457,-1.248130257977195,150,230,96
2025,20242025,29,Bradley,MVC,37,28,9,1500,66.1,48.3,2056,993,54.7,1169,640,39.8,887,353,74.7,648,484,1272,967,305,17,427,0,6,619,353,506,1042,2823,31.5,24.0,0.17,56.9,40.5,2113,856,46.8,1214,568,32.0,899,288,72.9,734,535,1223,845,378,23,412,0,3,633,290,461,1008,2535,34.7,30.9,0.17,47.3,67.46376434630338,13.287061066967505,55.60552617514924,3.240412182026209,5.451030070232842,44.00793295537835,49.587254014259564,34.65600708512088,73.16839272332061,10.098851205842154,10.203767719933218,9.311441298046276,14.134112344552488,30.330624890903536,1.098691836689385,13.881297556672799,56.82650323872983,3.19186782551844,7.2853672114356565,45.733428560729905,52.11122740039223,34.809492174691165,72.22107051572559,24.003796669530345,12.987141692394488,8.299366738962473,11.240157144075024,30.232344239004398,1.078620643773092,74.1218871596199,72.76780893056592,74.42118523379932,74.42562807352257,78.6090009386146,70.22093290167405,2.1476766573603796,74.99572145010924,74.99564859487148,77.09585564860465,72.8595098045522,1.0746051226947433,-0.574536216309923,1.5131452900099447,-2.6385769028781567,190,160,210
2025,20242025,30,Brown,Ivy,27,14,13,1095,64.4,44.9,1611,723,52.7,953,502,33.6,658,221,63.2,448,283,978,683,295,16,313,0,3,426,293,289,900,1950,27.8,30.2,0.18,51.7,43.0,1625,698,49.0,1015,497,33.0,610,201,70.7,475,336,964,664,300,20,294,0,2,387,188,360,832,1933,29.2,31.1,0.17,49.1,67.18987636790516,14.572108102234099,53.33123325962564,3.378922879614692,7.301616699862985,43.97331868689908,51.4594864634065,32.06761385173476,70.25304644630955,10.382679240661561,12.801103302597559,9.0715806510052,13.094289380148675,33.24164908069722,1.0187319137200517,13.50158758895149,56.102864662783794,3.6828246312709845,7.206156941071333,44.49678951083343,52.83029636990069,33.51321063606293,72.23324496842952,23.67301964058495,12.460285135615557,10.001899978640145,13.973408190161837,28.878415563376887,1.0756001855436776,68.44847133488969,72.26944348797555,70.25530544694264,70.25421672339293,74.46653373835521,66.02920949543174,2.154706238778295,72.97034039131142,72.97450324071838,75.073872745472,70.87785491638294,1.0696899808474465,-2.7150349443687816,-0.6073390071167921,-4.8486454209512,254,317,125
2025,20242025,31,Bryant,Am. East,35,23,12,1405,70.6,45.4,2231,1013,52.0,1440,749,33.4,791,264,71.2,653,465,1387,937,450,12,402,0,26,546,382,469,1346,2860,29.3,32.4,0.16,51.3,41.9,2178,912,47.1,1402,661,32.3,776,251,71.5,643,460,1254,864,390,20,410,0,16,583,356,419,1132,2598,29.5,31.1,0.17,47.6,64.45477669291056,12.0267269630621,52.9160044922717,2.7742940496294644,7.515564929994543,41.43080776848665,49.64492363570905,32.29611002035897,74.80395303735357,9.884357012634627,12.76670973196209,6.149158891428865,10.967518312498028,26.278696031410508,1.0031842753772606,13.404169510263678,56.01615480931352,3.8496115147781023,6.0939484405736914,45.79414049863928,51.71171634082047,34.66376970473016,72.22387672204592,23.250313819697606,10.047170259261822,9.541445847545758,14.010957719373913,34.08649333224997,1.114096755936794,64.66001845128062,71.80885761820213,67.9126158709004,67.91438078278136,72.18061920612011,63.67693092487367,2.171432436837898,72.90186617127458,72.89489344214809,75.02927906887749,70.8423254728847,1.0742269292948672,-4.989250300374181,-2.8486598627573727,-7.165394548011022,304,348,122
2025,20242025,32,Bucknell,Patriot,33,18,15,1380,64.5,46.6,1850,862,54.4,1091,594,35.3,759,268,66.4,679,451,1117,836,281,27,433,0,3,588,226,419,1120,2443,36.7,25.2,0.2,53.8,43.2,1934,836,49.0,1148,563,34.7,786,273,68.6,684,469,1125,800,325,24,395,0,6,605,197,486,934,2414,35.4,28.9,0.18,50.3,66.24925666767462,12.9565519901432,53.67350816630867,3.5319711395275126,7.264728579255632,42.74055613625066,50.716448340675406,32.364871232163594,74.57501432759798,9.542215742138971,12.594495603430687,7.401230199145086,12.913675020222211,29.540972677892782,1.021011034120131,15.52046415957799,57.80943387216929,2.150188062989816,7.04670771689812,45.83610156337432,53.26535966386306,34.738878148868054,72.23296671135483,22.71410368882852,11.996989623549684,8.890462015908465,14.44484734893487,29.276416295762385,1.1216561139686736,67.64122205995244,74.30888378717715,68.88595737587214,68.89354033814513,73.13369112404737,64.60953605842698,2.1641752903856712,75.55575754124648,75.56208072984748,77.67278062259625,73.45480612076211,1.0725831764290852,-6.66980016537434,-4.539089498548876,-8.845270062335132,330,338,226
2025,20242025,33,Buffalo,MAC,31,9,22,1240,70.5,42.6,1821,776,52.3,1020,533,30.3,801,243,70.0,616,431,1069,783,286,11,451,0,3,516,384,373,1024,2226,33.8,26.8,0.21,49.3,47.0,1947,916,53.1,1238,657,36.5,709,259,72.1,578,417,1199,855,344,18,389,0,9,534,420,524,1162,2508,29.7,28.7,0.18,53.7,67.35659032185195,13.745927136141267,58.505937934597284,2.7864761267533487,6.620111221547194,46.30708443113725,53.436507710593446,35.9332355453851,72.80899813249749,9.308183140745193,11.09161756857513,10.822647977578251,13.776763516508426,29.67699280979343,1.134281832992442,15.669475781613276,57.612806048627505,2.9033096766806192,7.333603337365366,46.81550603652649,55.14180497639916,34.075921339981825,72.23056996118335,22.8281081057308,12.018716680757908,11.172097905746824,13.19356083175051,33.80264244965691,1.1219666267297554,76.40135673439121,75.57184643142632,77.49559275976775,77.50876062677257,81.75442413242862,73.1733608883711,2.1766286877708017,76.8987798949892,76.9037417078182,78.96061801635524,74.81025458679994,1.069749036498007,0.596812864778542,2.793806116073384,-1.6368936984288354,157,61,277
2025,20242025,34,Butler,Big East,35,15,20,1405,65.1,46.0,1944,894,52.4,1136,595,37.0,808,299,74.0,715,529,1220,924,296,19,384,0,2,477,196,299,1038,2616,36.8,24.3,0.17,53.7,44.2,2252,995,51.5,1416,729,31.8,836,266,75.4,480,362,1214,838,376,10,271,0,2,625,344,443,1282,2620,21.3,31.0,0.12,50.1,69.35744362915126,15.095702834482218,55.54389440025909,4.172207132011797,6.754005928760807,45.04303607539429,52.006968778622856,33.32947558254503,72.45089525203184,11.982532858824372,11.501955330733844,11.480944557925202,12.603931587878556,35.99933692245749,1.1128121280340832,15.218150589877737,55.30480388249629,3.2338205809533407,6.504676591425238,45.53232163369051,53.14687197740207,33.70493596640696,72.22626118588936,25.079746125436504,10.894577165907965,11.098950114389348,13.815427360240948,36.80611589290254,1.103215913012117,77.18180443995979,76.51623549752055,76.92517236135687,76.91144919467783,81.17328414913403,72.64958857525392,2.1748387719150233,76.49555929723412,76.49892169622073,78.56972025252784,74.39563978521059,1.065113155253607,0.4296130641227478,2.6035638966061896,-1.7460512099566756,163,80,262
2025,20242025,35,Cal Poly,Big West,35,16,19,1420,74.6,46.2,2187,1011,56.7,1073,608,36.2,1114,403,76.6,585,448,1221,869,352,12,550,0,12,631,528,563,1140,2873,26.7,28.8,0.21,55.4,45.9,2242,1029,53.8,1347,725,34.0,895,304,75.7,712,539,1324,903,421,30,501,0,7,593,441,619,1226,2901,31.8,31.8,0.19,52.7,74.75136037716653,13.525347698012471,56.57964452272049,3.3338373356683557,6.9937542425887385,43.58619919948216,53.755993408311795,33.480737294758605,76.23305555206655,11.213352903969778,14.42073566450133,12.615570468200799,13.94658275736371,31.898589478439206,1.0859504865081362,15.268083880719605,56.77685582096095,2.4793477128786856,6.507779375386385,45.982195458280735,53.86067304351951,33.94014099802044,72.22659625910417,26.06444075564518,12.374712959350756,12.679429674843913,15.924546228693199,35.700393607428055,1.1157896947308625,81.17627616872902,83.40679757595534,73.22076678049336,73.20470542150036,77.56836394937254,68.84160370980018,2.2264606953406916,82.01877252320988,82.02265074570332,84.12149656642455,79.89056812826702,1.0782987736842278,-8.798005742716512,-6.5531326170520146,-11.048964418466838,346,215,361
2025,20242025,36,Cal State Bakersfield,Big West,33,14,19,1330,64.9,43.8,1944,851,46.2,1371,633,38.0,573,218,77.2,666,514,1173,750,423,28,416,0,11,671,295,486,872,2434,34.3,36.1,0.19,49.4,45.6,1750,798,53.6,1023,548,34.4,727,250,74.7,782,584,1040,731,309,15,430,0,8,617,326,465,944,2430,44.7,29.7,0.2,52.7,72.29558217205636,11.33104058690406,52.897106140766226,3.604999441307385,7.29218399861762,42.590302790601115,48.476769764993634,31.20093442848534,72.78561526936465,11.217086096559214,13.325030785019562,11.237644683894494,14.122633476083845,30.418387255072034,1.0187441040403888,14.918373158019097,57.65580944540096,4.570910190809865,7.206743913711637,46.33433079538177,53.517437830630044,34.6404404384211,72.22678199677185,23.186817749942996,12.722975551572487,11.844452047811412,15.937110826344826,34.79417296128878,1.1380918649565759,73.65069808594986,82.279013942317,70.53096588456155,70.52998472260859,74.7945574156062,66.30229551383692,2.1578281555500616,80.45540001091389,80.46385510560523,82.54517434246891,78.34286008426534,1.0780126865867354,-9.924434126352338,-7.750616926862705,-12.040564570428415,357,311,352
2025,20242025,37,Cal State Fullerton,Big West,32,6,26,1280,68.0,40.2,1701,683,46.8,1126,527,27.1,575,156,74.2,677,502,1063,761,302,15,473,0,9,569,313,364,922,2024,39.8,28.4,0.22,44.7,45.8,1869,856,54.7,1024,560,35.0,845,296,74.5,627,467,1129,808,321,22,364,0,9,605,387,540,960,2475,33.5,28.4,0.17,53.7,71.22481523835266,14.946001834005845,55.88590233649231,3.10686056814532,6.250258065752496,44.561440735558335,52.16084637157458,33.56142613396341,71.03803906702775,9.694590679797686,11.497706416424824,15.346821393302342,16.069878670361884,32.081676406424414,1.0859750017517136,16.17511623572676,57.66059017968373,2.932302048060232,7.614824724544691,45.94612421762788,55.66329939534019,33.87251822790808,72.23623170666328,24.903431251109392,14.096110620989052,10.491152700693668,13.726198114170355,32.79947213750141,1.0970856072783852,77.34836885323551,78.13971967905891,75.56358322805153,75.55539239109484,79.80878329289988,71.43196777452995,2.150008226161,80.5694455066731,80.57085676772168,82.71261965621734,78.41260221043855,1.0938296560269372,-5.005862278621578,-2.903836363317467,-6.980634435908598,305,121,353
2025,20242025,38,Cal State Northridge,Big West,33,22,11,1325,72.4,46.8,2035,952,52.3,1401,733,34.5,634,219,72.5,727,527,1322,900,422,13,452,0,12,679,411,590,1290,2650,35.7,31.9,0.19,52.2,40.4,1830,740,45.9,909,417,35.1,921,323,76.5,788,603,1045,767,278,32,487,0,15,632,388,470,684,2406,43.1,26.6,0.2,49.3,73.12826716905164,16.277458223261693,55.07516761075469,3.9003598055265645,7.642103113903955,45.66716210434883,52.619176525380766,33.38442959218472,68.98949844131992,11.84353578258501,12.88688355882572,11.61165231997295,14.23923967008076,39.02331971248294,1.0847236285391018,15.258490440531961,56.16707891562255,2.8480158622108935,6.607713435460105,43.884589646490554,52.30763871482838,34.01054432659305,72.23882873016932,27.011204775736143,12.252680198511744,11.924790193401098,14.7103563627166,29.43566408486475,1.0860858900725963,79.32395931239056,79.42357913776607,75.89879330737712,75.90589286314486,80.13434909253833,71.63079859087836,2.1710608590552534,78.88969372864982,78.89065119346586,81.022393871945,76.75239662067564,1.094210858858751,-2.9909004212726984,-0.8880447794066697,-5.121598029797283,260,111,332
2025,20242025,40,California,ACC,33,14,19,1360,67.5,41.9,2002,838,48.2,1246,600,31.5,756,238,74.6,778,580,1238,795,443,15,383,0,9,545,293,458,1066,2494,38.9,35.8,0.17,47.8,46.8,1945,911,51.3,1307,671,37.6,638,240,74.1,637,472,1154,832,322,7,375,0,5,635,277,462,1080,2534,32.8,27.9,0.16,53.0,69.70108457413322,13.851233765452033,56.70776455866965,3.6193992806413218,5.651986604221834,44.5521688161594,50.77651846728958,35.11295806028807,75.13492117590118,9.201133996400234,10.871438605938788,9.238254997419093,13.176331631161721,28.06052826379737,1.1005618078312822,14.638791943531283,54.436076113296785,2.9974353537179335,6.006558526637883,44.238369129670204,52.68861078432246,32.93219615597384,72.20028463578522,25.009011430068988,11.197807537020857,8.920163171779675,13.131875174516615,33.49304666945856,1.076632078380725,76.71035164670916,75.04242355043974,74.01715871631892,74.01226339714546,78.25522284148428,69.73204822107012,2.166688556835908,73.4729624465174,73.47010768214662,75.5920543718449,71.39063866972646,1.0769108114863517,0.5441962698015175,2.6631684696393876,-1.6585904486563408,158,174,149
2025,20242025,39,California Baptist,WAC,32,17,15,1295,62.4,42.7,1915,818,48.6,1244,605,31.7,671,213,75.7,569,431,1152,768,384,18,386,0,0,552,211,424,1114,2280,29.7,33.3,0.19,48.3,44.9,1820,818,50.3,1250,629,33.2,570,189,68.4,608,416,1092,769,323,19,395,0,8,536,236,421,1096,2241,33.4,29.6,0.2,50.1,67.85519691963188,10.89700445352916,53.97240313789503,3.6030498141733855,6.546742038262142,43.93671736205763,48.76524404157023,33.91887032503687,71.79284154449036,13.145933067538241,12.034719013688633,8.314759537140551,13.799686760712573,35.04893942155618,1.0781071611993394,10.799003350657458,52.46531964124552,3.017959156058572,5.764866327229907,42.311641252501154,48.345339889764794,32.370877771288626,72.22757149280008,25.926190193798654,11.704075202063628,9.358714978074469,12.543525518359807,30.16619720430021,1.0127670388083247,73.15517372364648,68.72150685205133,71.85679496603981,71.87243814831959,76.12298901955774,67.52267414750968,2.185062431257329,68.47317442663119,68.46903976866702,70.5922802425141,66.35646976267655,1.0801361828403555,3.383620539408625,5.5307087770436425,1.1662043848331223,78,265,20
2025,20242025,41,Campbell,CAA,32,15,17,1285,63.5,43.9,1804,792,52.1,1059,552,32.2,745,240,77.1,547,422,1016,752,264,20,335,0,7,516,299,501,1010,2246,30.3,26.0,0.16,50.6,45.7,1758,803,54.4,1110,604,30.7,648,199,68.3,533,364,1101,810,291,32,417,0,8,528,237,339,1090,2169,30.3,26.4,0.2,51.3,68.50426671996364,11.915382286163346,55.461077667195504,3.586993386435016,6.714944799420819,44.60028272967957,51.60979116543987,32.77614321927202,72.70738421346753,11.6475417883832,12.113464692254269,11.904141799224282,14.173565680177557,34.83153376952787,1.0964064937676787,13.920024774468892,57.33516698404196,1.9370863599321573,6.535811526303151,47.576510978081544,53.7090197665329,34.128761263518605,72.23220465958786,22.741683253542153,11.927104445173581,11.440683138772934,14.403539480722356,38.599482743390226,1.11988103447606,75.10852288256122,76.7166290803768,74.82931244605713,74.82961343159289,79.05258319123362,70.54491496349507,2.1671103424897997,76.94217882153583,76.94230599922655,79.08682845276634,74.82367857030597,1.0848196209453587,-2.1128663754787027,-0.034245261532717564,-4.278763606810898,238,141,279
2025,20242025,42,Canisius,MAAC,31,3,28,1240,65.6,43.6,1673,729,48.4,981,475,36.7,692,254,75.9,390,296,802,622,180,43,380,0,3,495,269,336,768,2008,23.3,22.4,0.19,51.2,49.5,1770,876,58.7,1046,614,36.2,724,262,76.1,556,423,1127,802,325,19,337,0,7,389,301,442,1094,2437,31.4,28.8,0.17,56.9,64.4051455904631,12.248774595075929,52.24272517598267,3.199761467428676,6.726914036554248,41.50937409480367,46.36416416023061,33.513228136705116,71.80101572314514,10.247222112676349,12.460404174486953,7.86868158598575,10.875332108242205,25.80232805286854,0.9973533944128933,13.744523894669564,56.06563624483212,2.720825373425299,5.199394904928903,44.91477669993004,54.34075389508031,33.421457084741945,72.22469107154168,23.24287936557179,10.573311193540219,9.498428800578367,15.058481499225401,29.301540103486087,1.1010249358416706,64.23469057230497,70.9116712916131,67.55674011205,67.5637349843601,71.7626587181932,63.30227856340593,2.1452279172501574,71.3333697789867,71.34053425384386,73.45138002059791,69.21434379702413,1.0786807418874398,-3.7766296669366994,-1.6887213024047156,-5.9120652336182005,279,351,66
2025,20242025,43,Central Arkansas,ASUN,33,9,24,1350,67.2,41.0,1995,817,51.7,1033,534,29.4,962,283,71.9,558,401,1180,812,368,21,408,0,3,448,219,387,936,2318,28.0,31.2,0.18,48.0,45.9,2021,928,54.1,969,524,38.4,1052,404,72.3,440,318,1215,885,330,26,386,0,7,492,370,504,950,2578,21.8,27.2,0.17,55.9,69.09839923342504,15.606321332087344,56.865911876497336,3.31746307991329,6.465490675468062,45.33794469645154,54.38578436539874,34.626016964130265,71.2413177087963,10.451747853176803,11.021722361942773,11.268710360944915,16.34122395045787,31.95022288040452,1.1225555977630923,15.758844692943,57.35173520339836,2.1826866265694616,8.04260529748111,45.47665544917831,55.65149552420232,34.095901170208705,72.22399465669105,24.278601506963298,13.015385255975945,10.794429582778246,12.514410827645733,29.775294252469376,1.0822523162059534,77.56679485595025,74.78190261649793,76.89173490984751,76.89620455122383,81.09333555024834,72.67966572639794,2.1467556872962668,74.91670122690914,74.91388520297693,77.03209493500141,72.77280614440491,1.08523107117554,1.9750336829383741,4.0612406152469305,-0.0931404180069677,118,82,206
2025,20242025,44,Central Connecticut,NEC,32,25,7,1285,65.9,47.6,1827,870,54.9,1173,644,34.6,654,226,74.2,466,346,1137,864,273,27,361,0,8,360,328,473,1082,2312,25.5,24.0,0.17,53.8,41.2,1871,770,48.4,1096,531,30.8,775,239,67.7,344,233,1027,737,290,25,393,0,5,423,202,345,910,2012,18.4,28.2,0.19,47.5,65.82514308920156,13.31780193427712,55.666595938187,2.8277821011327564,6.304041714126421,45.22056471098517,51.423133385924125,34.647559287657046,74.90455669773843,9.484037942050552,10.763222902739882,7.837191033196865,10.694120877288997,30.727612227761444,1.0824316618647374,13.725562824302427,54.59334867139016,4.004046638258493,5.682417570715076,43.95484164813499,50.70313382865613,33.842124445263316,72.24035144843188,24.419708321069045,9.743080017240736,8.601312530115672,13.049895787507314,31.70050173380766,1.0972049642753672,71.25121902652857,72.22367377160833,71.40776684120513,71.41430903202357,75.64814560025643,67.12975858507262,2.163906902039692,71.98171957041559,71.9859721722063,74.08984948748439,69.9004782132363,1.0655218930560864,-0.5739527292104611,1.558296112772041,-2.7707196281636755,189,282,93
2025,20242025,45,Central Michigan,MAC,31,14,17,1250,66.4,46.2,1807,835,53.2,1197,637,32.5,610,198,72.2,655,473,1120,789,331,18,380,0,8,514,383,464,1138,2341,36.2,29.6,0.18,51.7,43.5,1821,792,51.0,1029,525,33.7,792,267,70.1,551,386,1007,700,307,18,406,0,5,565,298,401,906,2237,30.3,30.5,0.2,50.8,68.4463509753335,14.237672186217837,55.69683026232186,3.2888638315112195,7.30147993732244,46.10058261173728,52.32040632137702,33.67876190228325,70.3505532846943,9.719287593424752,12.237062680495153,10.911548946536435,12.827606126194963,34.26692835686043,1.0689662189393137,15.529301778362885,57.15715892502202,3.849384143532582,6.287523415279567,46.65691799521445,54.4749594649045,34.20759843855366,72.21555918617105,22.449379475880963,11.71309057575066,11.946566157536953,14.808524424274802,34.59983907985224,1.131849502085601,73.16683700229545,77.47096827100751,73.56925850358267,73.57691057112947,77.83916206002809,69.32095026215262,2.162501146006857,77.00416929678721,77.00330833777122,79.08577723786966,74.89955660155377,1.0725172372063665,-3.434910793204537,-1.2466151778415764,-5.578606339401148,271,197,282
2025,20242025,46,Charleston,CAA,33,24,9,1340,67.2,45.5,1962,892,52.2,1180,616,35.3,782,276,71.6,683,489,1189,882,307,19,377,0,2,513,339,443,1110,2549,34.8,25.8,0.17,52.5,43.7,2050,895,51.3,1229,631,32.2,821,264,71.5,536,383,1183,845,338,25,384,0,6,562,300,389,1118,2437,26.1,28.6,0.17,50.1,68.0699113805117,13.469543590220557,55.597324593060044,3.1942778928782367,6.446349820146419,44.840687898633696,52.98549203493821,32.23559937634057,72.53644649796954,10.453177926959063,11.022175076186802,10.32232948677989,13.060916684204143,33.59417379917629,1.0959970352123916,14.282712840626226,53.59850437291623,4.283727521354825,5.833956608317811,43.11618779303257,50.690948476001324,33.368812799474114,72.21527481056654,25.80827320994464,10.375018213659658,10.200994313272169,13.183595639004512,30.606742738474402,1.089992432768005,74.60442106021105,74.19568830394645,75.74074154953234,75.74053419576514,80.00101575344488,71.48093453842846,2.17949074649391,74.36780814958566,74.37517480067334,76.468178176459,72.2558081435642,1.0722360024470388,1.3729333999466888,3.5328375769858695,-0.7748736051357383,137,115,179
2025,20242025,47,Charleston Southern,Big South,32,10,22,1295,64.8,42.5,1808,769,51.5,1041,536,30.4,767,233,66.2,810,536,1187,811,376,13,433,0,5,559,262,321,1010,2307,44.8,31.7,0.21,49.0,48.1,1955,940,54.1,1388,751,33.3,567,189,69.8,622,434,1100,798,302,17,310,0,6,636,339,479,1212,2503,31.8,27.5,0.15,52.9,71.51017586679055,15.509074346762956,56.39771579424968,3.220015866419563,7.529784113979413,45.338154713011384,54.529537566934756,34.6841444990674,67.66480202251246,11.204282826224585,13.328268920877024,9.25102862882372,12.689717678046735,32.656073928025165,1.0927420953157057,11.193691999082839,53.36886961663383,4.534409373841665,5.285215750999952,42.87955268899687,48.3176596493394,33.165498816585654,72.2219434324633,27.927508728133454,10.077609728475277,11.093796700661738,15.354492140990935,34.073998072969005,1.0786629453435503,78.1421794130713,77.13537692250756,75.6716884993218,75.69137280989351,79.92440979390796,71.43362166905952,2.173913598036117,76.93267590005814,76.93468935716764,79.07219815642314,74.75612925226577,1.099590364294056,-1.2609874007363402,0.8522116374848139,-3.322507583206246,211,117,278
2025,20242025,48,Charlotte,American,33,11,22,1345,63.0,42.1,1808,761,49.9,1063,530,31.0,745,231,74.9,768,575,1036,745,291,20,329,0,9,575,240,317,976,2328,42.5,28.1,0.16,48.5,48.2,1848,890,56.2,1209,679,33.0,639,211,68.5,685,469,1143,841,302,17,319,0,7,630,297,408,1186,2460,37.1,26.4,0.15,53.9,64.35496830639218,12.6238092747107,56.7139988426131,3.056342604259784,6.541409485260657,45.1871345239848,53.571784599039205,34.61320305534792,71.6284853324065,10.975360510240176,11.83025640952658,8.852364183640589,11.543253628373247,28.966707612924928,1.1096668612555995,13.290455737812428,55.47221367163239,3.3483152257453233,4.95996642191363,44.50182410657047,51.50826971886851,33.662999610201595,72.22056871544412,23.501687721114656,9.414218958712318,9.945014503337587,13.751971800288615,31.832045036349946,1.1330804089001811,71.4125756867578,72.91935380336506,74.58541273495211,74.58396101084497,78.87089704504297,70.3776185118738,2.153044429451573,73.9352918366263,73.9407983955697,76.05019141229474,71.80129662894201,1.079583694826749,0.6501208983258095,2.820705632748229,-1.4236781170682065,156,156,170
2025,20242025,49,Chattanooga,SoCon,38,28,10,1555,66.4,47.8,2228,1065,58.1,1193,693,35.9,1035,372,77.0,677,521,1257,948,309,28,383,0,2,612,333,507,1248,3023,30.4,24.6,0.15,56.1,44.0,2223,979,50.3,1324,666,34.8,899,313,69.3,733,508,1272,898,374,24,423,0,2,619,275,431,1138,2779,33.0,29.4,0.16,51.1,66.60587182079774,14.27741157841964,57.499464118366745,2.648360226301245,5.8888950399097375,45.45545401757104,54.90283472867177,34.679681265814615,75.57364594425948,7.790972754744873,10.086462012775923,9.62699482123732,11.019564888501499,27.764278247008633,1.108179068914715,13.657380337744907,56.18869886128075,2.662699546435281,5.398600652637464,44.44008194470147,52.09539098153331,33.92888620884714,72.22225355867798,24.142978732468542,9.590875073708013,10.196085839734856,12.734040357577483,30.99065301369128,1.1402403214514854,73.8112330186245,75.94670069550286,73.53362175746908,73.52740483275264,77.80112477936339,69.27890736459418,2.1673823082774146,75.4925129987393,75.49565782073836,77.59269624801341,73.38252249616325,1.0677130553962788,-1.9588912412702228,0.20842853134998052,-4.103615131569072,233,201,224
2025,20242025,50,Chicago State,NEC,32,4,28,1290,68.4,38.2,1858,709,43.4,1099,477,30.6,759,232,70.5,498,351,981,708,273,23,412,0,14,609,282,416,784,2001,26.8,27.8,0.19,44.4,47.8,1846,883,55.7,1119,623,35.8,727,260,72.1,682,492,1295,936,359,23,404,0,11,461,369,484,1122,2518,36.9,27.7,0.18,54.9,65.82731977261444,12.239374722898203,52.042599797866025,3.31106778954571,5.9179802204686025,42.032995277049174,46.5786675530737,33.17743258836518,73.37138481463096,10.52443280023324,10.719256417134863,8.726790765312199,13.374451575710156,28.60517855085409,1.0241393614207932,17.642124894320624,58.84144726958236,1.875289607122702,7.92871527898626,46.67458910535062,57.96073687582116,34.3910317429739,72.22998631138078,21.298870210245074,12.959835000595293,11.222610647433607,12.984739982655228,29.90004543516578,1.1399629363516226,67.41634923596772,75.0407047401468,67.93567553532708,67.95089571520766,72.18725253549326,63.653866863466945,2.159607039717289,76.09014885112246,76.09367216445308,78.24877187930474,73.91491971636022,1.1020712128069197,-8.154473315795386,-6.061519343811483,-10.261052852893272,344,347,249
2025,20242025,51,Cincinnati,Big 12,35,19,16,1400,64.0,44.9,2120,951,52.6,1309,688,32.4,811,263,66.5,490,326,1218,823,395,22,361,0,5,497,347,519,1138,2491,23.1,32.4,0.16,51.1,43.1,1993,858,48.3,1303,630,33.0,690,228,75.4,496,374,1176,832,344,20,457,0,9,495,218,383,1048,2318,24.9,29.3,0.2,48.8,68.60962471219638,16.051401748325524,53.87609269150491,2.739899508913907,5.998704257705478,43.25964469896767,50.23770703778241,33.69621351807071,69.95839746986395,11.0468432280594,11.80285234686008,10.895911004058972,13.760560257318573,27.701320289654838,1.06307805894754,13.326471242947072,53.13187136200816,4.0211002536647875,6.331188025315308,42.63380114935882,49.42941700709981,32.92830644231067,72.21748575303633,25.630675601464404,12.407996381810786,7.213597786662473,12.808020828774394,28.08424901944281,1.0238030681707961,72.9373866641609,70.24274428639353,73.26801019945864,73.28007232134371,77.5089145496743,69.00047910358823,2.1826571850907404,70.61183192654723,70.6069673643292,72.73062493674286,68.51509153675636,1.0757646410530977,2.6561782729114185,4.778289612931445,0.485387566831875,96,214,52
2025,20242025,52,Clemson,ACC,34,27,7,1390,62.6,46.2,2012,930,52.2,1231,642,36.9,781,288,76.8,570,438,1202,819,383,15,358,0,1,518,242,525,1120,2586,28.3,31.9,0.16,53.4,42.8,1915,819,49.5,1187,587,31.9,728,232,68.7,533,366,1110,752,358,35,452,0,0,553,180,387,978,2236,27.8,32.3,0.21,48.8,64.7026454978497,12.789559428791907,56.33726342904834,3.306873748111837,5.798624807268018,45.125243721702915,53.29560168761113,34.09005920149128,72.27793024078194,9.628473339044952,9.704730924863266,7.679387654159684,13.324935354023664,31.377630132052257,1.1173196963515075,11.089621412671328,54.33412835576718,2.8446917613202194,6.266401960592942,42.85239214919679,50.31487194524866,33.46487233031661,72.22888579466414,24.596774008378052,11.386869566796431,7.209917828377942,10.827473114043658,27.00311057585254,1.048205915330222,72.29354022079666,67.82169574836041,74.61332419921932,74.60934582091633,78.8133035325428,70.4681675338182,2.130169467677903,68.13246844115704,68.13195764542434,70.23710868622315,66.03776629518211,1.0755983780002984,6.480855758062276,8.576194846319652,4.430401238636094,31,152,16
2025,20242025,53,Cleveland State,Horizon,36,23,13,1445,64.1,45.2,2136,965,50.8,1444,734,33.4,692,231,73.0,644,470,1228,792,436,25,417,0,7,641,343,631,1244,2631,30.1,35.5,0.18,50.6,43.0,1896,816,48.4,1150,557,34.7,746,259,69.5,725,504,1187,800,387,27,546,0,7,574,334,411,1022,2395,38.2,32.6,0.24,49.9,70.6896949236641,14.64652663060591,57.904563482485074,3.7428010941247853,6.72826811785235,44.780280434850575,51.941533714183244,35.63823129115171,74.1072720883017,9.484290728800655,12.472243769275892,13.035749974575843,13.384921169181236,27.054952886736515,1.1098998242737679,17.01265942499321,59.36687312444829,2.7741810340210034,5.763080537229496,47.98746251604124,57.33485628553529,34.81861309128961,72.23813231120491,22.45908940566445,10.978297250577553,12.488483791365445,16.087157262725615,36.73059048525756,1.208793504098437,78.45847997374105,85.44924403042543,76.58866195462267,76.58885416561071,80.84398539044696,72.33154625376444,2.178875492989843,83.72198427467247,83.7229703940549,85.84359893020934,81.62923388334174,1.0776185683213293,-7.1333223200498,-4.999613539762379,-9.297687629577297,336,91,364
2025,20242025,54,Coastal Carolina,Sun Belt,32,10,22,1285,64.1,42.8,1728,740,48.2,1039,501,34.7,689,239,70.2,594,417,1171,850,321,47,382,0,9,567,155,231,870,2136,34.4,27.4,0.19,49.7,42.2,1855,783,48.3,1180,570,31.6,675,213,73.3,677,496,1102,771,331,2,224,0,8,553,310,444,814,2275,36.5,30.0,0.11,48.0,67.67787901610684,10.700238716315294,53.5013731705958,2.857855708637189,5.812232977688208,42.205169277678515,48.1747598230432,33.70631602264263,71.67726950110068,10.320394150910472,10.789705260861064,8.05054633614947,10.482658764346366,26.18536639520272,1.0519157997057855,10.248634480286293,52.578494282523266,3.173138868618907,4.818200234103488,41.95826370971461,47.24444948816672,33.276109915791245,72.22207630629492,27.650015186717866,9.268871843395049,8.079332291145048,12.391641776844008,27.962567022113657,1.0674475611644265,71.19143022761943,72.24258690052437,70.0316020595674,70.02862895936326,74.28176573952243,65.78603170862975,2.1589055129300783,72.40343928173525,72.40633393994942,74.54440626969294,70.21769473918984,1.092180074413665,-2.3718372221678408,-0.2626405301705148,-4.431663030560088,244,323,109
2025,20242025,55,Colgate,Patriot,33,14,19,1330,64.7,46.8,1897,888,55.1,1091,601,35.6,806,287,73.0,433,316,1063,808,255,16,372,0,7,492,290,409,1002,2379,22.8,24.0,0.17,54.4,45.6,1920,876,51.0,1162,593,37.3,758,283,70.7,499,353,1097,810,287,19,364,0,4,442,289,415,1010,2388,26.0,26.2,0.17,53.0,68.26473957398524,14.11908201168067,56.58848162021673,2.7653732262946664,6.0103384126686485,46.49380671976057,52.94412080603473,34.71478884363046,72.96720578810148,9.259520371974347,10.370921240500222,9.59433943945957,12.109763866817062,33.31464806654578,1.1033030326349764,14.29207818643919,55.907579701724416,3.005134605643962,6.227750885579839,44.991316034751875,51.97996327003345,34.0311267546137,72.21804777218112,24.526455452893234,10.836958475749382,7.839422881525063,12.295002207237632,32.57957326838935,1.1059374756638471,75.3166941940148,75.49653376130317,73.61830877415217,73.6192663631565,77.80330711749045,69.40841604589728,2.15771038584268,75.29557604302751,75.29354589236587,77.40181557480133,73.21118589465723,1.0686183031616547,-1.6772672688753403,0.401491542689115,-3.802769848759951,228,189,218
2025,20242025,56,Colorado,Big 12,35,14,21,1410,67.5,44.4,1912,849,51.8,1198,620,32.1,714,229,75.0,685,514,1227,893,334,22,504,0,2,580,364,395,1092,2441,35.8,27.2,0.21,50.4,43.2,2028,876,49.1,1228,603,34.1,800,273,70.2,698,490,1160,808,352,13,390,0,7,641,391,537,1070,2515,34.4,30.3,0.16,49.9,69.4414426239639,15.025458681190024,56.813968893509724,3.5231879439754965,6.161142791917216,46.12546496639974,52.36983287427161,34.54810016735898,73.61202818637663,10.089538784462645,10.756309198391511,12.68410946823479,13.577271374115963,34.6307894227213,1.1208356366999483,14.251991208128022,57.09469226026698,3.2695455265048063,6.3209209013525545,46.17439293615456,52.368823513602756,34.65913866659604,72.2303704843635,24.40330023553541,10.90919109995286,10.428228776729076,12.460344744293042,33.25005741121763,1.1319634941512813,77.8324435567935,78.60517803152788,76.25768592095021,76.25289689409402,80.45852824207466,72.05340692499526,2.1480613562345696,78.65015114253846,78.65218715031008,80.765666246424,76.54317144559988,1.0780881788359857,-2.392465221588253,-0.3071380043493406,-4.4897645206046235,246,101,327
2025,20242025,57,Colorado State,Mountain West,36,26,10,1455,65.9,47.7,1996,953,56.4,1141,643,36.3,855,310,77.5,631,489,1257,955,302,17,414,0,2,620,280,483,1086,2707,31.6,24.0,0.17,55.5,42.2,2025,854,47.7,1256,599,33.2,769,255,68.5,672,460,1147,815,332,25,403,0,6,625,250,441,996,2423,33.2,28.9,0.17,48.5,65.5804379249921,14.982296692162262,59.96822137009673,2.8067325256456224,6.664505659562992,47.06582773948857,55.66466316706174,35.63981582005614,75.21766187970618,9.241153483661307,11.714083574964684,8.779500043533819,12.480515858085806,27.61100114792133,1.1465966952651505,12.21115306324479,56.60639078895235,2.2882772157560196,5.504127767897184,45.796183231678526,53.88449444050367,34.08900968088795,72.21875458697242,23.33722792566702,10.227511253108894,8.312212104499277,13.471966820093776,29.958797295150355,1.1142130616283257,75.19431339883728,73.0705805233318,79.32909010528175,79.3465708500473,83.51031495324818,75.06277773549017,2.1579504382083936,72.2492267920854,72.26113273989975,74.33643925562299,70.14778664142644,1.0709340168120927,7.0798633131963555,9.173875697625192,4.914991094063737,25,34,102
2025,20242025,58,Columbia,Ivy,27,12,15,1080,70.8,46.6,1655,771,55.1,996,549,33.7,659,222,73.5,480,353,940,681,259,10,295,0,3,415,331,387,996,2117,29.0,27.6,0.15,53.3,46.8,1655,774,53.0,962,510,38.1,693,264,73.3,405,297,930,685,245,14,324,0,5,432,280,361,858,2109,24.5,26.3,0.17,54.7,65.64315823417405,14.720804693700247,56.09495113961415,3.5112491477660965,6.708330017107304,46.114406544319635,52.92593878213444,34.38760475653146,70.95635727056353,11.907308611642854,12.731413787593642,8.027717785111449,12.139465928754216,34.41144883260494,1.1034027641991082,14.718458161282085,55.967676304672764,2.93657946782524,5.934081719263183,45.41755776542182,51.52709932886701,34.172202377193514,72.23194089780846,24.789836157471704,10.464779378613677,10.007986548629585,13.507726420510835,31.91846874629835,1.099029827816134,72.4308422463471,72.14378889141155,74.65388975316426,74.66505097033232,78.87581844516045,70.37084094819268,2.152956123692217,75.06390927852782,75.06148330359271,77.19490757107228,72.93491705159259,1.084295714004089,-0.4100195253635519,1.6809108740881697,-2.5640761033999127,180,150,212
2025,20242025,59,Coppin State,MEAC,30,6,24,1205,66.4,39.7,1644,653,44.6,1116,498,29.4,528,155,68.1,596,406,919,629,290,24,447,0,6,522,314,460,850,1867,36.3,31.6,0.22,44.4,48.4,1670,808,56.1,1026,576,36.0,644,232,71.6,620,444,1114,802,312,19,434,0,4,497,369,509,982,2292,37.1,28.0,0.22,55.3,68.61578390825323,12.073081119858495,52.23960549213345,3.8197025671589917,8.205114601590628,42.13460090029373,47.895578071034976,32.64807236581719,69.35340930838204,10.797984908489996,14.478680018907443,9.40812840034676,11.98535180215913,28.813884583714366,0.9779174448652024,15.942141961206184,58.20890161516113,3.531449073462099,6.2117031114036,46.13893812648054,53.944204720550815,34.97423486048829,72.22650039487404,21.91725686602877,12.118452451214093,13.8827409258373,17.526274175699033,30.976576686745418,1.139887196014033,67.10057207698188,78.2142535214836,67.63873816634604,67.64063342916342,71.85377243162901,63.400114072386515,2.163356825742458,76.73425437408825,76.73580313706866,78.83515231202895,74.63300101830113,1.0762604425777527,-9.095516207742207,-6.981379880399942,-11.232886945914615,350,350,268
2025,20242025,60,Cornell,Ivy,29,18,11,1160,71.2,50.1,1769,886,62.0,905,561,37.6,864,325,75.5,490,370,1014,756,258,17,346,0,2,473,415,391,1072,2467,27.7,25.4,0.17,59.3,44.9,1810,813,51.8,1106,573,34.1,704,240,69.3,551,382,984,679,305,13,328,0,4,476,314,402,1008,2248,30.4,31.0,0.16,51.5,69.58620841692728,18.87146743617318,60.12967514772773,2.981042338988367,6.547299770864643,47.77116833195474,58.143539048356786,35.65595155355019,72.872619705824,10.31962840582068,11.513347626754518,12.079785522283542,13.708885768301464,33.3282230992464,1.1854821164680873,15.862341974139666,57.707162799616256,2.964850923052381,6.039559997321713,47.069530168714856,54.08131969617683,34.71568678437936,72.22313175670672,24.020415178215558,11.186009902969733,11.626963352196555,13.813594001475959,36.257367122983766,1.1456695485830093,82.49320563108839,79.72279998462427,82.82504844136494,82.83346029259894,87.05312548145285,78.59775097088246,2.1613663073516336,80.3407436733254,80.34541440213647,82.4161440468729,78.24048566190022,1.0720415224209061,2.484304768039536,4.636981434579951,0.3572653089822353,102,5,351
2025,20242025,61,Creighton,Big East,36,25,11,1450,67.4,47.7,2041,974,60.4,1043,630,34.5,998,344,72.8,584,425,1346,1043,303,28,440,0,2,400,337,334,1154,2717,28.6,22.5,0.18,56.1,41.4,2364,979,46.2,1530,707,32.6,834,272,71.7,406,291,1234,844,390,20,285,0,5,573,276,493,1154,2521,17.2,31.6,0.12,47.2,68.09093199506607,15.079898514822462,56.28177305038044,3.260345914147009,6.809113997818699,44.571955010380336,53.95285338419431,33.92069013054528,75.09067126496478,9.544360398047402,11.389662081557866,11.200310979088243,11.679422900622235,30.018744606895602,1.0964268976546268,14.284859008246311,54.61250665123812,2.911001822063676,5.803413089867742,45.42843891582404,51.32112867683598,34.10056026984325,72.21620682881651,25.41392525968024,9.812725706384283,8.844468712780806,13.626876331242055,37.10894811918635,1.1027122440498884,74.65672932576246,75.08470441972766,73.95076149205265,73.9575793954261,78.19528620821869,69.73100782238532,2.169742790713688,75.08676817145546,75.08808257661862,77.22961800995634,72.9391619000002,1.0885239876534265,-1.1360066794028114,0.9656681982623496,-3.2081540776148785,208,177,214
2025,20242025,62,Dartmouth,Ivy,28,14,14,1125,70.9,43.7,1710,748,51.3,904,464,35.2,806,284,74.2,520,386,1062,812,250,17,322,0,7,417,272,339,846,2166,30.4,23.5,0.16,52.0,42.9,1785,766,51.0,1109,566,29.6,676,200,68.5,410,281,1020,763,257,15,292,0,6,483,197,335,1014,2013,23.0,25.2,0.15,48.5,68.75774242790243,12.655374540570818,56.426935093637155,3.0531601673832274,7.063482635289996,43.77017149794193,50.67036668543497,34.95634581285089,72.59170490471186,8.689191911873046,12.186991809947928,7.7054373275508645,11.326055682569619,26.270945196261692,1.0750623325424054,13.367192514239072,56.16441956963217,3.426847906770957,5.362985730206743,45.72236670464819,52.98806570943876,34.31406914366567,72.23085623401847,24.894136207760155,10.110066319559607,9.252620958428137,13.789786160335991,35.24332969329996,1.1232508458283632,73.9188589548907,77.23219233939014,73.75332422389891,73.75398016661423,78.00574803121944,69.47503808845498,2.1778785270605936,76.46249646497076,76.46002721529712,78.53920020450474,74.3959696277098,1.059544171451465,-2.7091722410718404,-0.5334521732852977,-4.920931539254823,253,181,261
2025,20242025,63,Davidson,A-10,33,17,16,1320,65.8,45.4,1891,859,53.7,1105,593,33.8,786,266,74.6,548,409,1095,828,267,19,318,0,8,488,225,409,1080,2393,29.0,24.4,0.15,52.5,44.9,1889,849,51.5,1125,579,35.3,764,270,69.7,525,366,1116,820,296,16,349,0,8,526,242,381,1042,2334,27.8,26.5,0.16,52.1,64.84240373192337,13.325208346636371,55.10190696446285,3.090758408675239,6.1590516759704,44.8001929971998,52.01328520945262,34.60561686376179,66.43314617284805,9.746456650216881,10.611147648783826,8.024121441713511,12.798313279219972,28.561924340216947,1.0780064764131825,12.30406315337986,55.10648677469272,3.8235101888394833,6.397778309555223,44.92253193776373,52.11371160723608,33.3936966161836,72.21355382067438,23.156776938711168,11.338564956004427,9.77787096503085,12.527357393128526,31.744627600202442,1.069647741861227,69.9005311692117,69.35853072870583,73.04581154554319,73.0345648121705,77.25069609111615,68.82822768960706,2.1554854581239713,70.02413026435859,70.01249429028809,72.14729168707649,67.91352259357062,1.0745359816530913,3.0216812811845983,5.103404404039665,0.9147050960364425,87,225,38
2025,20242025,64,Dayton,A-10,34,23,11,1380,63.2,45.8,1910,874,52.5,1126,591,36.1,784,283,74.2,718,533,1157,827,330,14,354,0,7,536,415,448,1074,2564,37.6,28.5,0.16,53.2,43.8,1935,847,51.9,1109,576,32.8,826,271,74.6,594,443,1117,783,334,27,403,0,8,611,307,385,1012,2408,30.7,29.9,0.18,50.8,67.69372980137285,14.027775649335446,57.065781562247416,3.474656594873039,6.728832312601078,44.83857938623674,52.46036688443773,33.91293992713637,73.22128573546193,9.18452389923452,11.618485268017867,10.330616785963436,15.563272523391065,31.042068260812407,1.0898676083115664,12.444703753261546,55.3520935160385,3.7505244113914937,7.910717047411203,44.34183953129794,50.685503702009285,34.5691090353014,72.21510360686209,23.98514264569875,13.823064791341565,9.387938330253046,12.60730089393179,29.68706133433494,1.0370231597787207,73.77720339631163,70.19996557582662,76.32664523698483,76.31166546842874,80.51454470619245,72.1343316255749,2.1503072860714902,70.8369733302111,70.83922434082706,72.96594739867781,68.75212675851165,1.0823105426441264,5.4896719067737365,7.54859730751464,3.382204867063251,48,98,54
2025,20242025,65,DePaul,Big East,34,14,20,1390,64.9,44.6,1976,881,53.3,1064,567,34.4,912,314,70.5,549,387,1170,859,311,26,426,0,2,555,289,397,1018,2463,27.8,26.6,0.19,52.5,45.4,2056,934,51.3,1329,682,34.7,727,252,70.2,587,412,1191,845,346,12,365,0,8,500,374,482,1182,2532,28.6,29.1,0.16,51.6,67.3008285394816,14.73864969302359,53.989494832753984,3.6537433858134416,7.138070275921767,43.54842922974428,50.434304900209284,32.89566412577615,68.34346567222583,10.441402310457661,12.04617202538943,9.010519107118832,14.483568819187665,30.25080739631327,1.050879837456995,13.99730365416761,55.14650357872652,3.320133196132207,6.812280118841365,44.359944520372686,49.264971853326635,34.432451830128066,72.22302650146696,23.052728045671465,12.438775320309388,8.796684523176728,13.674171369817557,30.07480920449186,1.0634710803192229,70.72508375629151,71.57248483326129,74.12978759824226,74.14174038553972,78.36301285074525,69.89814748201267,2.1546776154480454,70.87102067239816,70.86301305013151,72.96691332838243,68.76685989807058,1.0758935994411982,3.2587669258440997,5.396099522362817,1.1312875839420968,81,169,56
2025,20242025,66,Delaware,CAA,36,16,20,1440,67.7,47.5,2081,988,54.5,1232,672,37.2,849,316,78.2,624,488,1151,884,267,24,426,0,5,597,442,461,1202,2780,30.0,23.2,0.17,55.1,45.5,2214,1008,51.0,1454,741,35.1,760,267,73.9,704,520,1307,895,412,17,395,0,6,566,330,491,1282,2803,31.8,31.5,0.16,51.6,65.3082324907749,12.511149683479186,56.97508118651153,3.0794863502968837,7.199504232253082,44.851725484672286,51.71976379161689,35.27860794577651,74.90339221899721,7.270480542580911,11.839393230235268,5.720512400856578,10.016444632262326,26.378737102227248,1.0577267725275001,15.132340138354541,55.89533664264963,3.0878373358327678,5.92041783157803,44.27107919281836,51.33401631474752,34.26671722720924,72.24878360059026,23.964063207562806,9.700800871701336,10.51081387154644,13.505856287643763,29.715239770951822,1.1313556320162688,69.07826597194295,73.88683664546605,71.12637784386794,71.1233310662698,75.38366474391907,66.88056200427754,2.176158258629922,74.61547341783113,74.60425450822737,76.72667602599914,72.5560467575861,1.0699320489399768,-3.4890955739631835,-1.3430112820800701,-5.675484753308567,272,292,194
2025,20242025,67,Delaware State,MEAC,30,16,14,1210,66.1,46.1,1889,871,48.7,1469,716,36.9,420,155,72.3,640,463,1122,723,399,12,379,0,11,546,414,523,1102,2360,33.9,35.6,0.19,50.2,44.6,1724,769,53.2,1035,551,31.6,689,218,71.8,659,473,1018,703,315,20,447,0,10,538,336,433,948,2229,38.2,30.9,0.22,50.9,66.49755237259815,10.738624404749352,50.56576786816686,3.8896243470103977,6.460632627303267,41.12387915270212,46.02844465106708,31.59774755995949,69.44764066690836,10.105934162040466,12.86173110905402,10.547711535785746,12.753295680513697,26.33591672334528,0.9568405624784154,13.799607378170814,56.391369280035335,2.289008016816129,7.420045862542626,46.27866000645009,53.330343519986094,33.305968806941685,72.22056955195744,21.817992479776468,12.801596276233182,10.668041748681784,14.465140883336492,32.979148485298715,1.07939430513572,63.6275554156347,71.77707933644673,64.16751364730224,64.17440220238983,68.46998697920563,59.90056337773899,2.182202539658662,72.11430228439758,72.11633622050843,74.23976802830465,70.01593779697568,1.0803262068879644,-7.946788637095338,-5.769781049099024,-10.115374419236687,342,364,95
2025,20242025,68,Denver,Summit,32,11,21,1300,67.5,44.9,1825,820,50.9,1156,588,34.7,669,232,74.0,600,444,983,704,279,22,404,0,10,718,293,452,920,2316,32.9,28.4,0.18,51.3,47.9,1709,818,55.6,1072,596,34.9,637,222,72.8,859,625,1090,792,298,9,413,0,12,571,342,474,1112,2483,50.3,27.3,0.19,54.4,68.26395722691757,11.840392624024606,57.56013534435046,3.047030935440088,6.028645702709201,46.14665594957164,52.73597196713586,35.467298585934124,75.08421072865355,10.386040683069297,10.268474199173735,6.952560430970558,11.963732580561281,31.36749079263392,1.154025872631101,12.869958652566371,58.03557089832794,2.2713223435484506,4.986253799264413,47.77234167861685,55.05756231269745,34.51758150296336,72.21601051945248,23.313642381038918,9.69831130940634,10.810229612508342,12.69154770893243,38.195802866846165,1.1806859690859448,78.7783728080457,80.59829649210465,75.52803106301867,75.52723769516666,79.73558945167052,71.31266598734042,2.157405361701506,79.88300278406112,79.88184547925911,81.99482539860041,77.76916504103552,1.0809568977772326,-4.354971721042446,-2.2592359469298913,-6.456499053695097,294,123,345
2025,20242025,69,Detroit Mercy,Horizon,32,8,24,1300,60.6,41.2,1897,781,44.5,1351,601,33.0,546,180,73.5,550,404,1197,819,378,16,415,0,8,605,248,349,886,2146,29.0,31.6,0.21,45.9,43.2,1868,807,52.3,990,518,32.9,878,289,71.7,732,525,1141,795,346,20,341,1,6,519,401,516,952,2428,39.2,30.3,0.17,50.9,68.33581054118007,13.407515607803813,55.00945485016067,3.32245610945613,6.289755928694342,44.52226921805025,49.34683933901534,34.79747289444381,75.97504342643121,11.784547036762817,11.245569634556002,11.282477949863608,12.405114119597425,31.62597147074997,1.1035599069596769,15.239716884388653,56.015367017001196,3.317465687410242,5.984139062999565,44.96855857731132,52.976923634426456,33.64493163059892,72.220948397563,24.616759350820992,10.498275803530445,11.944185733113681,14.215657116854786,33.340778105612706,1.1225353738165698,75.41266072283878,76.70936463090186,72.83071893480252,72.81518567208386,77.10471359741453,68.57514658284376,2.1727179846630684,76.97944821418447,76.98375410064537,79.09140844985997,74.88381050392682,1.0684141597119885,-4.1487292793819535,-1.9866948524454386,-6.308663921083067,289,232,281
2025,20242025,70,Drake,MVC,35,31,4,1425,52.5,48.2,1753,845,55.2,1111,613,36.1,642,232,70.2,741,520,1074,721,353,54,387,0,4,552,209,569,1116,2444,42.3,32.9,0.21,54.8,44.2,1635,723,52.8,1005,531,30.5,630,192,73.5,577,424,887,644,243,26,476,0,5,600,173,360,964,2062,35.3,27.4,0.25,50.1,68.66526164686681,13.35908809562782,55.46021838809413,2.978297713583479,6.192424906299406,44.12381643151761,51.799098712521165,33.9094283801466,70.28962247409335,9.684293430844825,10.563971039376195,8.02370324971403,11.755905692645477,28.768068560292654,1.0898139107879745,14.761926687409854,56.15328536903667,2.976315329778223,5.468246887941388,45.09814736027827,52.09213156309869,34.5606980684727,72.21045198421653,24.952873154740832,10.238269784626045,9.074674533540236,12.822542870934893,30.520481917177264,1.1180686667228181,74.83235733065143,76.77247753968584,74.53519913879602,74.51516547287989,78.69808630037812,70.46126037839711,2.1178524705208877,75.99425432451719,75.99996712019458,78.08694443171245,73.87761877115084,1.067573336853141,-1.4590551857211693,0.6111418686656691,-3.4163583927537218,220,157,244
2025,20242025,71,Drexel,CAA,33,18,15,1345,61.5,45.8,1898,870,51.7,1192,616,36.0,706,254,69.9,469,328,1214,850,364,31,402,0,4,486,199,335,1070,2322,24.7,30.0,0.19,52.5,41.6,1944,808,47.3,1253,593,31.1,691,215,69.4,542,376,1081,723,358,20,313,0,2,474,305,413,992,2207,27.9,33.1,0.15,47.1,66.77251550754954,12.939898366917259,54.36966878190723,3.1327697864246815,7.075971067612679,44.09517207724368,49.90692441421343,34.23157846979853,67.00548556452604,10.630587149914989,12.257721127069754,7.955353119676759,11.586463599313548,29.323049795810796,1.0451271305007537,11.647701038168547,53.505684590675386,3.4461982362675143,5.971082621003994,43.00348734463189,49.274807813790574,32.754462849824726,72.23395761985972,23.984604841435647,10.848758655593462,10.32013514597358,13.364745484399995,30.336446130854654,1.0551348783134893,69.78576752872233,70.45401002474387,72.45949685958354,72.4610753391375,76.59903753123515,68.25661836275322,2.132800241252151,68.55879926464523,68.55584916028374,70.65277573776217,66.45941883944262,1.0662540630331534,3.9006975949383076,5.946261793472985,1.7971995233105957,70,242,23
2025,20242025,72,Duke,ACC,39,35,4,1560,65.7,49.3,2289,1129,57.9,1269,735,38.6,1020,394,79.0,752,594,1488,1073,415,14,364,0,4,618,440,593,1334,3246,32.9,27.9,0.14,57.9,38.4,2287,879,43.0,1410,606,31.1,877,273,72.9,572,417,1207,805,402,37,443,0,8,647,224,377,980,2448,25.0,33.3,0.17,44.4,65.68098041064965,16.033563229805758,59.200565035833726,3.1949593680592505,6.522506184297602,48.07291781081308,58.535085297106484,34.31142346674932,72.27975485086247,12.022566954186974,10.856836405983776,9.947496758629528,13.414387120191,36.5095543047877,1.2018524641585435,12.4494863227559,51.38220573939579,3.3673730726958873,7.133420058096703,40.898168982523664,48.065974214067886,32.84445710244163,72.2198912932179,27.047605395620756,11.531584040108934,8.594813883112838,11.636336702507036,26.238191824874743,0.9921952421119544,78.9388481548883,65.16835626069506,82.32030450991115,82.30975867496254,86.57867348058878,78.04342919914271,2.169069045097803,66.28519650692134,66.28760863511826,68.40758465393063,64.15219055039212,1.0890710934633727,16.035108002989816,18.17108882665815,13.891238648750587,1,6,3
2025,20242025,73,Duquesne,A-10,32,13,19,1290,64.7,43.3,1838,795,50.1,1052,527,34.1,786,268,65.1,544,354,1091,717,374,17,387,0,9,564,364,460,952,2212,29.6,34.3,0.19,50.5,43.3,1684,730,47.5,1077,512,35.9,607,218,72.4,659,477,1065,750,315,27,430,0,7,521,337,411,908,2155,39.1,29.6,0.21,49.8,68.08587394803563,14.404502263668633,56.18372738862134,3.7649817829192043,6.813303258842731,44.893281350308726,53.93506325381068,33.34875354180597,72.20093528986594,10.490283139275258,12.331505292937237,11.674990693001607,14.534829514337147,33.009793549556534,1.0953988970501294,14.193948961089355,56.979642430338096,2.976399585070702,7.319038680031708,45.52947030786951,51.79368538805485,34.64366724226809,72.22176307155722,23.933294386059572,12.620713075486075,11.49903136808877,13.875797496374965,30.419449720979756,1.0943017266842676,74.58119122737236,74.50648942414279,74.79027407467419,74.79349393172367,79.0280775440498,70.53050716151797,2.1647711447601266,76.11689803322139,76.11387738899774,78.22090911244737,74.01198861553385,1.0687202698240943,-1.3266239585472022,0.8071684316024204,-3.481481454015878,213,143,251
2025,20242025,74,East Carolina,American,33,19,14,1345,64.9,43.6,2015,879,50.1,1312,657,31.6,703,222,72.0,725,522,1227,801,426,16,359,0,3,516,453,449,1132,2502,36.0,34.7,0.16,49.1,44.2,1953,863,47.6,1266,603,37.8,687,260,73.6,609,448,1147,794,353,22,393,0,8,571,351,411,1038,2434,31.2,30.8,0.18,50.8,68.18060070433606,11.906638809771586,52.57316182137979,3.3453950349462516,6.805995474854539,42.7926937548709,48.5569831198095,31.852000235981112,70.56500308690752,11.969638312959798,11.988743321776022,8.681443952184116,12.079651049953132,30.920666943445372,1.0361767513775935,14.884139302984256,56.19855039140665,3.8052737803780694,6.507270916678443,45.54158787196203,52.5070819177151,33.86927173733427,72.22619829013593,23.788552441904987,11.362048502231175,12.414381870405212,14.56497661795104,32.058549988453834,1.1175219315787734,70.6471533447918,76.19331659531072,71.47760305261913,71.48564150508419,75.65753653059195,67.27756917683041,2.142715976635775,77.06350230901847,77.06600605593249,79.18213173149624,74.99305665687456,1.062996498165234,-5.585899256399344,-3.5245952009042867,-7.715487480044146,317,278,287
2025,20242025,75,East Tennessee State,SoCon,32,19,13,1280,61.3,43.3,1881,815,49.4,1101,544,34.7,780,271,66.1,605,400,1186,782,404,28,347,0,3,523,328,444,944,2301,32.2,34.1,0.18,50.5,42.5,1764,750,48.6,1047,509,33.6,717,241,67.1,577,387,1066,744,322,16,408,0,3,517,258,396,856,2128,32.7,30.2,0.21,49.3,66.4858788517936,13.954100241906866,58.30886402900237,2.9037940585194804,6.030168606320564,47.64337950981526,56.114633329071616,34.208629284600235,73.6024372541584,9.252964530492235,10.524036965227971,9.562091468622741,14.583377876990495,35.31599444374624,1.1380024292966493,13.201538935531152,55.4821180572766,3.2656724475727863,8.120929941697081,43.8450072402374,52.3277828020249,33.664636507480004,72.2244609859917,24.020411408998054,12.18294633279155,9.609697942562756,11.623163006748456,28.243201773453887,1.0659919033088,75.66109164726383,70.87340854038175,76.32814828965756,76.33748395871983,80.56248641387548,72.11700484218512,2.1625442389291267,71.03329971181242,71.03218677997542,73.14794276648843,68.9317017158035,1.071113923027228,5.294848577845144,7.414543647387049,3.1853031263816263,49,97,58
2025,20242025,76,East Texas A&M,Southland,31,5,26,1245,67.5,41.6,1714,713,51.1,886,453,31.4,828,260,64.4,480,309,948,644,304,22,475,0,4,520,324,482,848,1995,28.0,32.1,0.23,49.2,47.4,1746,827,52.6,1142,601,37.4,604,226,69.2,637,441,1139,778,361,16,420,0,4,479,370,565,1118,2321,36.5,31.7,0.2,53.8,67.61478490957738,14.552118806836685,53.946674719484896,3.210913376040036,7.055857842363453,43.21199982994986,51.93709808434132,32.68692630887598,69.34396038813865,9.404431353361593,12.777030574796274,9.21595896813001,12.273987104264554,28.951405337251707,1.020887208762786,14.637617449490934,55.88873396791121,3.219550650061853,6.733726264559015,45.36560793133386,51.16506235189205,34.664472944823665,72.2157359290967,23.397462990772265,11.752500976960059,9.767878122780003,15.007227915334035,33.19003742933025,1.1017936918405618,69.0270690374346,74.49754348852876,70.60969315127251,70.60826003084703,74.84606745020032,66.36130943247497,2.1624149516439375,74.49919084673436,74.50187252819954,76.5794633720367,72.38696348748316,1.0708789073252056,-3.8894976954618556,-1.733395921836376,-6.025654055008189,283,309,184
2025,20242025,77,Eastern Illinois,OVC,31,12,19,1250,51.5,41.2,1801,742,45.0,1281,576,31.9,520,166,67.8,608,412,1094,736,358,26,385,0,2,577,295,487,930,2062,33.8,32.7,0.24,45.8,42.5,1680,714,48.7,939,457,34.7,741,257,70.9,642,455,1125,800,325,24,463,0,2,520,250,386,796,2140,38.2,28.9,0.29,50.1,66.47672953617261,11.593849213821734,52.32811831289587,4.002907349075418,6.41537725042292,42.11639356737773,47.138189575192676,32.95552079854201,73.86743926305446,9.907869168665501,12.248677345573917,11.497642945831808,14.34779276237847,29.224019725864743,0.9957753206591673,14.184153797135298,55.49774995363382,2.9961552075783953,7.247169921207467,44.4095860381487,53.113161232721026,33.21413529947543,72.23304966562762,22.444055209567793,12.629203417835644,10.22991743413469,14.7637578721715,31.64145034643285,1.0840635377649122,66.19588667025502,72.06499860002451,65.67161681975891,65.68548626003974,69.89647859802503,61.45829508341702,2.1593586962740132,71.74729776312519,71.74625438235961,73.88163795362266,69.66025530664861,1.075589448524969,-6.0756809433662795,-3.985159355597631,-8.201960223231588,323,361,83
2025,20242025,78,Eastern Kentucky,ASUN,32,18,14,1300,65.7,42.4,2081,883,48.2,1197,577,34.6,884,306,75.0,559,419,1183,752,431,19,315,0,2,536,330,490,900,2491,26.9,36.4,0.15,49.8,45.7,1902,870,51.7,1204,622,35.5,698,248,70.5,596,420,1197,832,365,21,416,0,6,500,312,333,1098,2408,31.3,30.5,0.19,52.3,68.27171825732017,13.949453897904343,55.93824366426202,2.832872994391043,7.017152324304607,43.9627391288241,51.94056120080303,34.35177825652664,71.52849314297056,11.835277127014608,11.787588084890617,9.524743061040216,12.130415356863697,27.718043383642925,1.111560917208304,15.173242678010231,58.60699345074495,2.989280959246028,6.222414566030095,47.37990298240352,55.57679949736091,34.42901739283455,72.22544029813432,23.263348602696617,10.668437833196332,12.413245850158278,14.392593122244724,34.496158679708515,1.1634983518025481,75.88817376549373,79.43403166711995,77.07855642393012,77.07505960082968,81.3296237644889,72.8428891308335,2.1418578550719722,80.05724601721133,80.04612748729025,82.16148937951239,77.97330036386376,1.0668413312339196,-2.978689593281203,-0.8318656150234887,-5.130411233030259,259,73,347
2025,20242025,79,Eastern Michigan,MAC,32,16,16,1290,67.7,46.0,1812,833,52.8,1122,592,34.9,690,241,73.7,608,448,1043,722,321,19,416,0,6,578,360,438,1038,2355,33.6,30.8,0.19,52.6,46.0,1823,838,51.7,1112,575,37.0,711,263,74.5,685,510,1077,746,331,15,395,0,3,585,321,466,1010,2449,37.6,30.7,0.18,53.2,68.18971816668076,12.596878022471232,54.417745982576726,3.6166475467004244,6.546952505446124,44.684793392782574,51.13560019481989,33.11763182844031,72.95113085307878,10.005747672971072,11.8668061091966,9.317687437867642,12.457852509866784,34.37319137077435,1.0455910709694813,13.373724136596001,54.74565401564254,3.956062129457124,5.96036055205953,44.4262675925466,50.81796692997584,33.63964544421776,72.22707886248631,25.105792955181574,10.990416854091778,12.12109958384707,13.0515508396415,34.00616719989934,1.0850284512872421,71.29856044700684,73.98778429610715,69.5063095914781,69.50108424883771,73.7732336700978,65.29601752384599,2.144506815200956,74.58154244984024,74.58298621489867,76.68543858767738,72.48907509334471,1.0740270405527987,-5.075232858362142,-2.9122049175795865,-7.19305756949872,307,330,190
2025,20242025,80,Eastern Washington,Big Sky,32,10,22,1280,65.4,45.6,1792,818,53.4,1128,602,32.5,664,216,77.8,554,431,963,690,273,15,401,0,13,583,298,460,1058,2283,30.9,28.3,0.19,51.7,46.7,1787,835,53.0,1106,586,36.6,681,249,73.4,676,496,1071,739,332,20,419,0,4,534,328,419,1076,2415,37.8,31.0,0.2,53.7,67.8866160545107,13.657704430848794,57.54114277667391,3.0967377852106517,7.131797414227799,46.99442386320784,53.79538449637453,34.93409821367172,73.8163697347396,10.260476173612599,12.133759491586412,8.21908935878149,12.987964215422577,34.022184261945306,1.1206941637185805,13.56769305191273,57.97758776874967,3.380312732698279,6.105885676390268,46.99835848919277,54.97657322634653,33.91460822229459,72.23159785428702,22.477098821389795,11.464661611371362,10.176605952463202,14.320682262054298,34.48447466081385,1.1322848947228517,76.08013440689423,76.86698991237229,75.14086940101461,75.157077142779,79.33493189310651,70.93997181481892,2.1501696332041824,76.74596278701543,76.74714495828945,78.83554764859653,74.67555931268097,1.0660631413392996,-1.6050933860008172,0.499384244509983,-3.7355874978620562,226,132,271
2025,20242025,81,Elon,CAA,33,17,16,1325,63.4,44.2,1857,821,52.4,1072,562,33.0,785,259,74.9,710,532,1314,897,417,28,413,0,4,447,301,373,978,2433,38.2,31.7,0.2,51.2,40.4,2058,832,46.4,1170,543,32.5,888,289,71.5,506,362,1087,691,396,25,296,0,8,586,322,468,920,2315,24.6,36.4,0.14,47.4,67.3511448765355,14.539895398912122,55.929649588505555,3.5917722465975728,6.509045132997263,44.90927503444226,52.69854884552011,34.081749610283005,71.43539400344935,11.361812712487895,11.10244899158783,9.185235790778925,12.831180293406675,33.852298055100036,1.1169655085880101,14.968934527623142,56.84930405108404,3.074650122310484,6.601673589150483,45.47877149868579,52.79905489024959,34.71872208976863,72.22109293363488,23.493264566806996,11.365860176396362,10.151463781571607,13.661506316282567,31.172692782606816,1.1354000399467261,75.22890579100422,76.47049258327614,76.36169292322994,76.35342556329891,80.57302992869064,72.11207941025584,2.156075705504148,77.1201241644413,77.10537616234492,79.20857126946377,75.04203277928956,1.0663572194846616,-0.7584312412113547,1.3644586592268695,-2.9299533690337114,196,96,291
2025,20242025,82,Evansville,MVC,32,11,21,1280,66.6,43.3,1759,761,52.2,1040,543,30.3,719,218,69.7,535,373,1054,809,245,17,377,0,8,527,284,356,956,2113,30.4,23.2,0.18,49.5,42.1,1824,767,48.8,1014,495,33.6,810,272,73.6,621,457,1153,828,325,19,355,0,7,505,293,421,850,2263,34.0,28.2,0.17,49.5,67.93864342738122,12.791474195019097,53.90771416787518,2.653549309627051,7.277296619293457,43.153780303838765,50.46394198054205,32.81787176083816,72.71882674841373,8.241835788582833,12.66281796148993,6.090013212213533,11.784151591333632,27.588154875478835,1.001344273165736,15.410590582892647,57.799372946370255,3.3586271627217092,5.325970289925437,46.32087909100647,53.62432964023333,34.9260073848179,72.22973314257602,23.177778706062202,10.790668964003139,10.415382972010422,14.572736525691433,32.19960128852065,1.1426373939849581,68.02997152265716,77.62923447673619,68.14885142435803,68.15022901014126,72.32697150016288,63.868763613358254,2.166769264493487,77.19350550166334,77.19254546930983,79.28665264031824,75.0689697057415,1.0742297164411791,-9.04465407730531,-6.959681140155354,-11.20020609238324,349,346,292
2025,20242025,83,Fairfield,MAAC,32,12,20,1285,66.0,40.7,1925,784,46.3,1196,554,31.6,729,230,72.6,500,363,1053,702,351,17,331,0,9,522,342,433,914,2161,26.0,33.3,0.16,46.7,46.5,1796,835,52.6,1138,599,35.9,658,236,76.7,545,418,1164,851,313,20,397,0,9,495,291,352,1064,2324,30.3,26.9,0.19,53.1,67.35032960039597,12.194649715677429,53.131417031861034,3.8498545805993585,6.046451859106912,43.37519692276679,48.87474907708979,33.73473533707382,70.58715220906005,13.097077158733569,10.557471283666468,9.277113115368483,13.47628017703428,32.14242532232735,1.0909726285752261,13.643869036034653,55.267684233971494,3.403502897026748,6.381209609631208,45.042216728845496,51.09872391417595,33.96346243094676,72.23170385419249,24.24312691295944,11.294225873059395,8.726222054185566,11.598307570134452,33.77657383495531,1.0778324449658645,73.47736611955185,72.59237042245162,72.44966413974042,72.4564751709828,76.67531283104228,68.16851579579497,2.173915773168838,72.90921624271449,72.901644169724,74.97501622504119,70.7959427714432,1.068465321187733,-0.45955210297407234,1.7002966060010891,-2.62742697564822,183,243,123
2025,20242025,84,Fairleigh Dickinson,NEC,33,13,20,1340,66.5,43.6,1946,849,50.9,1127,574,33.6,819,275,71.1,644,458,1112,793,319,22,386,0,3,532,289,464,1072,2431,33.1,28.7,0.17,50.7,44.1,1989,877,52.2,1259,657,30.1,730,220,75.1,587,441,1225,857,368,25,419,0,3,551,294,457,1120,2415,29.5,30.0,0.19,49.6,64.6193370704331,12.100561994776204,52.950876144620366,3.11788164880085,6.405569789846996,42.08913093544194,49.98609158803839,32.55810059024918,71.02034476747838,11.421579673296941,11.696831612078121,5.2346060261617025,10.85203198095128,27.13589113983076,1.0369707459221171,12.962681028094986,57.08678285493229,2.0327564901266477,5.28145191142119,46.04074006294821,52.94472105681735,34.4872469564221,72.2270044020539,23.17293127312272,10.868532112065727,9.289414501988107,13.488006756684253,30.21907087715875,1.110572088265916,67.00836216291974,71.76443211267001,70.14826929821645,70.14927887829717,74.36505167727634,65.94872479651052,2.148873498968422,73.17483049452352,73.17288346249313,75.2937917004046,71.09184977848724,1.0743139585944281,-3.026561196307071,-0.9287400231282561,-5.143124981976726,263,322,134
2025,20242025,87,Florida,SEC,40,36,4,1600,68.1,47.1,2510,1182,56.1,1413,792,35.6,1097,390,72.8,875,637,1673,1124,549,20,444,0,3,684,615,588,1464,3391,34.9,32.8,0.16,54.9,40.0,2441,976,46.3,1532,709,29.4,909,267,71.2,794,565,1336,876,460,26,469,0,4,705,319,439,1246,2784,32.5,34.4,0.17,45.5,71.3716645421602,16.440393207778797,57.46290507343719,3.0404596262295325,6.405126856884774,47.319755882105426,57.196555078267345,32.54144984592631,71.9254067433157,14.760642952068526,11.64850752815082,14.74505451004842,14.48636995795684,42.122365791699394,1.1913764388968706,11.66409471612098,52.619551671048946,4.633108449591895,6.568517674033045,42.19453330373114,47.4505012851989,33.442949508663055,72.22533959375421,28.02364652277798,11.081931733021099,9.458168075628901,12.499044395844525,31.206831722936542,1.0280900476418968,85.03051954038088,73.37649799943097,83.0315807260896,83.04172938642509,87.400531593525,78.69778279182022,2.2123032968951835,72.70090427073418,72.70848830707848,74.81547360257956,70.55747095833365,1.0809350730072533,10.330676455355416,12.585057990945444,8.140311833486564,10,3,115
2025,20242025,85,Florida A&M,SWAC,31,14,17,1240,68.3,44.4,1667,740,52.5,894,469,35.1,773,271,71.3,596,425,1029,742,287,18,411,0,10,534,316,365,846,2235,35.8,27.9,0.19,52.5,44.0,1749,769,49.8,1120,558,33.5,629,211,70.1,685,480,1042,710,332,20,340,0,8,491,368,487,986,2334,39.2,31.9,0.16,50.0,69.14573949775007,12.94843000394605,54.004411251912344,3.322783981225719,8.021779873082696,43.5067239024846,49.959392165588824,33.43406676642749,70.17240774349852,10.75587414239878,14.287627027023975,10.056735294845957,14.139111171188922,31.17600512048237,1.015256277629127,12.802649712240866,55.740204142943966,3.186638211740453,7.8665670238113,44.82659662302877,50.45809369365512,34.27219441842822,72.23170899880478,23.686704157489253,13.24399757793241,13.807003708071779,16.382590878964237,32.41061925092308,1.067459969725855,70.20064609639904,73.81030899094016,70.17631890937255,70.18016553144041,74.42362692902063,65.91968315595541,2.1589098956362904,73.52117760104144,73.5269600995436,75.6072929511409,71.41375635733216,1.0683706979466685,-3.3448586916688896,-1.1836660221202777,-5.49407320137675,270,320,152
2025,20242025,86,Florida Atlantic,American,34,18,16,1375,67.0,46.3,2059,954,54.0,1219,658,35.2,840,296,69.7,679,473,1255,877,378,5,389,0,9,587,380,481,1210,2677,33.0,30.1,0.17,53.5,43.3,2067,895,46.8,1329,622,37.0,738,273,73.4,689,506,1222,834,388,25,395,0,6,581,364,444,1084,2569,33.3,31.8,0.17,49.9,70.24722211227635,13.185127158909783,55.75230555412545,2.994791072369659,7.259535575115895,45.49737361769982,53.43388393597415,33.392320899782824,71.07162365020028,11.225032304972606,12.293226091057,11.599566536774468,12.729506740593743,34.4668012261473,1.0903845583982479,12.50874118611251,54.73189888298212,4.807397742076629,5.9082330413387805,44.07759745904056,50.128988054470646,33.79787387247142,72.22702181278862,25.912347380746688,11.117261873574694,10.651686439014867,13.717214163556797,33.839490025387306,1.0736076394752863,76.59648626159807,75.41795431165714,74.33353418105705,74.33572448892788,78.5436041252558,70.07668522278304,2.1601161733954175,74.94237884831637,74.9402881246734,77.08145130332774,72.8411982588373,1.0835427437676268,-0.6088446672593193,1.4621528219280577,-2.764513036054254,192,165,207
2025,20242025,88,Florida Gulf Coast,ASUN,34,19,15,1360,61.2,46.9,1990,934,54.2,1225,664,35.3,765,270,68.5,461,316,1208,871,337,17,360,0,3,506,286,400,1198,2454,23.2,27.9,0.17,53.7,42.5,1951,830,48.2,1106,533,35.1,845,297,72.0,574,413,1089,776,313,26,319,0,2,460,276,416,958,2370,29.4,28.7,0.15,50.2,68.11797964250468,14.490095482736997,55.52877415838876,3.2766735698206735,6.542778336336359,45.58623351294175,53.25686764693903,33.68281029902059,72.13686323270478,11.103648324859883,11.326575844325884,11.299958685182837,13.041894026261568,32.71101338351168,1.0972770425127913,14.024019131701502,56.99696962329845,3.396983794781157,7.295816583525106,45.07999132407533,53.023098825960844,34.101593601969995,72.22551896169529,24.417634243464544,11.330067039455274,9.955230024439402,12.89818465072494,30.585008510894877,1.1160181569709138,74.74429524407407,76.0209020972103,73.91657850242935,73.92760834870512,78.13972338898424,69.70717676037853,2.1416463371235053,76.82213191128116,76.81747016331354,78.94049561003092,74.71496511361575,1.07850501677741,-2.905553408851816,-0.8007722210466852,-5.007788353237217,258,179,272
2025,20242025,89,Florida International,CUSA,33,10,23,1340,64.6,42.5,1932,821,48.5,1347,653,28.7,585,168,70.7,672,475,1158,781,377,15,451,0,6,560,363,536,1172,2285,34.8,32.6,0.21,46.8,44.3,1858,823,51.4,1127,579,33.4,731,244,72.5,676,490,1145,819,326,37,486,0,2,577,321,489,1018,2380,36.4,28.5,0.22,50.9,71.00136459226546,13.346331893796624,54.98777369573988,3.3894561740773685,7.566187184371542,44.80193104077536,50.05640973037137,34.13593036974728,70.58263270610725,12.059105776602316,12.499953529198862,12.266847353506385,15.946242974109657,35.22892095502095,1.0783201234464934,16.173474465908363,56.396755835836764,4.130435230744414,8.284456715448817,44.93179867045827,52.19196951951318,34.55475690312195,72.21943039105916,23.724422107153977,13.83138217759595,10.258815009314516,14.176850824224303,31.07859495483287,1.0978908474523645,76.56220023200117,77.95174834247663,74.79121452330315,74.79546050892799,79.06807071320259,70.45302468932125,2.1808530674882847,78.05191800319048,78.0521243317549,80.15365507922237,75.90773472427857,1.0817443202987158,-3.260703479887326,-1.0855843660197877,-5.454710034957316,267,142,318
2025,20242025,90,Florida State,ACC,32,17,15,1285,67.0,45.4,1838,834,52.3,1219,638,31.7,619,196,71.7,724,519,1107,781,326,5,393,0,17,611,338,451,1084,2383,39.4,29.4,0.18,50.7,41.8,1864,779,48.9,1079,528,32.0,785,251,73.0,699,510,1136,772,364,14,431,0,8,608,240,416,936,2319,37.5,32.0,0.2,48.5,69.89833260441556,14.121431613438418,55.97276472361142,3.7413268832412623,6.722614336006091,44.17107604299704,54.25335780624103,33.45382732602849,71.31779404128122,11.390120406154153,11.161425355042388,9.854056514926787,14.961203789109073,31.434864552972336,1.1210864400321812,15.005731855165209,55.77916827574425,3.727883100784035,7.586796206953957,44.60042440707419,52.52778904216027,34.08279775138434,72.21730354725787,23.84647794772138,13.186042342829108,10.754176870603095,13.02699368979213,30.694500698550023,1.1022752543542933,78.36207286366958,77.04720235047316,76.6279565630747,76.63308335535066,80.83422662814114,72.370584848525,2.1684144992767003,77.08476617645049,77.07552882448634,79.20336396258264,74.98030094174905,1.076292601706612,-0.45680961337578196,1.630862665558496,-2.6097160932240513,182,90,290
2025,20242025,91,Fordham,A-10,33,12,21,1335,67.6,42.3,2008,850,49.3,1172,578,32.5,836,272,71.9,668,480,1199,798,401,22,434,0,6,618,411,476,1040,2452,33.3,33.4,0.19,49.1,46.9,1942,911,52.6,1320,694,34.9,622,217,71.6,746,534,1198,852,346,17,396,0,9,578,363,450,1246,2573,38.4,28.9,0.18,52.5,65.76183454414314,12.998195192579411,52.89928043654189,3.244507317142157,6.094471625546099,43.43639764171743,51.35274091779154,31.847195753551762,71.4737705769551,11.90507823720548,11.330367723878517,7.937976960668154,12.877298943267869,32.52489265667561,1.0471338405104647,14.446878067054868,54.48012499418407,2.447287617937623,6.8457373429405575,43.752915200273705,50.96620774249262,33.7115997168508,72.2148115381031,24.604971641681338,11.058429881167017,8.984319144775393,11.782551754568729,28.20844895499269,1.055455885461719,68.86144236522235,69.40871530837566,70.18503202297849,70.20269209464362,74.42879576540211,65.91031977833296,2.1823349987805027,69.47641621513552,69.47146825223876,71.59220037525562,67.3363553354125,1.0816196141368264,0.7086158078429747,2.836595390146499,-1.426035557079544,154,318,30
2025,20242025,92,Fresno State,Mountain West,32,6,26,1315,65.7,40.6,1927,782,45.6,1247,569,31.3,680,213,69.2,701,485,1101,770,331,19,412,0,7,494,328,450,1070,2262,36.4,30.1,0.19,46.1,46.6,2068,964,56.0,1178,660,34.2,890,304,72.2,485,350,1308,910,398,21,418,0,9,586,353,494,1196,2582,23.5,30.4,0.19,54.0,67.92123708184542,12.630212410188093,55.07195677334885,3.3732281015769123,7.18526993277337,44.26785112825885,51.90952834885442,33.24282585637192,73.95591167207412,9.735394734120282,12.448417913343512,9.415768317078284,14.314595156925062,31.723715941711156,1.0694603917732337,13.808239105388132,55.4465528382757,2.407486622369534,6.641646078463276,45.01455162190885,55.08132636453008,32.74956013065297,72.22728256212498,24.380041325821125,12.438043605705609,11.891670371237645,13.518271733283049,33.10830750206869,1.0887838505254719,72.6390728192731,73.95154604242512,71.25077418474477,71.24861516627433,75.45363748399414,67.01960331152121,2.139718597319487,75.20457805271879,75.21230986304309,77.30906588898087,73.043047570101,1.08540054942226,-3.953803867974017,-1.855428404986725,-6.0234442585797865,285,287,216
2025,20242025,93,Furman,SoCon,35,25,10,1415,64.7,45.8,2024,927,55.4,987,547,36.6,1037,380,68.7,681,468,1270,902,368,24,391,0,0,522,304,525,970,2702,33.6,29.0,0.17,55.2,42.2,2077,877,48.9,1266,619,31.8,811,258,73.5,586,431,1199,823,376,15,394,0,2,568,278,452,1086,2443,28.2,31.4,0.17,48.4,67.18831764851663,14.717485280609857,57.28189999367825,3.2818109842811913,7.320654823785398,46.4703056532555,57.78088550405053,33.89113864767774,69.7827949126806,10.154766030798303,11.934210775278375,8.892639507790085,11.17151592551524,31.90875003613593,1.1103991181580002,12.856809297760176,54.28120693251571,3.2669771822781577,4.876436219311827,43.95784393824119,51.7663590729898,33.43583296026283,72.21472148453071,25.807264284846035,9.659056671493008,9.555335629281418,13.616167619141676,31.49567863693163,1.0866795486437406,74.60584866743247,73.01217069642232,75.29219306260902,75.27252358939978,79.57892493070139,71.01486827701933,2.175991501194321,72.6104510651074,72.61443615082368,74.70516400206482,70.50746334606494,1.0734398712710127,2.681741997501618,4.873760928636571,0.5074049309543938,95,129,113
2025,20242025,94,Gardner-Webb,Big South,31,11,20,1240,64.9,46.4,1774,824,53.1,1186,630,33.0,588,194,69.2,643,445,1128,773,355,18,451,0,9,584,233,352,1190,2287,36.2,31.5,0.22,51.9,45.9,1859,853,54.2,1153,625,32.3,706,228,70.5,692,488,1044,709,335,19,321,0,5,568,331,498,1128,2422,37.2,32.1,0.16,52.0,70.76291790573435,10.663199001426896,52.96345956510597,3.39479112156222,7.744642726766095,42.89809065413984,49.3779806793363,32.870045062804785,68.26282891196249,9.037248022154186,13.322019633904207,9.629885503375476,11.664946180824442,31.15160234018822,0.9872743251944214,16.111648686013705,58.46023274641385,2.6557146494747537,6.200477974981342,47.83952608313134,56.69123460618056,34.158239419365856,72.22430121976538,22.653063560864066,10.967634989076663,10.978307030639112,15.334274611722778,39.38863901261013,1.1813235996690208,69.86241202417212,83.59390490348551,66.79709954791433,66.80880748389671,70.97260865806354,62.483595894116185,2.1617648636193736,81.58324370349808,81.58245576725525,83.68951048659173,79.4814600819471,1.0745228928328439,-14.786144155583756,-12.716901828528194,-16.99786418783092,364,355,360
2025,20242025,95,George Mason,A-10,36,27,9,1470,64.5,45.5,1908,869,51.5,1203,619,35.5,705,250,71.4,807,576,1310,946,364,26,466,0,20,595,279,539,1094,2564,42.3,27.8,0.2,52.1,38.3,2031,778,44.7,1096,490,30.8,935,288,71.5,632,452,1160,773,387,34,461,0,17,682,306,508,842,2296,31.1,33.4,0.19,45.4,65.45841796321587,12.557656330271993,56.48966338776693,3.3878162844929673,6.322103789930355,46.070484295254445,53.19866517689141,33.19677197075216,72.02967965597965,10.038405066113617,10.599065026646679,8.892515295616992,12.2223441233711,33.39625640587101,1.1191649864401012,13.235111564240151,54.17093584195042,2.990672271740167,5.281378902483555,43.61991739548643,51.09661671124642,33.52559870634783,72.21611824984868,24.707172281609335,10.231696226495245,8.777135576661895,12.150178059279321,30.052649664752828,1.0768238852473018,73.25876945219296,70.48718795329188,76.00784692399594,75.99551231381375,80.1849939238387,71.84242087289225,2.143399961476431,70.39473805472606,70.39374626842363,72.4876879275406,68.31055542456541,1.0705753977191084,5.61310886926988,7.697305996298098,3.5318654483268404,46,107,48
2025,20242025,96,George Washington,A-10,34,21,13,1375,66.9,44.6,1906,850,54.0,1106,597,31.6,800,253,69.4,770,534,1189,822,367,19,429,0,8,511,343,518,1162,2489,40.4,30.9,0.19,51.2,42.3,2001,846,49.1,1219,599,31.6,782,247,73.5,528,388,1185,792,393,18,450,0,7,588,310,497,1026,2327,26.4,33.2,0.2,48.5,68.74003242471342,15.191459609692698,57.333013003843234,3.3463224097530557,7.672564197399172,45.739714337963406,54.739713743054864,34.30039418671961,72.09226100405887,12.289486231554116,12.705507600468778,9.304061528620045,13.990556167076585,33.38864511659612,1.1360647171894331,15.443985967574461,56.18396581256917,3.4520158939507435,7.1436436264285685,44.95381271689818,53.24182345558957,33.82028499432088,72.22560506504075,24.444168565720034,12.276887548401596,11.46185579625959,14.745885065662517,32.02282125445921,1.0782045498038555,78.09312549617451,74.11581571399056,79.11106441707814,79.10835161555555,83.31771926406005,74.90892615906547,2.1500876791281285,74.69012484259997,74.69528916294334,76.7557685623267,72.5674233698576,1.0610032610281772,4.420939574478169,6.561950701733352,2.3415027892078797,59,37,199
2025,20242025,97,Georgetown,Big East,34,17,17,1360,67.6,44.5,2043,909,52.1,1273,663,31.9,770,246,70.8,537,380,1193,820,373,18,397,0,10,524,420,496,1128,2444,26.3,31.3,0.17,50.5,42.7,1956,836,48.6,1172,570,33.9,784,266,76.0,566,430,1166,825,341,42,448,0,12,518,315,409,978,2368,28.9,29.2,0.2,49.5,65.72396489703698,14.588659215945063,54.77284733221959,3.4152336013131714,6.287542847485849,44.217162007501365,50.9807396645856,32.57082194086217,73.67929864630321,11.053918088808363,10.789626976076033,11.578266728589082,13.104632367671647,32.61176915416582,1.0931615157190269,13.859068366638262,54.879836535117434,3.5319714504252526,6.531539755488981,43.67281413073421,51.04294877176432,33.76671607753889,72.22270907472678,24.2468389837074,11.125956533583771,10.475038300439607,12.300079410316759,28.647351620933506,1.0943662084109886,71.84690908590906,71.92608626610728,75.57623706240271,75.56413683332454,79.81243579912415,71.36068347488593,2.1393732085676023,73.18014732421823,73.17894054532883,75.28548317895682,71.1065639588762,1.0686563530502489,2.396089738184486,4.526952620167322,0.25411951600973737,106,119,135
2025,20242025,98,Georgia,SEC,33,20,13,1320,67.7,46.0,1870,860,53.7,1178,632,32.9,692,228,71.7,750,538,1203,812,391,19,427,0,8,549,336,459,1138,2486,40.1,32.5,0.19,52.1,41.3,1959,810,47.9,1168,560,31.6,791,250,73.7,593,437,1077,696,381,21,407,0,8,655,329,488,948,2307,30.3,35.4,0.18,47.7,72.90698778115389,14.395597078165638,57.667944582541935,3.5438056207729978,6.924426368415101,46.144665312259896,55.811631085412884,33.701790581395684,74.26481989794381,12.577373076993558,10.976230465849868,17.90945747594291,17.03087078123254,37.47982302835429,1.1835777816551498,14.002746246770581,54.957182633903855,5.377475652591841,7.995282324484256,44.58629111565998,51.41382757652365,33.75525102291455,72.22680348155362,24.75950808489916,13.26099862690911,11.961359607051243,12.61131854770854,35.88736494248096,1.0948160472368267,86.29109086517722,79.81974017850652,80.63624035966257,80.62000655373166,85.0162886298425,76.3768041464813,2.1917874439754095,79.0219448396047,79.0199763394728,81.14151057431141,76.90715969129286,1.0855252652528293,1.6142955200578655,3.8747780555310953,-0.530355544811556,131,19,334
2025,20242025,99,Georgia Southern,Sun Belt,33,17,16,1340,65.1,43.0,2063,887,49.9,1151,574,34.3,912,313,65.8,550,362,1233,811,422,15,444,0,9,648,350,525,1086,2449,26.7,34.2,0.2,50.6,43.5,1924,836,51.0,1159,591,32.0,765,245,71.3,825,588,1260,861,399,28,427,0,6,514,377,499,1026,2505,42.9,31.7,0.2,49.8,71.99273149756587,11.25667563522298,56.247600880735,3.0212895592293907,6.535190027802002,43.72822110359859,53.08910986972223,33.526254290641475,73.734482291661,10.681575850670002,10.786405469765128,9.874569661924799,15.481960480567441,30.647342088465518,1.1119348029368856,12.728225515010623,56.92977830239326,3.5062622084418464,7.793632954196693,45.59174212028573,53.09583536607422,34.123467667358284,72.22976707530579,23.13317368744092,13.170660072528207,10.980059834419277,12.113642751682013,34.22269846538873,1.1145705692464107,80.05122371063402,80.24097972684599,75.17453045261907,75.17123485753146,79.53950233632554,70.87365373089158,2.1911240359612734,77.43300492281526,77.43148162434008,79.51600038568832,75.33609732220265,1.0696734475590883,-2.258474470196191,0.023501950637225377,-4.462443591311072,242,131,299
2025,20242025,100,Georgia State,Sun Belt,33,14,19,1325,59.2,45.0,1997,898,50.3,1322,665,34.5,675,233,68.6,656,450,1253,861,392,21,389,0,8,525,292,403,1088,2479,32.8,31.3,0.2,50.8,44.2,2136,944,52.2,1246,651,32.9,890,293,71.7,561,402,1186,789,397,17,308,0,5,554,358,482,1126,2583,26.3,33.5,0.16,51.1,68.48156761052523,11.627476213547633,52.21428672520464,3.050637345666197,6.116836915350624,40.009791051038306,45.57313914088472,32.12991885397049,75.61363551668659,10.450872890481342,11.117637106491333,7.612162922245008,11.973341258785913,23.652584425774094,1.0221203846949376,13.530384616684902,54.87763675802642,3.1391546668454433,6.673242676353655,44.47914779941499,51.56595217211612,33.49850073697642,72.21707455282939,24.036932107050816,11.379023280446564,10.12007214154472,13.517473855897647,33.60262380534027,1.0909690741987519,69.99640623058242,74.71127241573394,70.50587209571584,70.48611982380075,74.7332797888324,66.26276958825687,2.163019891766825,73.50904445581206,73.50397498232496,75.58625390169956,71.4458691689221,1.0616601844582338,-3.0031723600962152,-0.8529741128671589,-5.183099580665228,261,312,150
2025,20242025,101,Georgia Tech,ACC,34,17,17,1380,68.2,43.9,2045,898,49.5,1292,640,34.3,753,258,68.7,627,431,1262,891,371,26,414,0,3,538,306,445,1102,2485,30.7,29.4,0.18,50.2,42.1,2079,875,46.9,1231,577,35.1,848,298,72.4,584,423,1212,855,357,12,375,0,5,555,400,446,996,2471,28.1,29.5,0.16,49.3,71.55566482142663,15.232748396003792,54.55926794335294,3.9886458726642235,7.739644945696068,44.47974869350759,49.38154367149771,35.20003816458142,71.18959997497036,10.567167570569522,13.183577750148416,9.184711973171591,12.28241821294407,33.07651502583799,1.0411830068276107,14.971717192173632,54.87637129844075,3.745896970228677,6.098635097217645,43.53625977833447,51.005683622106666,33.799006757731675,72.2206728846521,25.85865948121285,11.173308784711429,10.694632167489315,14.260697074565554,30.247555756723372,1.097999759119766,74.50254225432167,78.56810273758116,71.13301398673494,71.13435993605773,75.44308749871693,66.85336801267798,2.1818707592088207,76.73976682750558,76.74186739749106,78.85660569721065,74.64566726838304,1.0756213262516152,-5.606752840770639,-3.413518198493719,-7.7922992557050605,318,291,270
2025,20242025,102,Gonzaga,WCC,35,26,9,1415,68.7,50.1,2212,1108,57.5,1469,845,35.4,743,263,80.4,678,545,1339,954,385,9,334,1,12,590,502,547,1488,3024,30.7,28.8,0.14,56.0,41.4,2104,871,48.9,1258,615,30.3,846,256,72.9,616,449,1148,798,350,39,449,1,6,617,248,362,1020,2447,29.3,30.5,0.18,47.5,70.3968529364108,17.543411470155537,57.61689844452829,2.8914080644759568,5.749402572044868,48.78019847780399,56.51545444960782,33.3516561081018,71.42675533505553,11.784716063188895,10.07574800283066,13.867648999494676,16.466019457556232,42.29470199074588,1.1800014690743352,12.54671731836175,52.19841469220181,3.527845168009659,8.006328414446786,41.30948307289087,48.10497052758498,32.71153736450601,72.22483131924339,27.05300511532216,13.580953590129102,8.275720239264285,10.621464380462653,27.247036373181263,0.9866306867800883,83.06838988317467,69.45569535980785,81.1719617190127,81.16775188276749,85.44689916955625,76.88486171444079,2.1975084317634437,69.93119087398837,69.92941065710002,72.0339100083173,67.78689707148175,1.0780725950621577,11.240770845024329,13.41298916123894,9.097964642959042,5,14,37
2025,20242025,103,Grambling,SWAC,34,12,22,1370,63.7,42.9,1863,800,47.8,1216,581,33.8,647,219,72.9,620,452,1150,848,302,16,431,0,11,558,312,470,960,2271,33.3,26.3,0.2,48.8,41.8,1953,816,45.4,1281,582,34.8,672,234,73.9,589,435,1181,823,358,27,422,0,10,519,360,466,988,2301,30.2,30.3,0.19,47.8,67.57895810383431,12.423777967801582,54.55283681208994,3.9797307056248883,7.898971506458125,43.27679122332243,50.11036059342889,33.28379576798085,72.93841973011821,10.264923816652095,13.94720096002995,11.165593317171098,15.09011560397068,29.345418308148542,1.0285731350114125,12.807598900130918,54.86054252766,2.9382377524020433,7.3995160558856305,44.398234256962624,50.74345853586832,33.32031092864526,72.22118718754682,23.128288579377877,13.769961850718499,11.172151608658108,15.421196974781674,31.483385534323258,1.04600381805495,69.50990079766575,70.68784819678619,70.50202285532298,70.50738881365456,74.77691574317711,66.2342272378163,2.154238450436983,71.34570327543597,71.34571786446124,73.47149666850531,69.24556337551806,1.0814369623951843,-0.8436804201129888,1.3054190746718035,-3.011336137701761,198,313,67
2025,20242025,104,Grand Canyon,WAC,34,26,8,1365,69.3,45.6,1986,906,53.1,1309,695,31.2,677,211,73.1,873,638,1263,884,379,26,448,0,8,596,359,538,1188,2661,44.0,30.0,0.19,50.9,41.2,2027,836,46.2,1326,612,32.0,701,224,72.5,643,466,1148,788,360,21,507,0,9,689,327,495,1072,2362,31.7,31.4,0.21,46.8,66.89693356698061,13.035296737868748,56.51106544152834,2.9887056646412975,6.477905419844199,45.49788445836409,53.86416984032507,32.9099503322347,74.39248104974895,10.55900163580471,11.930816144261057,10.572884499575892,13.602287898818554,32.930091453372036,1.1070915167484414,12.206011808346464,53.94847542515995,3.450955079787123,6.6287858818514245,42.72895302011715,49.22375821092027,33.418314499072636,72.22740734098417,25.47654418361856,11.916808262147246,9.27023447219408,12.947796534338249,27.47594592676895,1.0333575342133856,74.06102764848828,69.12845031721174,74.881490574767,74.89133071073988,79.05131541097923,70.70216570280463,2.137714068909797,69.91783904913626,69.91220172512672,72.0144767354891,67.84459163691407,1.0663760863135114,4.963651525630738,7.036838675490131,2.85757406589056,54,140,36
2025,20242025,105,Green Bay,Horizon,32,4,28,1285,68.1,43.2,1716,742,52.0,928,483,32.9,788,259,78.4,630,494,958,761,197,20,400,0,8,585,234,316,894,2237,36.7,20.6,0.18,50.8,47.3,1923,909,54.2,1152,624,37.0,771,285,69.0,677,467,1185,836,349,8,320,0,7,550,307,476,1122,2570,35.2,29.5,0.15,54.7,65.63100576191066,13.678781505057787,58.90746881902617,3.137208325401656,6.22810355160195,47.355682994447776,54.26411839754664,34.80913621711174,75.36498306325865,8.107395776759487,10.622437294914304,8.408895226319645,11.061208270117232,32.75224143819516,1.1324141581557994,14.512913525933916,57.249773742964315,2.853145721485578,4.766779017403702,45.60910739206569,53.03074943037243,34.64851821215229,72.22966154082935,23.35955466018766,9.24152983289023,9.588875829399434,12.372545887231677,30.907719324052817,1.1480357686505485,74.32148013879248,75.34674214718368,76.88889870141054,76.90878933670842,81.09804977249568,72.63668964452525,2.1592124082530297,74.88650888903885,74.88604174925365,77.01298986901023,72.76054023031726,1.0774764249051516,2.002389812371689,4.085059903485458,-0.12385058579201313,115,83,204
2025,20242025,106,Hampton,CAA,33,17,16,1325,59.9,42.6,2010,856,48.0,1269,609,33.3,741,247,71.2,604,430,1196,761,435,27,356,0,16,602,305,489,952,2391,30.0,36.4,0.18,48.7,45.6,1736,791,52.9,1095,579,33.1,641,212,71.7,718,515,1083,799,284,22,424,0,7,522,337,392,1020,2309,41.4,26.2,0.21,51.7,66.46584407653359,11.692394094887304,52.617964367235565,3.843429154148924,6.294989668180391,41.994571557714366,48.779279290045274,31.55124613630765,71.90365789607273,11.88044345808319,11.412968568475193,10.494183198314424,12.729120624773053,28.113244272360017,1.041681653701321,12.673466080224234,56.075411036357934,3.104070368809525,6.421448368150888,46.00769452210213,53.67161269086763,33.38623081523392,72.21144042424272,23.10937836473224,11.550046378859298,10.8892736056436,12.871671125842026,33.10172743668924,1.0853019124801728,69.23625037229765,72.13550769087087,71.5291608164309,71.53506763190548,75.76499656384625,67.34019065050745,2.1448866420689705,72.40555193232046,72.39824451336216,74.5152279277241,70.29905238233269,1.0716950585705762,-0.876391115889561,1.2497686361221554,-2.9588617318252375,199,276,110
2025,20242025,107,Harvard,Ivy,27,12,15,1085,64.0,44.3,1532,679,52.3,921,482,32.2,611,197,76.7,382,293,854,630,224,19,322,0,3,383,227,359,772,1848,24.9,26.2,0.19,50.8,45.9,1587,729,53.3,997,531,33.6,590,198,74.9,386,289,947,668,279,15,316,0,3,374,232,380,978,1945,24.3,29.5,0.18,52.2,64.90445614287417,13.921772569531608,56.996767652211204,2.7906891222455927,6.58016952430514,46.00596740072049,53.70767318790678,34.44286502401295,77.64500898686367,8.804716048135205,11.295029191268204,8.111458825922059,13.315556730395006,30.556694833345215,1.091881709762529,12.786939531319009,54.4486146862578,3.631026843747516,7.069464942334171,44.46937595368201,51.92240335642334,33.472179399112605,72.22829165627604,23.801001102459935,11.29700082120314,7.260632890746267,12.66147627144898,31.688812369762736,1.0512980902349156,70.86798854448853,68.23393079073945,71.98335501738333,71.98450415902465,76.26626158052815,67.72335176579132,2.180636830854145,68.48125127754096,68.47881778445038,70.59126646233057,66.3759686966108,1.0753518281842482,3.5021037398423687,5.674995118197586,1.3473830691805233,76,259,21
2025,20242025,108,Hawai'i,Big West,31,15,16,1250,65.9,44.9,1658,745,52.9,1024,542,32.0,634,203,73.8,650,480,1102,794,308,16,418,0,3,548,217,289,984,2173,39.2,27.9,0.2,51.1,43.6,1793,782,47.7,1210,577,35.2,583,205,74.7,588,439,933,675,258,13,278,0,7,601,348,512,952,2208,32.8,27.7,0.13,49.3,71.0243709390585,13.133511310606131,56.43693879965852,3.181542536768686,7.469604046788411,45.552858623525225,54.180355875921244,32.86475636612171,72.76242258926426,10.725001954822062,13.336634036684211,10.46027527387637,13.818419346434535,35.47081542369838,1.0892099299049816,10.935751579314761,52.9439132626014,3.6784565494244177,6.483161770680586,42.967124105860385,49.34608613035239,32.61629779632118,72.21921279850842,26.733539058677078,12.008216410782717,11.022242572512221,14.09152398398312,32.698016138790045,1.0219721890328577,77.36045009207731,72.58493184327129,74.58781164023058,74.56738208895928,78.8781282315793,70.36520110904053,2.1592812823574032,71.65734241788857,71.6597756188766,73.7379117671424,69.54124405654903,1.0691276716113087,2.930469222342012,5.1402164644368895,0.8239570524914939,88,155,80
2025,20242025,109,High Point,Big South,35,29,6,1405,66.7,49.2,2031,1000,57.6,1233,710,36.3,798,290,76.1,746,568,1261,872,389,19,363,0,12,634,392,515,1298,2858,36.7,30.8,0.16,56.4,42.7,1982,846,48.2,1279,616,32.7,703,230,69.9,702,491,1088,723,365,22,405,0,9,640,272,394,1044,2413,35.4,33.5,0.17,48.5,69.55260013839101,14.97562492407211,58.169552108913685,3.6148500436831705,5.429480482162352,46.54486321450324,56.000368314336804,34.03351014788565,73.31003274954038,11.32610075245107,9.732396604796525,15.029722957603205,17.204294788651634,36.33767872622548,1.1861538702761045,13.526558230874667,55.149889756920416,3.475086210705255,9.31165889921338,44.43327568600075,52.271408261258124,33.667099833127295,72.2190518901393,23.98774165430326,14.449550697461866,9.692165672866189,11.304828328758967,31.94722062095392,1.0485565305615379,82.50008584191883,72.92983309264523,80.46284034298465,80.47445348626019,84.74332753513636,76.1812346054585,2.173148671360163,73.44530499557399,73.44629310431169,75.54889566361834,71.33967209601128,1.0777172659668608,7.017535347410657,9.19443187151802,4.841562509447215,26,22,147
2025,20242025,110,Hofstra,CAA,33,15,18,1340,62.7,42.7,1861,794,49.2,1059,521,34.0,802,273,71.5,477,341,1173,883,290,30,371,0,3,580,244,393,904,2202,25.6,24.7,0.18,50.0,38.6,1833,707,41.8,1096,458,33.8,737,249,70.3,680,478,1176,840,336,23,362,0,5,507,186,409,762,2141,37.1,28.6,0.17,45.4,64.76704234397943,12.771759030922132,56.11193216588101,3.466027068381505,5.491096497868401,44.314494142202314,49.45101790333769,35.663219487125346,73.99052760058083,11.847455828507204,10.793417399408092,7.576159822280317,11.89496970917255,28.00092214288543,1.133978005868459,12.775109188899881,52.37345855194538,3.557568701450322,5.250145422462822,41.19098925321125,46.73646550494864,33.10794937938458,72.22468116481656,25.558895509248757,10.366205873838346,8.10560504866568,12.051316175797474,26.461495895744864,1.0537101795831727,73.44440152322383,68.24569181934551,75.3490072185832,75.35349907415387,79.64472446762447,71.07483333491126,2.1831852305321586,69.46157902835725,69.45429271429174,71.54985271537399,67.33436772788421,1.0775192299889345,5.887428190225947,8.094871752250484,3.7404656070270477,39,126,29
2025,20242025,111,Holy Cross,Patriot,32,13,19,1290,63.7,45.6,1807,824,50.6,1052,532,38.7,755,292,72.1,398,287,1042,803,239,24,381,0,2,443,127,333,862,2227,22.0,22.9,0.19,53.7,45.8,1902,872,53.7,1174,630,33.2,728,242,68.4,469,321,1077,785,292,13,299,0,1,439,232,443,1122,2307,24.7,27.1,0.15,52.2,66.21370097855377,11.312834644233057,55.03809336492191,3.0290023094577605,6.4251945358048115,44.33668717948366,50.983801907173536,33.1042549141786,74.81762758250831,7.9466899265723345,10.419138243302012,7.784580682708294,11.571506893756194,28.853235036077184,1.0508012746500346,13.701724613688771,57.17400810727292,2.097377436114799,5.737886753882995,47.158924528087375,55.42907978518655,33.798153723889705,72.22950630982909,23.56249049783094,9.82807537425293,8.399063121201207,11.945204696516225,34.98276821568923,1.1231029242979538,69.57744138756055,74.36480119760402,69.92320343673693,69.92613676994688,74.14802254876423,65.64842825525254,2.1669755027777082,74.40405898267333,74.40041366112311,76.51484217098339,72.2945895215898,1.0760977642862628,-4.480855545936407,-2.366819622219154,-6.646161266337259,296,324,182
2025,20242025,113,Houston,Big 12,40,35,5,1625,62.0,44.9,2384,1070,47.8,1556,744,39.4,828,326,74.0,649,480,1475,963,512,25,360,0,7,651,304,644,1164,2946,27.2,34.7,0.14,51.7,38.3,2054,786,44.5,1162,517,30.2,892,269,71.8,703,505,1263,877,386,38,529,0,15,635,249,375,880,2346,34.2,30.6,0.21,44.8,65.86910880198087,14.375123753041962,55.37657717059811,2.6979036400611593,5.0986247843683286,44.64222827829913,51.573871829567985,34.519329108514825,75.35113376092056,12.323569776623074,9.020886297203083,8.173558561536504,16.15863190251757,28.993517130908447,1.1592240340013213,11.652235112764606,52.39264482285608,3.6310730113605847,7.295258121670372,41.245158288051854,47.16024426581837,32.96852192056228,72.21663190501285,24.162203028237695,12.921062900915318,7.4795417229797145,10.519535252483305,25.580019591714226,0.9982867493544691,76.35705402150421,65.75625850880533,76.10917591737376,76.1005448103567,80.4179008359135,71.74010163927784,2.2150549284379064,64.99012602746826,64.99055568168686,67.08240739936834,62.88440906988762,1.0783976824916226,11.119049889905497,13.335493436545164,8.855692569390222,7,105,1
2025,20242025,112,Houston Christian,Southland,32,12,20,1280,64.8,42.3,1753,742,49.9,984,491,32.6,769,251,68.7,547,376,1000,704,296,19,374,0,3,435,312,390,892,2111,31.2,29.6,0.18,49.5,47.0,1782,838,53.9,1219,657,32.1,563,181,69.8,520,363,1133,811,322,22,381,0,4,478,310,434,1172,2220,29.2,28.4,0.18,52.1,66.18427684390913,13.788097545495395,54.51801834113634,3.2961433398709388,6.729584168004497,44.498150745309154,51.57485080931509,32.61824994666594,70.30741579114068,10.09413047987784,11.968444413724937,8.503053616046483,12.561970386253531,31.246236581944697,1.0489854280699902,14.038394090574387,56.91985874463389,3.6273154545745285,6.4378320253573005,46.967042009413035,54.41327144659174,34.05926537709463,72.22507563701726,22.08187908379825,11.476062470283809,9.456681213532512,14.033352720016866,33.6301339159688,1.1122188123593684,69.42634197661076,73.61139778819626,72.51398188986232,72.51753949337518,76.72425458521464,68.32440642305176,2.138995895489127,73.86984202774009,73.86799105191236,75.97636767837525,71.75825239294122,1.0715531510597118,-1.3558601378777695,0.7478869068393834,-3.433845969889461,214,240,163
2025,20242025,114,Howard,MEAC,32,12,20,1290,70.7,46.5,1837,854,52.6,1104,581,37.2,733,273,73.9,675,499,1087,767,320,26,477,0,5,613,368,413,976,2411,36.7,29.4,0.21,53.9,45.7,1907,871,51.7,1259,651,34.0,648,220,76.5,753,576,1083,741,342,11,377,0,7,597,434,576,1082,2538,39.5,31.6,0.17,51.4,68.56727420977293,14.781616706226401,56.19473753152191,3.8005924416444046,6.061495795172704,44.8914297122939,50.080652641109545,34.65666679336103,73.18238035175878,11.61786935306782,12.958863803807677,11.776611342927026,15.705306061852877,31.20024094416019,1.091987004919206,12.027205751234606,54.20415191148895,3.5589291222116195,7.840266385331887,43.96502290489565,50.66591043490974,32.9362190756748,72.21586180651508,23.66723393855872,13.73420524272305,10.062152450451778,13.609486334734443,31.536885365049145,1.0329270364753618,74.87457239980387,70.82499134869425,75.13865824938816,75.14669785236364,79.4565963907242,70.72510128003138,2.2127169740450134,70.72373005721013,70.72278686487255,72.82619137880353,68.62714751646288,1.0704621396983494,4.414928192178024,6.630405011920672,2.0979537635684977,60,133,53
2025,20242025,115,IU Indianapolis,Horizon,32,10,22,1285,65.6,42.9,1873,803,47.7,995,475,37.4,878,328,74.1,632,468,1071,707,364,20,329,0,8,562,253,414,846,2402,33.7,34.0,0.16,51.6,47.5,1822,866,56.4,1057,596,35.3,765,270,73.9,617,456,1096,781,315,24,355,0,9,523,405,388,1062,2458,33.9,28.7,0.17,54.9,73.08649127041963,18.0726938781734,55.21467386863963,3.148368007318928,7.280043758483356,45.23474531500682,54.26170612674209,33.38182401990887,72.02472379940374,10.848592734515755,11.85071242968411,12.274495656868384,16.428943655449867,37.6934635663012,1.0881924440330364,15.329183507889537,60.26806982325985,3.0396665461804204,7.6839435928877995,49.27937739411023,56.640655752844616,35.35830432590162,72.23153347225814,21.59822449178515,13.960462588113375,15.851850190906582,14.602234415586167,40.43376457245969,1.1648991417219978,79.53216756135711,85.13839095238411,75.29716560682755,75.29111057728511,79.62995580505279,70.98227560570193,2.2074148489146665,83.40450750852652,83.39678881286322,85.52093798728943,81.29614947178437,1.0830561277439097,-8.107341901698973,-5.890982182236641,-10.313873866082446,343,128,363
2025,20242025,117,Idaho,Big Sky,33,14,19,1325,64.3,44.0,1871,823,52.2,986,515,34.8,885,308,75.1,634,476,1108,771,337,16,390,0,5,590,212,390,926,2430,33.9,30.4,0.18,52.2,46.6,1892,882,54.4,1142,621,34.8,750,261,69.0,678,468,1128,788,340,9,351,0,8,557,321,473,1108,2493,35.8,30.1,0.17,53.5,68.60425231392203,12.139463862909782,55.813127239598685,2.9698249560993695,6.30821596903341,44.01115657773241,52.09503075776799,33.85008982883126,72.57416032920061,10.335227856752377,10.60579562316718,7.792455162292628,12.15085259788141,29.90871564881892,1.106561749472631,11.712448060551864,55.51636845918999,2.6012983313430365,5.832028757359764,44.334973701048455,50.41440740380895,34.52619708796754,72.22774125261687,25.638454527507395,10.741919159942062,9.829577321059777,11.503750956974923,30.229500070542272,1.07820848072951,75.91484146175536,73.96968665897785,74.76538513060076,74.77191489228639,79.02548705749356,70.47164817489843,2.165111030080669,72.78283125637283,72.78080438180032,74.857320859783,70.6859250629878,1.0672824111577197,1.982553874227932,4.168166197710562,-0.21427688808937262,117,145,118
2025,20242025,116,Idaho State,Big Sky,30,15,15,1205,63.4,43.1,1809,779,49.5,1128,558,32.5,681,221,74.2,608,451,1143,721,422,18,321,0,5,494,282,378,960,2230,33.6,36.9,0.17,49.2,45.6,1662,758,50.5,1043,527,37.3,619,231,69.3,508,352,883,640,243,19,364,0,14,543,297,319,918,2100,30.6,27.5,0.19,52.6,65.48732642912742,12.275099848740133,56.421883372801624,3.026687234726287,6.768108297247145,45.04063863215024,53.20027561468827,33.639656419435795,73.49575287280545,10.544994096042943,11.475327873419433,7.561153127909208,12.204133370596194,30.642467053894133,1.1052448591883637,13.055594690977133,58.005507260612724,3.827583985747627,5.555313058664992,47.14648100888687,54.79651331556151,34.083508414780646,72.24036622838352,22.538334046374132,10.438898344683476,9.959412827427304,14.554100190829942,34.01541917394221,1.1458423495427077,72.37953087778334,75.03815198082162,74.7752051812381,74.75001228058382,78.97934627286729,70.5440046940176,2.145248024199929,76.69031182162173,76.6863630187306,78.80749610461918,74.57173378615465,1.0853311428537118,-1.9151066403836268,0.17185016824811328,-4.027729092137051,232,144,265
2025,20242025,118,Illinois,Big Ten,35,22,13,1410,69.0,45.1,2233,1006,57.3,1179,676,31.3,1054,330,76.2,768,585,1492,1039,453,9,409,0,6,568,252,355,1230,2927,34.4,30.4,0.17,52.4,42.3,2298,972,46.1,1596,736,33.6,702,236,70.9,619,439,1174,813,361,18,315,0,8,643,313,462,1164,2619,26.9,30.7,0.13,47.4,65.40762515775342,14.027505077245385,58.190998896087265,2.7906290544987287,5.736499346419682,45.82095107784248,55.956221422731616,34.01018318401515,75.41232517419894,12.872403055792038,9.348161197848443,6.150125099614767,10.536751510098897,32.92297305927176,1.2384259878725274,13.349545624513718,51.99620095523003,4.259204761337249,4.244833048609266,41.916567360257915,49.48330802252232,32.822117094642195,72.23223105328171,26.91919461307656,8.311517952660806,8.552217670388274,11.221611462947664,29.264705554419525,1.0620110476271543,81.00250280038675,69.46362051658991,83.16420625707701,83.16459802185304,87.44708881588342,78.8041210261274,2.209492143694013,69.36551482482753,69.3573748570793,71.52336821445088,67.2048209178533,1.0866939187903493,13.798691432249484,15.923720601432535,11.599300108274107,2,2,28
2025,20242025,119,Illinois State,MVC,36,22,14,1445,63.6,48.2,1985,956,57.6,1049,604,37.6,936,352,74.9,618,463,1163,885,278,20,377,0,4,601,242,464,1050,2727,31.1,23.9,0.16,57.0,45.3,2000,906,52.6,1155,608,35.3,845,298,75.2,632,475,1125,838,287,18,387,0,6,624,277,420,1044,2585,31.6,25.5,0.17,52.8,66.80171361683445,13.594051445438188,56.83022522872545,3.079489495901949,6.304584210068892,45.9342431102749,54.17274279513354,34.4990105898255,71.71941661765217,9.591651976369828,11.456361943459417,7.291488917375412,12.541357838090715,31.011856448989864,1.1005317103064731,13.15585430871471,54.175881680111324,2.4717895839528827,5.70446327991143,44.42767205253823,50.508895387957246,33.630958188415995,72.21189093527049,25.454779588751403,10.907040712562676,8.450818662370233,13.228996136152862,31.761580825331308,1.0503540788672716,73.51740413813803,70.16545237276542,73.56734714269487,73.56753680498173,77.75039772655897,69.43507848156644,2.1232713594914214,70.8645046310876,70.87610419233782,72.98462379740104,68.74845367556044,1.077939997995538,2.7028425116072725,4.76577392915793,0.6866248060059945,94,198,55
2025,20242025,120,Incarnate Word,Southland,36,19,17,1450,59.8,46.8,2099,982,52.2,1347,703,37.1,752,279,68.5,607,416,1258,831,427,36,410,0,4,603,324,533,1136,2659,28.9,33.9,0.19,53.4,44.9,1982,890,49.7,1333,663,35.0,649,227,70.7,709,501,1142,773,369,10,425,0,4,549,370,437,1174,2508,35.8,32.3,0.2,50.6,64.98229024882853,11.415538904220961,54.75518636563657,3.327769028050372,6.17889509364768,43.8042283369755,49.115243585116716,34.32233509925864,71.44996120833753,10.938603314275845,11.196903484459993,8.315633290743095,12.008961033854993,28.49994820055382,1.0865583005113393,13.583456467905616,57.66198121298002,2.6576287638242544,5.479398008397353,47.286055337475744,55.05600416103538,34.044056175440346,72.22144513594132,21.91563003014329,10.566249956169507,12.042683391847328,13.668280894712128,33.96369454461727,1.1407110585747249,70.6070468561017,74.12601709835121,72.77009673537167,72.77765636576285,76.99892635280595,68.59964815104546,2.1377423046503172,74.91411012689962,74.91047567146882,77.01823465815508,72.82254435188662,1.0583932303616423,-2.144013391527949,-0.019308305349127863,-4.222896200841163,239,234,205
2025,20242025,121,Indiana,Big Ten,32,19,13,1285,68.4,45.8,1902,871,52.6,1270,668,32.1,632,203,70.6,629,444,1166,817,349,9,371,1,5,531,340,475,1116,2389,33.1,29.9,0.17,51.1,43.4,1904,827,50.3,1163,585,32.7,741,242,72.5,564,409,1079,759,320,21,363,1,8,574,345,451,978,2305,29.6,29.7,0.17,49.8,65.66069855732134,16.058687458018962,58.82089769795366,3.0594656375911717,5.86856604137687,46.339692735555055,58.227848862890056,34.06321486570741,76.03954130793353,8.746479409555816,10.532715711878025,7.628495580892757,12.7960361967084,30.35661433287998,1.1519858261245373,12.435759954332784,55.06641397800981,2.773541474369787,5.018642531042833,43.86763323725998,50.76803834690956,33.55059994269933,72.23945438953545,24.143393210359218,10.354461278737084,8.350930862757512,11.731025981203398,29.68520037475992,1.0924320163463883,75.64019407147003,71.72984931968693,77.2859677887754,77.28704008238384,81.57608765617546,72.93250615833577,2.1896824021353747,71.61884083722421,71.6151044221672,73.68823130988703,69.52058693615811,1.0690865033620358,5.667126951551182,7.88785634628843,3.4119192221776586,44,68,79
2025,20242025,122,Indiana State,MVC,32,14,18,1295,69.4,46.5,1884,877,58.1,953,554,34.7,931,323,74.9,649,486,1139,845,294,16,448,0,9,586,367,424,1082,2563,34.4,25.8,0.2,55.1,46.2,1934,893,53.1,1198,636,34.9,736,257,71.4,703,502,1110,806,304,16,376,0,4,553,300,524,1150,2545,36.3,27.4,0.17,52.8,67.45810610709393,16.521253067268272,55.87634788712336,3.787630991291011,7.4560231249835835,45.79279792559258,56.128118693929494,33.058525149587325,69.90616964585546,9.278366732170358,13.07992362835916,8.759289767592957,11.44590830109994,34.06113222310272,1.053563450037853,12.353579976610455,54.0908002411031,3.278144565337934,5.911984942387725,44.701891467961055,51.861147609685915,32.70180492584766,72.21890191564128,25.034881976857477,10.455708856959026,10.335240137642149,14.100686500965764,35.143982493495365,1.0814946302888293,71.07139500320943,72.95557952427616,72.37070152872357,72.3732030505073,76.63862948257142,68.03759872869395,2.182774198123994,73.35594796779938,73.35557979313262,75.44365166669414,71.22951693976931,1.0729299799171674,-0.9852464390758087,1.1949778158772801,-3.191918211075361,202,248,143
2025,20242025,123,Iona,MAAC,34,17,17,1370,68.1,42.0,2075,872,47.5,1354,643,31.8,721,229,68.5,578,396,1259,764,495,34,491,0,12,623,381,548,1086,2369,27.9,39.3,0.21,47.5,44.4,1845,820,53.9,1024,552,32.6,821,268,74.3,657,488,1112,770,342,36,536,0,10,531,325,551,956,2396,35.6,30.8,0.23,51.7,69.26041597554298,13.891401864373826,55.26674546360188,3.529956683356289,7.1154176517546555,44.16471046955766,51.803475623427424,34.0541980120076,70.63415168228049,10.091689340068449,11.859506476276499,8.970578239544867,13.315384137427243,30.502601969642566,1.0733408616182436,14.825258491454887,54.05392455463937,3.0155127130616326,6.5189652348662195,43.61258101900512,51.92208560599686,32.82273525204073,72.23045539708905,25.243892993092796,11.489118471416615,10.250365057437989,14.185751137393792,32.66425791656437,1.0718097081185014,74.34003455922726,74.23398623091272,73.51742874376716,73.53007242534493,77.72027257624966,69.28191450405012,2.145914860609373,73.57506798948681,73.58449717066499,75.6548183030924,71.48065687016077,1.0721432887464157,-0.057639245719656174,2.0654542731572576,-2.1987423661106504,174,202,155
2025,20242025,124,Iowa,Big Ten,33,17,16,1325,70.9,49.0,2065,1011,56.6,1218,689,38.0,847,322,70.5,536,378,1056,770,286,9,323,0,4,511,434,527,1172,2722,26.0,27.1,0.14,56.8,47.7,2042,975,56.3,1248,702,34.4,794,273,70.4,578,407,1218,852,366,28,423,0,1,526,256,382,1276,2630,28.3,30.0,0.18,54.4,63.811545063619654,14.7485335960229,59.28471611440945,2.929464378563836,5.5210674961616055,47.77513863140576,57.297642574538735,34.63812007018544,75.19510614401197,9.193825791888399,9.904534695331364,7.581204443843939,15.805270182792793,33.00640298148142,1.1770501516066243,12.395328439506237,57.05563961298753,2.1503850613886613,6.788713614557221,46.00853303116608,54.42445002760373,33.89593899433505,72.23241083558617,21.10995010036528,12.408150248443551,7.193685074203442,10.370613014898144,29.374981353714965,1.0776952154896278,75.10938879138645,68.76939680806368,78.29346549378818,78.29398570204022,82.5040093181472,74.06812293240651,2.1540468854757076,68.28329129895941,68.28753143062634,70.39782796802224,66.15248568637325,1.0918491369025274,10.010174194828764,12.106181350124956,7.915637246033256,15,50,17
2025,20242025,125,Iowa State,Big 12,35,25,10,1420,68.6,48.3,2034,982,55.5,1286,714,35.8,748,268,75.3,770,580,1238,877,361,14,420,0,13,567,418,680,1306,2812,37.9,29.2,0.17,54.9,42.0,2001,841,47.8,1183,566,33.6,818,275,75.0,580,435,1100,760,340,28,533,0,10,637,302,436,962,2392,29.0,30.9,0.22,48.9,68.19383772097521,16.887496508258916,57.89871513752512,3.637019851100529,6.623631785434459,47.68013393880326,54.6527098930993,35.78663297588294,67.93372209533315,11.522827643861651,10.53025866127921,11.198170430034473,18.03314217779902,36.40398628660549,1.1756631517032672,13.277865637747695,54.16778571529285,2.7153736363816874,8.527090751857433,43.69651115416871,51.78342724595469,33.20870546939832,72.21647308987913,23.521162296306784,14.774501581600617,8.218382320610473,11.342601015046494,28.11181234918815,1.002369570542538,80.17298218178286,68.35542783002144,81.39343867077434,81.39568055705612,85.66738609981462,77.08789870277498,2.1859044382026194,67.73069763166765,67.72334266757859,69.88776387721093,65.59093556513103,1.0887586820271211,13.662741039106692,15.779622222603692,11.496963137643945,3,13,10
2025,20242025,126,Jackson State,SWAC,34,16,18,1380,69.3,42.2,1978,835,47.1,1312,618,32.6,666,217,73.0,741,541,1246,874,372,32,469,0,11,562,290,430,1058,2428,37.5,29.9,0.2,47.7,43.5,2063,898,50.3,1203,605,34.1,860,293,70.7,631,446,1239,865,374,16,420,0,10,581,468,527,1054,2535,30.6,30.2,0.18,50.6,68.66133421305335,11.197395045549323,52.65166354365555,3.76889569164059,7.500583993492532,40.729619497267024,46.46187854153822,32.803032351823646,73.69061756762999,11.103662974774874,13.353316020080909,10.721966811927336,12.746714831958416,25.483991707433603,1.0135298009181164,16.434730467121916,57.0286027166601,3.0975577916924095,6.410912172980167,45.51121276670006,53.36960639657171,34.10968693249115,72.2336726822254,23.07055912971109,11.837199876363233,14.279061107710417,16.40492936605431,34.78954650762345,1.1444535759401457,69.59030839572821,78.57970946895038,69.64876558628434,69.65596555938964,73.89793799276333,65.40009157652035,2.1563776298511987,79.00895147796867,79.00497223387512,81.08044253564873,76.89931835740454,1.0646906771843876,-9.360185891684324,-7.182504542885397,-11.499226780884186,352,329,333
2025,20242025,127,Jacksonville,ASUN,33,19,14,1325,67.5,44.1,1981,874,48.3,1310,633,35.9,671,241,67.4,579,390,1200,782,418,22,438,0,6,576,331,497,1102,2379,29.2,34.8,0.2,50.2,44.3,1881,833,50.2,1167,586,34.6,714,247,69.5,643,447,1089,752,337,23,428,0,7,527,289,495,1052,2360,34.2,30.9,0.19,50.9,65.98946064000594,11.753578625281728,54.73081663534926,2.8722037915765473,6.657690270450554,44.57900835531552,51.964196172063296,33.116564343445944,71.91477596646317,10.55234793331987,11.35549128199492,8.39169522580708,11.283093736519463,30.951278214605278,1.0797777493844791,13.120783473975697,57.31507172428109,3.003384683430275,6.400935630006097,46.97191235821577,53.70731684987379,34.38178109368611,72.21620814985368,22.634673669535736,10.24686529019708,9.176746811237827,12.685759724537634,33.86972578577499,1.1299118184986645,71.25395129296129,74.56227147349516,71.8536905538882,71.84273388654907,76.15553467966609,67.64238653719468,2.1623954295360552,74.37849544726859,74.39019425966143,76.4818938573437,72.27600559003358,1.073946829608996,-2.5248048933803915,-0.3263591776776167,-4.633619052838895,250,266,180
2025,20242025,128,Jacksonville State,CUSA,36,23,13,1450,65.5,44.6,2109,940,50.2,1322,664,35.1,787,276,75.2,661,497,1383,988,395,20,365,0,4,495,308,347,1108,2653,31.3,28.6,0.15,51.1,41.1,2146,882,46.3,1228,568,34.2,918,314,69.8,553,386,1186,847,339,17,322,0,5,542,334,414,984,2464,25.8,28.6,0.14,48.4,65.43779412224093,11.936275000954032,54.82533560458989,3.2657011476852125,6.1709774877182255,43.60062611033027,48.95102909756788,34.3475236320266,69.30962108376379,10.349938906060267,11.410623035482383,8.656823066792823,12.411049835435907,29.860834008186494,1.067270109930968,12.343694940188456,55.44137067803058,3.02142208889787,5.963267768810136,43.62795372586472,50.36929595105371,33.822670547536006,72.23538480382723,24.396447858278595,10.91860521537875,9.917135182709098,12.084962985187117,28.23394293933406,1.080987551993439,69.83980172648413,70.73744087605188,73.17011697925167,73.16428931977606,77.40935453215539,68.93018461337269,2.152290074883302,71.594685843866,71.58797606899087,73.70461933462038,69.49150655110033,1.0686129698350115,1.5754311353856707,3.7047351975350153,-0.5613219377276408,134,217,77
2025,20242025,129,James Madison,Sun Belt,32,20,12,1290,63.2,43.8,1819,797,51.2,1016,520,34.5,803,277,75.4,545,411,1106,755,351,22,329,0,3,505,293,388,910,2365,30.0,31.7,0.16,51.4,44.0,1763,775,49.2,1139,560,34.5,624,215,71.3,588,419,1042,738,304,10,322,0,5,491,252,376,932,2256,33.4,29.2,0.16,50.1,66.61408494862937,12.766297772734102,56.724178157521166,3.492297964817822,6.4551086155591415,45.692210487967515,53.07269427523209,34.07161569708943,71.3630996046752,10.461106914957677,11.633038970507014,10.181526499354295,11.280000360357764,32.659004797808514,1.1094506450013981,11.774550636019423,54.65299936213043,3.892550933956614,5.37136386624646,43.496614263013484,49.88159593605059,33.631319021686636,72.22427156075553,25.572301192226213,9.145583584377754,9.679602049624691,13.73199050475587,30.66715142412465,1.1041351984107417,73.90503951243478,73.5509559017049,75.3126506452339,75.30644407240926,79.53648937209331,71.16425298757609,2.1362460160051167,73.5208234387943,73.51394913376667,75.65541724038415,71.38656335684874,1.0739509064398922,1.7918272064396064,3.8810721317091605,-0.22231036927264824,124,127,151
2025,20242025,131,Kansas,Big 12,34,21,13,1375,68.0,47.0,2093,984,53.0,1379,731,35.4,714,253,71.6,511,366,1310,951,359,11,402,0,5,489,346,424,1248,2587,24.4,27.4,0.17,53.1,40.0,2091,837,46.3,1243,576,30.8,848,261,73.1,588,430,1180,818,362,22,371,0,1,491,287,404,950,2365,28.1,30.7,0.16,46.3,68.61728964277043,13.795001363158192,55.523860710246176,3.219032413334289,6.599896279043866,44.921249121694814,51.12981183210087,33.92313875811911,75.18384964584996,10.178553466356421,10.92842946858896,10.234135730488745,12.142192992384935,33.16857598641196,1.0859968048420552,12.062865862868973,50.74987674518102,5.293510702729516,5.61741532438255,40.44114655934392,46.57220387507447,32.59847574510817,72.2068177193353,27.856991764684498,9.837073397863579,8.105321845549643,11.771596116392578,29.218519673695166,1.0325035904063615,74.51815730897053,70.84759792011371,73.36876699775557,73.38073392438397,77.56966743175288,69.097007757384,2.1551720105933074,70.28598527772098,70.2942782083972,72.36893414739447,68.14154838483606,1.0802225374600947,3.082781720034589,5.200733284358407,0.9554593725479492,84,208,46
2025,20242025,130,Kansas City,Summit,33,13,20,1320,63.4,43.0,1898,816,50.0,1053,526,34.3,845,290,76.2,609,464,1168,776,392,36,394,0,4,553,287,505,888,2386,32.1,33.6,0.19,50.6,43.3,1795,778,52.2,1050,548,30.9,745,230,70.9,609,432,1018,710,308,15,410,0,2,566,232,442,954,2218,33.9,30.3,0.2,49.7,70.3160305331555,11.86553542172189,51.4510700234075,3.435997699791182,7.366718648453221,42.10152334753168,48.64495606035595,31.49731709289102,69.46630990113881,10.343699070569206,12.64724586421129,10.040165618912017,12.643365986103085,31.877767118246677,0.9828298120575445,15.396672271847914,57.701876474977084,3.1857584212222165,6.4356487902939525,47.48077792147492,54.56604011776678,34.73840715734491,72.21773116757369,22.686035935946315,11.774997685031382,12.06545389558829,15.34300818136057,37.45459165940736,1.1568062952177478,69.10869107353378,81.34202677547765,67.036493326482,67.01986445018287,71.27194109967894,62.79161250431796,2.159329700902956,80.1545329356301,80.162883618074,82.2716866607058,78.04083981345694,1.0717835209195492,-13.118039609148099,-10.999745561026856,-15.24922730913898,361,353,348
2025,20242025,132,Kansas State,Big 12,33,16,17,1325,65.0,44.2,1882,831,52.0,1122,583,32.6,760,248,69.6,520,362,1087,762,325,23,387,0,8,500,318,444,1076,2337,27.6,29.9,0.18,50.7,43.2,1876,810,49.5,1210,599,31.7,666,211,73.2,527,386,1134,787,347,22,395,0,9,512,268,441,1074,2297,28.1,30.6,0.18,48.8,71.0661410995601,16.154680090994024,55.86359963011591,3.8658526999615765,7.198449390936356,45.4629663334362,52.0853813240334,35.05793487041141,71.5691162239631,10.465079412760455,12.68619490267221,13.670229339813488,13.582061575742177,34.731487806139704,1.0834074660657693,15.941611524151966,56.407354949219105,3.4473552500840334,6.8662912585432085,45.7705152276702,53.75772510103137,33.68154268029106,72.22398828383582,23.627164825418816,12.287327878292887,11.378631534605276,14.799212882647488,35.61772912471466,1.1253237716821822,76.99358785174684,79.97241794105511,73.63238330850943,73.60926731228898,77.90257557286976,69.40145431297289,2.1670604370695457,79.08805782357324,79.09584675261043,81.19577444407011,76.98255814612924,1.0717644464959262,-5.455674515063805,-3.293198871200346,-7.581103833156348,314,188,337
2025,20242025,133,Kennesaw State,CUSA,33,19,14,1330,70.7,42.9,1996,857,53.0,1081,573,31.0,915,284,71.9,734,528,1331,917,414,20,450,0,6,621,315,400,1036,2526,36.8,31.1,0.19,50.1,41.4,1968,815,47.1,1213,571,32.3,755,244,68.7,790,543,1125,789,336,21,371,0,5,599,315,497,1008,2417,40.1,29.9,0.16,47.6,70.1986360038898,13.31659858650363,55.16721071264429,4.0543451498394925,7.489560917852256,43.71893797225163,50.81432094529857,33.75379076279242,70.85195907436803,12.753636150774113,11.916037622602108,8.987568875868277,12.243799899612082,32.250279475280585,1.102397185642929,12.704033442243691,55.372815455229585,4.859049710037046,6.712383962242577,43.200502018097765,48.957027462380225,33.72367745230972,72.23452284641563,24.862518589690858,11.542206221658597,11.077012572307677,13.329772560940283,30.351908219789163,1.0889455362353089,77.38677876666051,76.44249132624304,77.18020028866425,77.1824193151721,81.42302078087371,72.90065803416837,2.175762858840024,75.43605197581729,75.43289511627026,77.56656739728159,73.33753608853345,1.0788168953132626,1.74414831284696,3.8564533835921253,-0.4368780543650814,126,70,223
2025,20242025,134,Kent State,MAC,36,24,12,1445,66.7,43.6,2181,950,50.4,1370,691,31.9,811,259,74.5,655,488,1335,876,459,27,421,0,9,652,322,491,1216,2647,30.0,34.4,0.17,49.5,42.0,1968,826,49.5,1150,569,31.4,818,257,74.2,741,550,1159,822,337,30,455,0,12,606,347,424,1012,2459,37.7,29.1,0.19,48.5,70.66965024983178,14.742771370872017,56.26695737658245,3.2726121966493977,6.991161762238987,43.94663151277875,51.236609080765525,33.92568559582717,72.90780901837037,12.625311599966606,12.895496746878779,10.470403598023198,13.410158185051108,30.245601900523344,1.1161646888780372,14.728906733091723,56.400950484423646,3.2354868331593356,6.531383573888005,44.69357179035812,52.08139609202411,34.06306447193609,72.22672746315325,25.406659463979928,11.645204564936783,11.706991076028595,15.419161229873454,31.012448065426835,1.1083290440069968,78.87896818422318,78.32522590170488,78.76866736378427,78.75498220281692,83.05337079187403,74.5248944975427,2.169881589080542,78.37047156629322,78.37125351457246,80.45999994351926,76.28988084756011,1.0671443143876027,0.3981957974910557,2.593370848354766,-1.7649863500174092,164,43,321
2025,20242025,135,Kentucky,SEC,36,24,12,1445,67.6,48.2,2210,1065,55.7,1300,724,37.5,910,341,73.1,778,569,1368,1013,355,19,394,0,7,620,505,502,1336,3040,35.2,26.0,0.16,55.9,43.7,2267,990,53.9,1276,688,30.5,991,302,71.7,695,498,1269,906,363,14,371,0,6,637,403,450,1152,2780,30.7,28.6,0.15,50.3,69.57423613140703,15.45000619713948,56.802987234164625,3.21048030908148,6.783502874788087,45.8470557324296,53.88659849061572,33.60863283690147,72.23660267225686,11.479888648915333,11.02201478463869,14.469661577841254,13.506191330372138,35.30492964910642,1.1430628059077006,14.215468756917401,54.5094851912114,4.2703930216442725,6.7733537771267285,43.33969355268138,50.75267603038171,33.10519188785711,72.22726330508051,25.319715028884062,10.79817675540192,9.197685530910848,13.290256686809652,31.207550133402552,1.0839609357625595,79.52772157125105,75.41575410196525,79.61064843255772,79.6307938052731,83.8216719776951,75.32619126504324,2.1614132229611993,74.33864397542496,74.33370007530189,76.44499180715401,72.22173625615548,1.0744343921563513,5.272004457132766,7.376680170541093,3.1044550088877543,50,29,178
2025,20242025,136,LSU,SEC,32,14,18,1295,68.6,44.5,1885,838,55.2,1065,588,30.5,820,250,71.4,612,437,1141,811,330,26,419,0,5,537,356,422,1016,2363,32.5,28.9,0.19,51.1,42.5,2006,853,48.2,1288,621,32.3,718,232,70.6,591,417,1213,790,423,15,372,0,4,537,337,426,1080,2355,29.5,34.9,0.17,48.3,68.18973577065971,14.451873289500929,57.47659859318525,3.2367118794600755,6.7500874110138565,46.753335329144214,54.126638132513,33.68818363031873,74.1586866690955,10.933194832330788,11.149209076149184,10.605215551232657,12.123224910171878,36.25552202845391,1.14225845943595,12.953920799440233,55.805991032505894,3.7266608409038984,6.094325257982858,44.907187686433105,51.08483979914676,34.459769769523724,72.21512103260184,24.996314186554073,9.957626113459709,9.984291559212238,13.196688488428354,32.32961942301542,1.1279942041532207,77.89030253073825,76.9176267320437,78.55521748761292,78.56856018581811,82.74149007658038,74.2920013531327,2.1441509738739124,76.73717259365155,76.73703678145532,78.85898636720101,74.61273278627412,1.0801836179004387,1.8180448939613711,3.882503709379364,-0.32073143314141817,123,47,269
2025,20242025,137,La Salle,A-10,33,14,19,1325,68.8,41.3,2046,845,45.2,1361,615,33.6,685,230,72.6,628,456,1216,824,392,27,354,0,6,521,367,463,970,2376,30.7,32.2,0.16,46.9,45.1,1983,894,53.8,1160,624,32.8,823,270,69.6,585,407,1210,872,338,18,383,0,6,539,324,415,1142,2465,29.5,27.9,0.17,51.9,66.76959273917458,13.074309764316858,52.389907511687326,4.154815628903441,6.6570638478863255,42.22935141487195,47.518804898124095,32.263984792942914,71.42346381117723,11.894062485829638,12.006321875477884,8.126275250070742,11.936941014859233,31.034186382043444,1.025414875498717,15.692330050976473,56.97287960631929,2.7556242625161302,6.655355665542542,46.43198163991107,54.30403353657942,34.57700444484469,72.21538169358497,22.792687371271764,11.45707431921364,10.533485868526812,14.27409833429152,32.20552770709232,1.1170444368606565,68.46653362574074,74.58460212074665,71.1203061356513,71.12243210019396,75.36711284941819,66.90406794405264,2.1636581151862324,74.6173457694406,74.61499968496585,76.70097477902416,72.51183112306227,1.0699809675770817,-3.4970396337892993,-1.3338619296059733,-5.607763179009623,273,293,195
2025,20242025,138,Lafayette,Patriot,33,13,20,1335,62.8,43.6,1854,809,50.1,1101,552,34.1,753,257,68.4,564,386,1102,818,284,15,362,0,4,512,254,413,962,2261,30.4,25.8,0.17,50.6,43.5,1889,821,48.4,1173,568,35.3,716,253,73.4,516,379,1166,851,315,24,379,0,9,537,254,383,962,2274,27.3,27.0,0.18,50.2,66.41567132456447,13.689320246295157,53.936539144797514,3.40203037804601,5.7429154062923455,43.678108019718195,50.768183967602695,32.898923273807924,70.42538412702278,9.322484704013577,10.573807423733346,6.936040665398308,11.289039804690304,31.895968224364957,1.048274846293217,15.702993511848684,56.80416732185849,2.5124433601129894,5.438111925617456,46.152993997055844,52.90805125556757,34.66029626013684,72.2354949288105,23.569363772539184,10.288977101968632,9.504568032365661,13.105758208585598,33.50780517105367,1.11981815028127,69.62187764921865,74.37347421236258,71.05489758351864,71.0433941708641,75.23382929807161,66.79225461222542,2.1474942549867255,74.60650760174946,74.61171562843899,76.71974767215832,72.50736877190633,1.0730080417314667,-3.551610018230818,-1.4859183740867081,-5.715114159680908,275,295,193
2025,20242025,139,Lamar,Southland,33,20,13,1325,66.8,42.7,1979,845,46.4,1326,615,35.2,653,230,68.7,562,386,1277,836,441,18,413,0,4,504,417,496,1018,2306,28.4,34.5,0.19,48.5,40.8,1870,763,46.5,1162,540,31.5,708,223,66.8,630,421,1159,785,374,23,415,0,6,526,414,433,926,2170,33.7,32.3,0.19,46.8,66.35420011227693,13.91625791980917,52.81748282865171,3.3265087145058496,7.229426980637094,43.07028314562903,48.222427670834,33.641238371452616,70.44171177129519,12.537389804395476,11.810099736992932,9.772824215358497,12.285099310345705,28.848601359117804,1.0499032193746862,13.55045039679714,55.39011120697982,4.100755562569481,6.232236468492244,44.44090354480259,50.31897789984425,34.12576794909849,72.21207124524932,23.732758248835857,11.572812051883679,10.611548107491545,13.088562774706196,29.555383849356197,1.070123007043936,69.6654883169117,71.00715615414487,72.32941701668175,72.32276795298094,76.61266890689976,68.06551277220909,2.184069409572867,71.58993143346497,71.59488607543977,73.67850376124848,69.50022673210229,1.0708602379380348,0.7394855832167764,2.934165145651278,-1.4347139598932017,152,251,76
2025,20242025,140,Le Moyne,NEC,32,9,23,1315,68.3,45.8,1802,826,54.3,1056,573,33.9,746,253,70.4,662,466,1051,761,290,28,444,0,11,614,285,376,1040,2371,36.7,27.6,0.2,52.9,46.2,1912,884,53.0,1124,596,36.5,788,288,73.0,699,510,1144,787,357,19,378,0,10,554,366,550,1044,2566,36.6,31.2,0.17,53.8,68.92008887124058,13.968295532732888,57.30964903683747,3.179121707904465,7.453698853042411,46.07877248489585,53.57213844589229,34.602298066613635,71.94657094726594,8.947746422547223,12.982834174465136,10.44204912390418,11.708434510880746,31.28239104165335,1.0734445351316821,14.039874937900555,54.375646368493776,3.43472539034422,5.76205724768655,43.089236241723356,47.61791364781812,34.661175931483164,72.23084897621966,25.722996858194502,10.632668263430372,10.503759606643879,14.214027033859319,30.22003736232649,1.0877106443134017,73.98189275962307,74.965114272274,73.9186839412448,73.92467840369662,78.13334298998568,69.67995751752076,2.146111443287419,74.28106881300684,74.28797384547292,76.39539940920879,72.1620740984042,1.074388905420535,-0.36238487176204615,1.7379435807768857,-2.4821165808834422,179,178,175
2025,20242025,141,Lehigh,Patriot,30,11,19,1210,66.5,45.1,1682,758,50.0,1045,522,37.0,637,236,68.3,524,358,943,726,217,16,321,0,1,486,331,354,888,2110,31.2,23.0,0.16,52.1,44.4,1724,766,51.8,1105,572,31.3,619,194,73.3,569,417,1044,767,277,19,326,0,2,502,254,317,958,2143,33.0,26.5,0.16,50.1,67.19071351615756,13.809380442569578,56.342823481969965,3.0434340077674094,7.8988581231795045,45.682815127949,52.11981646000256,34.99995755106686,72.14429577601749,8.245506359395668,12.122847294521423,9.756263596439254,12.53940308094761,29.74667924633112,1.0548385129246654,12.284226884960475,55.22086676084761,3.1354178572635325,6.597459000656728,45.33997662852447,51.69471837086298,33.41027186213771,72.23500632486363,23.619671427615796,11.251324982588654,9.935864818549831,13.676670537904975,34.33447143085244,1.0900318937523061,70.87535232773085,73.2400206965859,72.14299687719361,72.15735267563326,76.43575810141913,67.84463365941637,2.1855171092669305,73.1689028593353,73.15867565871619,75.2904484698552,71.0928772657293,1.0646167367170327,-1.025905982141694,1.1453096315639186,-3.2482436063129256,204,255,133
2025,20242025,142,Liberty,CUSA,35,28,7,1405,64.2,48.9,1959,958,59.0,1001,591,38.3,958,367,65.8,565,372,1150,923,227,21,354,0,5,470,271,540,1144,2655,28.8,19.7,0.16,58.3,40.5,2031,823,46.9,1313,616,28.8,718,207,73.6,497,366,1203,868,335,19,424,0,5,503,222,343,1034,2219,24.5,27.8,0.19,45.6,64.5134038551669,15.970978615929342,60.001433847258696,3.191142610841696,5.590205477553792,48.45255031047546,57.84759269101512,36.045263241739754,71.21307943634041,6.782370727247191,9.30952638455162,7.149131393199827,12.959254620850412,32.60329600734665,1.155638344421706,12.539303140153274,55.96707175408178,3.297780360354852,6.271651256925191,45.60892993278214,51.07899815016057,35.179940914618896,72.226226227069,22.693114253238186,11.221193264148857,7.488275073521789,11.290336896367233,32.096424715701914,1.1038867777292225,74.55416322419399,71.21549350202419,77.82650100112002,77.81715479118671,82.07718183252621,73.55395874759647,2.171154522571921,71.76152259523442,71.75300886490385,73.89447031555628,69.63619645345646,1.0832525466665186,6.064978405885597,8.182711516969931,3.9177622941400045,36,57,85
2025,20242025,366,Lindenwood,OVC,33,16,17,1340,67.1,42.2,1983,837,49.4,1305,645,28.3,678,192,68.0,709,482,1203,823,380,9,415,0,7,534,453,522,1214,2348,35.8,31.6,0.18,47.0,42.7,1948,831,48.4,1215,588,33.2,733,243,70.2,640,449,1235,872,363,29,484,0,7,599,361,448,1032,2354,32.9,29.4,0.22,48.9,71.2048432894325,12.92139768207213,53.4041324744385,3.686203627549383,7.670351127756942,44.024164180659376,50.89038119607075,31.754566376290814,69.98153018286557,12.254092401744938,13.116580947196695,14.383906361589217,14.100277943033573,36.9878149673983,1.0430918966254021,12.786015573874323,54.08109838456706,4.1411722520256085,7.9813521689742055,44.0664170516205,50.217757624115336,33.486210899458186,72.21560941313382,25.144818620976178,13.145112334078876,10.910675593189074,15.138354344904531,34.281563722168144,1.0469247120971859,74.27319503568869,74.54611006071435,72.45988802104952,72.44806635619705,76.7045973392558,68.21728705179477,2.1605104736241842,73.88923743378103,73.88655225062702,76.00547946967987,71.79049425329664,1.0697049016539928,-1.4293494127315114,0.6991178695759288,-3.573207201501873,218,241,166
2025,20242025,143,Lipscomb,ASUN,35,25,10,1405,67.0,47.1,2035,958,57.3,1071,614,35.7,964,344,79.4,620,492,1241,953,288,17,341,0,0,437,288,434,1120,2752,30.5,23.2,0.14,55.5,42.7,2133,911,49.7,1336,664,31.0,797,247,66.8,452,302,1186,841,345,21,390,0,2,553,199,361,1132,2371,21.2,29.1,0.17,48.5,68.94222928578839,16.633831723153108,57.048530044901895,3.2296329204095646,6.579938334294047,45.55943958988518,53.63482705149229,34.52271960689523,73.70670366021226,9.386629249496277,11.399190237432945,12.288487799261086,15.097284855945942,33.220531729248215,1.1043202157942307,12.92875730098844,55.898608375813374,2.786484718322103,6.842967796162505,45.74682014668705,53.55432733912015,33.82335519520349,72.2229249622714,24.597844848022316,12.4924226959149,9.567630164830872,13.103637117030607,35.31170527629236,1.0860102970410779,76.13429752221715,74.87197090533314,76.2591746943549,76.27161586215266,80.43854933180351,72.00764462407618,2.149331647241177,75.7151714323519,75.71274218734591,77.83493482200663,73.6183377494238,1.075173242207129,0.5440032620030024,2.603614509796884,-1.6106931253476233,159,100,231
2025,20242025,144,Little Rock,OVC,33,19,14,1330,65.5,44.5,1894,843,47.9,1311,628,36.9,583,215,70.4,548,386,1112,770,342,44,458,0,5,564,332,578,988,2287,28.9,30.8,0.21,50.2,39.6,1847,732,45.8,1046,479,31.6,801,253,71.8,699,502,1194,777,417,33,492,0,7,525,385,471,844,2219,37.8,34.9,0.23,46.5,67.84104110044746,13.225987003226658,53.7538496829209,2.6199058098400907,6.973425018974189,44.61249711294917,49.58991229310001,34.57517748659002,69.02425980134228,10.949480830690852,12.288003826786293,11.080057042816884,14.422333192920332,32.528310955061116,1.0437212838347898,13.953068476687776,55.46720684749149,4.078197634904417,7.355242617573104,45.033874060546026,52.7052928967476,33.87498200305246,72.21592249579591,22.727415895157073,12.415713941692216,12.115128927877045,14.139671905762953,32.94691081959558,1.0963408572664421,70.80713851404776,74.3769051579125,69.87939713548364,69.8812295241529,74.13854972558586,65.61369709899083,2.178754188345479,73.57843364227288,73.57626629537933,75.62506823975724,71.48842165031837,1.0633039504598765,-3.6990365067892412,-1.4865185141713795,-5.874724551327546,276,326,157
2025,20242025,145,Long Beach State,Big West,32,7,25,1295,65.3,43.3,1698,736,48.3,1073,518,34.9,625,218,75.6,611,462,1021,717,304,46,460,0,13,586,260,405,796,2152,36.0,29.8,0.22,49.8,45.3,1820,825,50.0,1133,567,37.6,687,258,72.9,639,466,1092,720,372,17,373,0,10,585,269,530,962,2374,35.1,34.1,0.18,52.4,70.0588748409671,12.638026585576265,54.862164969476396,2.9738677966266756,6.723065434325086,45.127073686695795,51.97865483620087,33.582502951250284,71.69921957350918,9.523886341718477,12.527618171250573,8.867193262848934,13.031677523237725,32.677064084432864,1.0467080462833567,14.207575769010367,57.84891820693959,2.986515729545453,6.543390213086132,46.94299280796199,54.13879224616254,34.08915979664409,72.23452726640228,23.509691243579063,12.357868573694605,10.898704740653235,15.310863980659361,35.62787363732004,1.1054490413924987,73.33118800959889,77.44651603398412,69.2028791710452,69.20142297758296,73.36140898337003,64.98451171581577,2.1420424230652495,77.35990846348682,77.35083394425567,79.4787925740997,75.25625225686727,1.0791325347307,-8.15702929244162,-6.117383590729673,-10.2717405410515,345,336,297
2025,20242025,146,Long Island University,NEC,33,17,16,1345,62.9,43.5,1910,831,50.0,1261,630,31.0,649,201,71.8,518,372,1172,790,382,27,430,0,8,625,278,467,1100,2235,27.1,32.6,0.2,48.8,41.0,1703,698,47.7,1021,487,30.9,682,211,74.8,734,549,1049,755,294,15,441,0,5,510,283,420,906,2156,43.1,28.0,0.21,47.2,68.3339839036342,13.912280074182947,56.2617061959861,3.505918402904663,6.840529657140456,47.17579797311103,52.5357695803028,35.12338713160962,68.25322580152252,11.344140883649638,12.651080548060698,13.540293022902112,14.632594184215149,37.47445201920937,1.0927779470031163,13.166464798290482,54.562097815673546,5.012391581734629,7.707481170044074,44.94007436154841,51.235106209518015,33.876371832172666,72.21154259212675,23.48014715701281,12.875561077490614,9.83379254315558,13.743400044706899,35.43226465726963,1.0649512686338003,74.67387064075739,72.77236284897694,73.72107047484575,73.72546389057301,77.92454193262273,69.50842870136343,2.145120775264895,72.86938461405605,72.87708283224292,74.98189706208461,70.77706416424736,1.0721426877076499,0.8516858607897007,2.9426448705381176,-1.2686354628839354,149,183,120
2025,20242025,147,Longwood,Big South,32,18,14,1280,67.8,46.3,1830,847,53.0,1210,641,33.2,620,206,72.7,831,604,1110,748,362,8,400,0,9,590,347,559,1142,2504,45.4,32.6,0.18,51.9,47.8,1756,840,58.8,1005,591,33.2,751,249,67.3,654,440,1017,733,284,21,474,0,13,666,300,446,1066,2371,37.2,27.9,0.22,54.9,69.51337510897582,12.538157539644224,55.442299289069005,3.4511735388219167,7.291727401363808,44.670393801591594,51.89370784869526,33.12946061359704,72.37210733942175,11.847994738823187,13.006394237103402,9.363357250298161,15.790589804584556,33.454741163915834,1.0723905850729982,13.034144903717108,56.968735883780866,2.3505812215847284,7.97228145756111,46.02330289882633,54.74958285916097,33.83350696804196,72.21182945819561,24.266033347934243,13.608465404602324,9.900810611126666,14.638041945439827,32.47145924159912,1.0788666561832339,74.54548900351337,74.99566256383159,73.8197827300243,73.80534496366457,78.06429544170248,69.59796685071133,2.155066792854192,76.06788500594041,76.07161212113606,78.18106724614388,73.92278013577076,1.0804620257724693,-2.2481022759161107,-0.11677180444139879,-4.3248132850594345,241,180,247
2025,20242025,148,Louisiana,Sun Belt,33,12,21,1330,66.1,39.9,1897,757,45.4,1177,534,31.0,720,223,72.9,579,422,1013,697,316,28,357,0,10,581,313,430,890,2159,30.5,31.2,0.16,45.8,45.4,1795,815,53.9,1125,606,31.2,670,209,72.7,785,571,1269,888,381,21,433,0,9,521,296,386,1074,2410,43.7,30.0,0.2,51.2,66.24121980868395,10.871712593860217,52.23011628105719,2.8761030528876073,5.461438391039753,41.644060279059566,46.68065968396892,33.81393769394205,70.77330945133771,9.999757095028029,10.976700039804182,7.26139057003242,12.722989340086452,23.75086114828362,1.0164913707558798,12.069949636119826,57.060085886653745,3.4380026716864736,5.942793875857887,45.78994380879577,52.225724730092,34.27278393997435,72.22105504183551,21.369440237198134,11.706426415444282,9.01542827492126,12.86775872345937,30.866466860335784,1.1024111794017102,67.33362832387068,73.0250612542992,66.61646927692384,66.6346028752364,70.87824003377602,62.34470711454817,2.1689608022528524,71.12758618497097,71.12502668109053,73.22426372367755,69.02933006095613,1.074550896939629,-4.5111169080471285,-2.3460236899015285,-6.684622946407956,298,357,61
2025,20242025,149,Louisiana Tech,CUSA,32,20,12,1300,64.0,46.6,1780,830,55.4,1050,582,34.0,730,248,75.0,608,456,1166,859,307,23,402,0,3,505,269,367,1072,2364,34.2,26.3,0.19,53.6,41.3,1886,779,48.1,1141,549,30.9,745,230,69.6,575,400,1035,706,329,16,338,0,4,519,261,441,930,2188,30.5,31.8,0.16,47.4,64.79877666637402,12.22407512973315,52.65690400341414,3.685858191422535,6.5821929069725,43.42165020655925,50.534955465538765,31.266041035402736,70.03252264865554,12.629874364709714,11.886825431547914,8.994366600390753,12.25681271288776,32.13983668439739,1.0480912704257768,12.635970860605845,53.922907418127174,4.136733158627551,6.746694136448133,41.92882451695258,48.33927829300679,33.86516075817774,72.2197073027207,24.12740433874854,11.703850168096281,7.553670129769388,13.57538272093026,24.79700240507566,1.05770040929654,67.91503215829613,68.5376926019389,71.57956040746049,71.56574454107698,75.8189271657041,67.38270013032513,2.1577982616155063,69.15692323708801,69.14918536818212,71.27455035992139,67.05291094463846,1.0720640918755322,2.4226371703724823,4.544376805782704,0.32978918568667837,105,272,26
2025,20242025,150,Louisville,ACC,35,27,8,1405,68.4,45.4,2088,947,56.8,1089,619,32.8,999,328,74.6,704,525,1305,916,389,16,395,0,2,546,241,511,1170,2747,33.7,29.8,0.16,53.2,42.9,2050,879,48.7,1234,601,34.1,816,278,71.2,556,396,1170,830,340,20,447,0,10,644,223,413,1030,2432,27.1,29.1,0.19,49.7,69.91152079357256,16.446228766007838,59.038478779472506,3.534327591003696,6.685841356068192,46.398877911297205,57.222040001770665,34.98226452624951,74.48811780300001,11.190348960433646,11.891486149870309,7.527590646463214,14.248410799729585,32.77627293886619,1.166461287818257,12.827467672077761,53.80794141680001,3.256583867007691,6.683132049892335,43.12399729837479,49.61496993046696,33.1396479650064,72.21732185060753,26.38814540264681,11.717537084917325,6.9730040768974515,12.768943593180564,30.94815554592489,1.0481632994779353,81.54908257820351,73.2786903065113,79.86645907908343,79.87214630088201,84.09645330468652,75.6318407225594,2.1622595144502226,73.35319652234959,73.34657858820526,75.46337876432203,71.27785736387425,1.0667271935990565,6.513262556733835,8.63307454036449,4.353983358685156,30,27,142
2025,20242025,151,Loyola Chicago,A-10,37,26,11,1495,66.6,45.9,2133,979,54.0,1229,664,34.8,904,315,67.2,677,455,1314,942,372,23,435,0,12,662,327,511,1200,2728,31.7,28.3,0.18,53.3,41.8,2090,874,47.7,1257,599,33.0,833,275,73.5,712,523,1226,870,356,32,448,0,9,603,297,440,1018,2546,34.1,29.0,0.18,48.4,65.10252023502389,13.752752940897613,54.12913935836838,3.66525918496252,7.000168120775667,43.15652249403271,52.442481814641994,32.743741748284975,68.82047427373536,10.326650226114765,12.761138623425781,7.275117764264639,9.647728016431595,28.042494483714787,1.035322345302345,15.415079090622338,56.47728984415465,3.550642876868717,4.5279551428190175,44.303582713092304,50.34095575129904,34.81073062577954,72.23845035518976,23.78115382219985,9.056223875471112,10.232329470164036,14.880897840474786,28.555588148187738,1.146109694553232,67.40209393481831,74.61462958120885,71.19250762765587,71.16936136343887,75.47118179902412,66.98211288668759,2.1768350037681676,75.24764887197055,75.25290311621139,77.37722021592563,73.10614118296243,1.0899906197480298,-4.055141244314683,-1.9060384169015094,-6.124028296274844,286,289,217
2025,20242025,152,Loyola Maryland,Patriot,31,12,19,1245,64.4,43.6,1779,775,50.8,1075,546,32.5,704,229,69.7,525,366,1034,724,310,21,372,0,6,476,204,390,1026,2145,29.5,30.0,0.18,50.0,46.2,1744,806,52.7,1126,593,34.5,618,213,74.1,513,380,1021,748,273,14,368,0,7,495,290,412,1042,2205,29.4,26.7,0.18,52.3,67.8797381075561,12.841592139494113,54.65382628434181,2.8997941221990198,6.214581999314181,43.50307721247675,52.083098740188824,33.18297834228248,71.31216491198667,10.180506753021618,11.029736707554905,8.060948060414102,12.190517322936994,30.09541271670916,1.0698071173065227,15.233060125868542,57.39607776399459,3.456849433106973,6.289348484377436,47.28957863238021,56.216428520885714,33.61755018822322,72.22027012261191,23.718772470380244,10.901852247094897,10.717744601817438,12.873938984535883,34.829998774535305,1.1196683843060826,72.6182269483663,76.00279669400736,72.24488016213051,72.24692376429292,76.4487040576,68.09413765408284,2.1477912090706206,77.01871420634798,77.01308027469827,79.13361417834652,74.90209681441497,1.0735196207449476,-4.773834044217466,-2.6849101207465225,-6.807959160332132,302,253,283
2025,20242025,153,Loyola Marymount,WCC,32,17,15,1280,67.1,44.0,1866,821,51.2,1111,569,33.4,755,252,72.4,532,385,1067,817,250,15,333,0,14,528,339,378,970,2279,28.5,23.4,0.16,50.8,42.6,1933,823,48.7,1227,597,32.0,706,226,75.7,552,418,1200,846,354,26,354,0,15,498,220,359,972,2290,28.6,29.5,0.16,48.4,68.0970794433525,12.920627383939545,55.16565604900172,2.8312837013234073,6.358077193937496,44.79939930042407,51.72918323869332,34.125428611631015,70.15639228745694,9.435395812033015,12.00999490115407,10.141999211807041,12.602697666982115,31.119226799612385,1.0576337552207618,13.232675020461892,54.37734537916285,3.7161302352228502,6.108281065549161,43.403391110532446,48.90657660996674,34.13690469353254,72.2337990701429,24.224924148876543,11.460459653100614,7.789241435071102,13.05502283599281,30.786893536156274,1.0765469489364325,72.02176985123944,73.309703106223,70.72751405475623,70.71757232535333,74.95469628907081,66.51896503198277,2.1560148274312083,71.95847235645215,71.95872438907392,74.08282743673023,69.89532204198238,1.0641778254934808,-1.230958301695921,0.8718688523405831,-3.3763570099996087,210,306,92
2025,20242025,154,Maine,Am. East,34,20,14,1365,64.6,46.3,1929,893,51.6,1294,668,35.4,635,225,73.4,542,398,1030,777,253,19,352,0,2,511,394,564,1132,2409,28.1,24.6,0.16,52.1,43.2,1893,818,49.1,1208,593,32.8,685,225,71.4,539,385,1206,844,362,40,506,0,7,488,200,336,1076,2246,28.5,30.0,0.23,49.2,64.874944873539,12.161459827805507,54.071016308698454,2.970946704801783,6.280650442666815,44.405690152834694,51.81580111843715,32.54781671415307,67.46393258161922,7.377495045441811,12.246611764636704,8.723044322317941,13.520960083296472,28.602988856930892,0.9855790152929421,13.033297032761126,54.67722842262201,3.295081853076428,7.5075681938335155,45.07949070634605,53.86252224119899,32.17870632712443,72.21522163237492,22.164776138761443,12.458410921710195,7.863807737391138,13.122820741711646,33.0730924728784,1.0653167054274728,63.93938428564646,69.11236253746748,66.90859716474043,66.91475163632134,71.27136198162995,62.64063841187073,2.1969585483090364,70.12420830964498,70.13145464421098,72.24434157900254,68.00043264589424,1.0868811661967714,-3.215611144904557,-0.9729795973725857,-5.359794234023504,266,354,42
2025,20242025,155,Manhattan,MAAC,31,17,14,1265,66.9,43.9,1868,820,50.6,1094,554,34.4,774,266,77.0,596,459,1136,769,367,17,359,0,11,441,283,345,968,2365,31.9,32.3,0.17,51.0,44.0,1928,848,52.0,1122,583,32.9,806,265,72.7,501,364,1100,741,359,13,318,0,8,525,270,377,1012,2327,26.0,32.6,0.15,50.9,67.33205077446316,12.572291402439454,54.08259908413383,3.68719421138292,5.962960712890493,42.89954113714705,49.3382616008994,32.968924002614955,77.15439291697221,10.386681795850139,10.90205940641073,8.4837416586709,12.5797987164967,30.38690769839402,1.068082020643086,17.208099067863312,56.56321936408447,2.533542943420668,7.542732582405717,46.3452498748909,53.070434831777824,34.823349408077924,72.23333756566531,22.571254338992194,11.580294638014546,9.822784601442645,12.607455726403707,36.197559219166564,1.1380827535119524,71.91615284523148,76.62944574500762,70.74212323970671,70.75615284965059,74.98435086509221,66.46697475347484,2.176910574634404,76.9492650891087,76.94411567131453,79.09097473933399,74.79928851229195,1.0967060708586185,-6.207141849401992,-4.106623874241777,-8.332313758817108,324,305,280
2025,20242025,156,Marist,MAAC,30,20,10,1215,63.4,44.0,1712,753,51.5,1069,551,31.4,643,202,70.8,383,271,1079,769,310,29,358,0,2,448,124,309,926,1979,22.4,28.7,0.19,49.9,40.9,1642,672,44.9,1060,476,33.7,582,196,72.3,545,394,968,704,264,18,319,0,7,444,190,330,796,1934,33.2,27.3,0.17,46.9,67.00191471525682,14.733777180692398,54.190920825595455,3.1886246898179555,6.613496311027122,44.27810159353179,50.57825494666193,33.09418215949942,75.80118006608019,10.05537235416392,11.296284096130234,8.29971048337796,13.970917115644845,30.403501484840078,1.0522692165606027,10.86971958793528,52.19491417546834,3.125939403970146,7.030579889518599,41.854186199101235,49.27569242331203,32.2546981993659,72.2152616251808,25.27871916983496,12.807183418351979,6.588515684221879,12.345340523660642,27.77406370051721,0.9969740685534197,70.50405230548361,66.79917151453883,70.84798276364923,70.83732275430191,75.12791691035473,66.5942485134353,2.185951479473264,66.56123196881153,66.55994288471149,68.65010235106708,64.4721562814143,1.074398924963145,4.286750794837701,6.477814559287651,2.1220922320210036,62,302,4
2025,20242025,157,Marquette,Big East,34,23,11,1370,67.9,44.4,2122,943,54.7,1137,622,32.6,985,321,72.0,550,396,1158,787,371,12,318,0,4,545,420,604,1200,2603,25.9,32.0,0.14,52.0,43.6,1913,835,51.3,1159,595,31.8,754,240,73.2,583,427,1221,867,354,40,500,0,7,503,286,325,1034,2337,30.5,29.0,0.22,49.9,69.884447208595,14.997608282967116,54.24416425754106,3.4717430744058317,6.821270678460467,43.9682543084879,52.28069279524609,32.8217623506488,68.53330890542117,10.985295249170408,11.474305424600068,13.732066464542074,14.704679813855147,34.95055107383499,1.063705704771565,15.679222026107546,55.29530242286918,3.0299459502179733,8.743219364355507,44.58857994365122,52.02157675907424,33.44193398795284,72.23704477689617,23.277127360022302,13.253863576133234,10.830767901343645,12.696129709904755,32.70681383283934,1.0824647165313017,74.33648517058978,75.64744833759852,74.22823989184243,74.2324161827967,78.42714546252981,70.06319406087685,2.1458166806180214,74.8113267546589,74.81497263026162,76.93246304838738,72.68164225346416,1.0824243831718279,-0.583086862816458,1.4946824141424315,-2.6184481925873087,191,167,201
2025,20242025,158,Marshall,Sun Belt,33,20,13,1325,65.7,44.1,2004,883,52.0,1197,623,32.2,807,260,69.3,683,473,1239,827,412,18,382,0,8,636,269,443,978,2499,34.1,33.3,0.18,50.5,43.7,1875,820,49.2,1265,623,32.3,610,197,70.5,750,529,1161,819,342,16,398,0,5,604,255,398,1080,2366,40.0,29.5,0.18,49.0,69.97300350544054,15.879408259338643,57.4338708065216,2.9964537314289457,6.969885617895872,46.22753474406355,54.67299453197049,34.970143246414366,72.74405758466845,10.993439835615193,11.664376535590726,11.737725427237057,13.396311475680301,30.463083515002765,1.1307314744137515,12.550908432110022,55.4314966894698,4.488040738268776,6.150493735426252,44.09700605222733,50.951009865116745,33.637141039170196,72.22543790510622,24.940075333879204,11.47380277291692,9.676966147057012,12.993182785697515,32.18527351985982,1.1113856667329476,79.1206774228654,77.76699315420092,77.47324713078257,77.47389044145616,81.65501430999791,73.31126107604481,2.1460640064342646,77.63508193599226,77.63712894914967,79.76576814418662,75.488857447094,1.0784620145747894,-0.1618348052096934,1.8892461658112865,-2.177596371049191,175,63,305
2025,20242025,160,Maryland,Big Ten,36,27,9,1445,67.6,47.0,2212,1039,52.2,1430,747,37.3,782,292,75.0,732,549,1305,925,380,16,364,0,7,552,454,646,1278,2919,33.1,29.1,0.15,53.6,41.6,2131,886,47.8,1359,650,30.6,772,236,73.7,556,410,1222,859,363,39,511,0,5,648,251,401,1090,2418,26.1,29.7,0.21,47.1,68.06742489488768,10.979678528507725,53.57897351533103,3.453775408328461,6.43356811228953,41.87862404744266,49.821991153655304,32.64349286148007,71.01569635834309,11.830953564458035,12.250479361225668,6.650618847383738,11.135576450960226,25.22267198752254,1.0559713776537794,15.885394493443387,57.59445676977163,2.9873931956607893,5.112354238547279,46.238529872714096,53.88490053752243,34.48117674486839,72.22830525057229,23.323469515830915,10.313220947531427,11.349510150399166,14.806395236207347,30.99947581588806,1.1434284575208153,71.8772524395997,77.83023065497537,71.57432167956343,71.5744082061126,75.8389354468498,67.35550479185152,2.1665329787765972,77.02880403794384,77.0326885204328,79.13996981447796,74.88201557340359,1.0804094300001972,-5.454482358380417,-3.301034367628162,-7.526510781552076,313,274,284
2025,20242025,159,Maryland Eastern Shore,MEAC,31,6,25,1240,67.9,42.4,1740,738,48.0,1101,528,32.9,639,210,66.4,608,404,1020,713,307,23,412,0,8,557,269,365,854,2090,34.9,30.1,0.2,48.4,47.5,1787,849,56.8,1106,628,32.5,681,221,71.5,687,491,1128,798,330,11,332,0,9,520,322,496,1048,2410,38.4,29.3,0.16,53.7,64.76437194933429,13.44446668537917,53.20001632847612,3.104150801746185,8.241860039369119,43.88410799971304,50.88789215023315,31.54201855315472,71.01551125146581,10.524469388095806,14.563785762712946,7.232137661429535,12.547456314590816,29.70663892668859,0.9953957987708725,13.115956264293274,55.573083166249894,2.7941011687550636,5.909431625360768,44.01778759538304,51.04937353126841,33.80466610141585,72.22815985056033,22.389955081856826,11.800273831012758,10.37968610080232,15.434940227418789,28.98124147932136,1.0870907556457052,64.46618374840149,70.40475004132134,69.2142179970396,69.21450234239714,73.51222635594469,64.9434491498751,2.1858683218111423,70.32275140045068,70.31972610114951,72.44031430190515,68.1996019752981,1.0801350957007012,-1.1085334034110872,1.0719120540395437,-3.256152825423001,205,334,47
2025,20242025,161,Massachusetts,A-10,32,12,20,1300,70.1,41.0,2052,841,47.1,1394,656,28.1,658,185,66.4,702,466,1268,813,455,18,375,0,3,580,339,456,1202,2333,34.2,35.9,0.16,45.5,42.7,1931,825,49.4,1155,571,32.7,776,254,71.9,688,495,1211,854,357,23,406,0,8,611,371,445,1030,2399,35.6,29.5,0.18,49.3,69.43312659620928,16.13034519546099,56.033661404684665,3.1660567102906527,7.18913506151006,46.15095538375316,52.970642837204345,34.23995516841975,68.81092701185395,11.504106306135794,12.793518009302499,10.28855469916138,13.221362491997592,35.64154867840395,1.1036367918421282,15.091307474638523,57.39825889241628,2.4034783067317753,6.598821175530574,45.794607045762774,55.12629641076475,33.48378087146007,72.2256873592955,24.557448165661942,12.124286618565286,11.868329419504992,14.301572999087021,32.32714057639376,1.0988670381936094,76.62895308420875,76.29777417529841,76.76519451624583,76.76437602796224,81.02894961491603,72.52929076629657,2.1687370670791712,77.05887382032877,77.06641600988121,79.16158291706289,74.94407133211043,1.0816331736432936,-0.29367930408294285,1.867366697853143,-2.4147805658138566,177,88,286
2025,20242025,162,McNeese,Southland,35,28,7,1400,59.7,47.7,2019,963,54.8,1277,700,35.4,742,263,69.7,704,491,1262,852,410,23,379,0,9,572,371,619,1258,2680,34.9,32.5,0.18,54.2,40.3,1918,772,47.1,1032,486,32.3,886,286,72.2,590,426,1150,765,385,43,512,0,10,555,256,374,832,2256,30.8,33.5,0.24,47.7,67.61472345372754,13.365945548849933,55.968612186658,2.8705787996866525,5.05342432982126,45.46323338122911,52.76490405558403,32.84941553921012,73.93071344356561,11.942755440827561,9.904545986116435,14.089680230568009,19.15118838891793,34.83982000102159,1.1405161410496545,12.66622597649647,54.9012416409399,4.200278711294301,9.46622689362875,42.560827618089995,50.243051407192354,33.249351352353536,72.22590272345343,22.335712901304163,15.521058332949439,7.5015513138999745,11.352030257167016,24.871722745795676,1.0315348968706612,77.1156834715849,69.74694678477911,76.94278228978487,76.93540412093151,81.1872070164773,72.70346349552482,2.178558595707324,70.0593663495575,70.04927892030466,72.21444358184107,67.9224497099379,1.0913761754840159,6.88341594022738,8.972763434636235,4.7810137855869215,28,77,40
2025,20242025,163,Memphis,American,35,29,6,1415,68.3,47.3,2014,952,52.0,1337,695,38.0,677,257,70.1,786,551,1271,858,413,14,471,0,5,601,460,596,1216,2795,39.0,32.5,0.19,53.6,41.9,2063,865,48.7,1219,594,32.1,844,271,71.0,686,487,1176,761,415,33,460,0,9,634,331,545,1052,2568,33.3,35.3,0.19,48.5,69.44109396040419,13.361568446612837,53.69202706354137,3.892808056232471,7.67050704256099,43.67275111459448,49.845232694639165,32.354985669423804,71.32127359583713,12.587000940466634,13.259214328861841,12.072925685917568,14.855370091410744,33.38174311469229,1.0595755030692575,13.850940090215571,54.73149400100779,4.065571702160407,8.101000067338822,42.98851667358626,51.33386431728297,32.70578362677191,72.22566071266581,23.75316425984441,13.012807819168895,12.131956389016525,14.801826172638094,30.197076049060712,1.0822258753177807,73.57808206677485,75.15094869432268,73.70477907303858,73.68843152476975,77.94182169058142,69.50546622373041,2.1564455992040688,74.6062707179459,74.60607648448118,76.7224378860243,72.49107202030946,1.0800528651207817,-0.901491644907324,1.2193838045571255,-2.9856057965790512,200,184,192
2025,20242025,164,Mercer,SoCon,33,14,19,1335,67.3,43.5,2113,919,51.1,1264,646,32.2,849,273,65.5,611,400,1297,911,386,10,398,0,9,548,436,514,1124,2511,28.9,29.8,0.18,50.0,41.9,2037,853,48.3,1121,542,34.0,916,311,72.0,650,468,1268,915,353,21,426,0,5,522,336,424,938,2485,31.9,27.8,0.19,49.5,70.26060350751877,12.979215883063558,57.19762672518348,3.0744732416317753,6.272522096623988,46.05096358856299,53.097004499304276,34.64725981433623,72.30958627393098,11.253132611262547,10.691444801848318,12.463426466498994,14.431055314939284,32.52539818617172,1.141953437650959,12.94976199562829,56.04587533095443,3.2847228996656765,7.028769643279567,45.002834294407506,51.55778814441776,34.517783489216036,72.23364564885054,24.178439021709192,11.784612673890559,9.685887364774645,12.79834112744456,31.356397275030435,1.1086946354260383,80.23433770684208,77.89755419058194,77.47555277254394,77.47044242050265,81.69814968213191,73.27074965353617,2.1455517228437304,75.82490153534738,75.82063566861213,77.94658751662558,73.72511674327829,1.0723116354300455,1.6506512371965556,3.7515621655063285,-0.4543670897421208,128,62,236
2025,20242025,165,Mercyhurst,NEC,31,15,16,1255,62.0,43.2,1703,735,47.7,1093,521,35.1,610,214,80.2,525,421,848,613,235,27,334,0,8,520,229,491,876,2105,30.8,27.7,0.17,49.4,46.7,1605,750,54.3,972,528,35.1,633,222,72.0,618,445,1042,751,291,20,443,0,5,524,210,363,966,2167,38.5,27.9,0.23,53.6,65.41731584090543,14.033746053989532,53.78498034040112,2.879347689451004,5.539353495177969,44.66959572156296,51.32644965903833,32.912790796299014,72.3357015661331,9.551398726418132,10.001609711352422,8.173136350179574,13.966729319176437,31.942336015755398,1.0562157013756273,12.591691481611127,55.143241778995424,3.8365527255493843,7.001410451446123,44.71203446013582,50.780370520907695,33.58251776357702,72.21760923076538,23.410451659659067,12.271136641443917,9.332250263141292,11.406747231983244,32.02624955257938,1.0628171864106921,69.09479613301286,69.52664756457071,69.89172283422567,69.90641232156722,74.0989165029208,65.57338654947709,2.172131889382281,71.58923163904109,71.59009830508487,73.67720241770455,69.4747358847759,1.069502867728913,-1.6975088048154134,0.42171408521625153,-3.9013493352988036,229,325,75
2025,20242025,166,Merrimack,MAAC,33,18,15,1330,63.9,42.3,1861,787,49.3,1063,524,33.0,798,263,72.3,455,329,932,700,232,20,297,0,4,518,273,456,854,2166,24.4,24.9,0.14,49.4,41.3,1838,759,47.2,1170,552,31.0,668,207,71.8,550,395,1326,886,440,29,499,0,3,449,229,324,946,2120,29.9,33.2,0.23,46.9,64.55807084495771,12.696257814486922,55.32217152435304,3.537345213212709,5.2068531610621385,42.74607979887316,50.05797307947026,33.139464092381814,76.12765228147191,8.678568818776313,9.950009952830445,9.592397806188044,14.785729351041711,27.08630746792495,1.080836474899488,13.085331413486937,53.030253463832075,4.748112539772525,7.825264941195158,42.6808352483376,48.842470619269044,32.33659329591709,72.23277684047687,21.410419811521663,12.826164904356144,6.004179201582222,10.754295576725301,30.79264529130878,1.0524015908191817,69.77671771837551,67.94101645745093,73.0754035412381,73.07716556711804,77.44657983947532,68.76266420906204,2.1923144449146843,67.91924322209792,67.91416113347498,70.05970721439117,65.79447360655371,1.094633267770954,5.156160319140184,7.386872625084152,2.9681906025083293,51,223,15
2025,20242025,168,Miami,ACC,31,7,24,1250,64.5,45.9,1849,849,55.1,1137,626,31.3,712,223,76.4,488,373,977,684,293,23,339,0,7,446,298,362,986,2294,26.4,30.0,0.17,51.9,49.5,1836,908,55.9,1103,617,39.7,733,291,74.4,528,393,1049,745,304,10,316,0,6,445,249,425,1098,2500,28.8,29.0,0.16,57.4,67.56385097594479,15.620526691063509,57.50048553365181,3.9074720689314577,6.6709036081852275,48.2913829490508,55.553941925236145,34.30879600634671,69.87257580424492,12.034633403245813,11.326281002271491,11.111106111430608,15.13077074656454,40.552114451302145,1.1611496621558894,14.137490224238567,55.73235881883948,3.2530844538260206,7.50260574152032,44.963023480195176,51.38964995367901,34.694042051118174,72.2220561386506,24.746874130929886,12.298024136286,8.127244585723897,13.339577985168631,29.372363946586447,1.0635956743360466,78.45174273466915,71.86061963950016,79.04913010269222,79.05983564639452,83.31538538579906,74.75602882857314,2.1764729381784007,73.03094671113152,73.03806096853546,75.1371775174763,70.87283257826233,1.0848978000383585,6.018183391560697,8.178207868322758,3.883196250310803,37,39,128
2025,20242025,167,Miami (OH),MAC,34,25,9,1365,67.8,48.1,2046,985,54.9,1132,622,39.7,914,363,72.4,562,407,1159,840,319,16,412,0,6,603,359,581,1048,2740,27.5,27.5,0.18,57.0,44.5,1962,874,51.7,1165,602,34.1,797,272,70.8,640,453,1140,805,335,24,480,0,11,563,316,444,1094,2473,32.6,29.4,0.21,51.5,70.05354129049876,14.848096272916145,60.116304915927095,2.9449249794573302,6.3676486261066545,48.218202501805,58.11375586036611,35.35040732192705,72.91255327992059,8.97505050565132,10.571989888572006,9.73245831460074,14.598054405876969,34.170428120437556,1.175454125183171,13.54017586036627,55.14265808699961,3.076766914668032,6.887541827989851,44.91142305154122,51.79557884953801,33.62985817657187,72.23216467302413,25.513121533996813,12.330751264354852,8.388889007672306,11.449835600549989,34.50665451916815,1.071206073194686,82.34472409360636,75.04177887917697,79.7049771504036,79.71544913211733,83.90729889407561,75.47488947614696,2.159942050874857,75.8322231497357,75.82661427852294,77.93912593563263,73.7418618393024,1.06594302718018,3.8727540006678964,5.9681729584429775,1.7330276368445539,72,28,237
2025,20242025,170,Michigan,Big Ten,37,27,10,1490,68.2,46.8,2160,1011,56.7,1253,710,33.2,907,301,72.8,772,562,1422,1013,409,12,517,0,3,634,357,471,1322,2885,35.7,28.8,0.2,53.8,40.1,2340,938,46.0,1425,656,30.8,915,282,73.1,665,486,1262,824,438,23,417,0,3,686,297,561,1054,2644,28.4,34.7,0.16,46.1,69.67124742832846,17.949595088998976,60.41543684643228,3.1185553116003466,6.3538774265989115,49.18238852863729,58.92782991332037,35.31714638133996,74.65172223088754,10.857083019002998,11.571481315417223,11.877001547133984,13.39228050200896,38.03758134305607,1.2077322522525313,11.99665075641951,51.02232825558457,5.53681597439458,5.673951170075572,40.18363583960251,46.68935821347449,32.32566492626208,72.23628494604714,28.296662981151773,10.731538760192104,6.808068282289495,12.22964495653335,27.467211476019763,1.0202902191299004,84.14421257385851,71.08489230570275,82.11011085870389,82.1071179724077,86.30077178846983,77.88652749533944,2.1640954501692873,71.36356612094713,71.36070142796436,73.49470662777328,69.22286508084305,1.0889505939552777,10.746544737756764,12.806065160696548,8.663662414496386,8,7,70
2025,20242025,169,Michigan State,Big Ten,37,30,7,1485,66.1,45.8,2192,1003,53.0,1471,779,31.1,721,224,77.9,827,644,1472,1032,440,24,420,0,6,618,577,491,1346,2874,37.7,29.9,0.17,50.9,40.5,2163,876,49.1,1283,630,28.0,880,246,71.4,681,486,1144,805,339,23,408,0,8,722,323,448,1088,2484,31.5,29.6,0.17,46.2,67.16060876058063,17.739920866656448,57.4551589910632,3.1798983835133345,6.5707555673851985,46.50712045288765,53.055050639676196,34.70390805336914,74.83931028319495,12.075467951179277,11.603230250482113,14.44446936902132,12.510527286167184,32.36152837156379,1.151706193366894,13.625701734581583,53.88873764399415,3.9399908753916524,5.374625428145496,42.36418049998584,49.87340840525967,33.59157226451476,72.23019162659301,26.49873910587477,10.26389584256812,9.421816718214416,12.58186070616699,27.113027512325516,1.044820055647682,77.34928905985159,70.17075098256205,80.41456495116086,80.40854879671812,84.66512080267601,76.19771699279096,2.1681793771653193,69.91256621259382,69.91957250930074,72.06712936554804,67.76307297184792,1.0928147937748869,10.501998738567039,12.597991437127973,8.43464402094304,9,23,35
2025,20242025,171,Middle Tennessee,CUSA,34,22,12,1395,68.2,45.3,2084,945,54.2,1265,686,31.6,819,259,67.0,685,459,1305,912,393,15,391,0,8,589,310,452,1228,2608,32.9,30.1,0.16,51.6,42.6,2069,881,49.5,1322,655,30.3,747,226,73.3,652,478,1215,858,357,20,395,0,3,569,266,385,1146,2466,31.5,29.4,0.17,48.0,66.29654084520176,13.578974110691966,55.287920936718244,2.9260899988033033,6.410933059717031,44.19919569003664,52.23926341898876,33.78597351206712,70.28930628429833,10.749836989924733,11.632395886660975,8.62810686303383,11.234500049935349,28.549612148097882,1.0847134430365,12.680239776639649,55.838745589235344,3.8342405836825404,5.91365049594162,45.15624641310259,51.901109838353854,33.78822708333453,72.23131345434285,24.59084011584262,10.452130717259475,8.093369601616036,12.6377112447309,34.01999836946565,1.1007055172254683,71.91274908160875,72.97296828127719,73.95912578856623,73.98052541941962,78.17757869597656,69.71487518123709,2.144963706986537,74.60244412084921,74.59271452302755,76.70467460484734,72.54916268441134,1.0649542916047428,-0.6433183322829876,1.472904091129223,-2.8342875031742523,194,176,191
2025,20242025,172,Milwaukee,Horizon,32,21,11,1290,63.7,46.8,1939,907,54.1,1326,718,30.8,613,189,68.4,741,507,1253,791,462,14,423,0,19,563,588,506,1342,2510,38.2,36.9,0.21,51.7,44.7,1825,816,51.6,1121,578,33.8,704,238,72.8,584,425,954,678,276,29,427,0,8,634,355,496,1022,2295,32.0,28.9,0.21,51.2,67.40441106407125,13.10636044010561,54.188339464458835,3.485893154134245,6.006438870661543,44.17085708184385,51.33438791321418,33.03371881404484,70.06484641169344,12.078658541587735,10.774017359944978,12.158016220005083,13.000955550661418,32.83899753963139,1.0968122883641163,15.258263750471405,58.192447366590166,3.0560690935770602,6.542076770931562,47.23908946236886,55.1126095302338,34.75320511567637,72.23273105449734,23.42739667126513,11.153782929205388,12.686652663030536,13.607300939364034,35.03270122138274,1.1477287493948582,73.92998634501954,77.36198041426344,74.02841487035899,74.03706505134883,78.24862765038344,69.78150998704521,2.144764753050149,79.05059238871962,79.05250616431186,81.15589286169761,76.94633223368984,1.0677461083402227,-5.022177518360635,-2.9072652113141686,-7.164822246644633,306,172,336
2025,20242025,173,Minnesota,Big Ten,32,15,17,1305,63.5,44.1,1806,796,50.7,1157,587,32.2,649,209,66.4,568,377,1083,746,337,34,346,0,6,561,218,378,980,2178,31.5,31.1,0.17,49.9,44.2,1788,790,49.2,1174,578,34.5,614,212,74.3,591,439,1109,779,330,18,339,0,4,533,286,360,998,2231,33.1,29.8,0.16,50.1,63.41128756853189,16.353767588619277,56.73683203120864,3.374620572424326,5.894893925630105,45.622179848395625,55.01799908603232,33.9006891266227,70.92884043469324,8.927039035725722,10.802033233086267,7.982211204097557,12.61201517343822,29.20519554520611,1.090246688823656,14.806807783096412,55.5141562509631,2.7712282980176624,6.389565737903429,44.92528766738778,52.18898044841194,33.94328003276859,72.23681191558711,22.806011209766744,10.881388908879217,6.68275090674342,13.096008647543686,29.3318851830409,1.0884494542061618,69.13394630563656,69.01998134447851,75.02107053525583,75.01384145471829,79.24167380440373,70.75397082397204,2.1612659284268494,70.2824128557965,70.28021919042689,72.39190163503856,68.15364961128452,1.0764398198255853,4.738657679459337,6.849772169365167,2.6003212126875184,58,136,45
2025,20242025,174,Mississippi State,SEC,34,21,13,1375,63.5,45.2,2146,970,55.4,1230,682,31.4,916,288,70.1,676,474,1288,853,435,15,365,0,6,591,438,523,1240,2704,31.5,33.8,0.17,51.9,43.9,1968,864,50.3,1102,554,35.8,866,310,69.7,694,484,1213,849,364,23,452,1,5,588,301,410,924,2522,35.3,30.0,0.21,51.8,70.01850670911281,12.759996563129784,54.398439009845184,3.8271702754154617,6.832800151213619,44.70915792181046,52.71671346999446,32.66520855274394,67.52512419301162,11.285009096255727,11.754901325211408,10.721780910913694,10.109726257389237,33.64047255093732,1.070702259778675,15.02455233258121,55.470383832348034,4.136559425308425,5.817531646016844,44.456743915382816,51.26959601677833,33.644129709281714,72.23463877452949,26.20137833774621,9.517071376605914,11.855495043820225,14.910849511640112,33.5632809979866,1.1333771211165533,74.9689733597754,79.35737355885435,73.13393175634214,73.14884054404496,77.36794921080028,68.84482946966928,2.1700084270960764,79.7529246282584,79.75768809181531,81.8799416149918,77.60852278490657,1.0830434472642312,-6.618992871916262,-4.511992404191517,-8.76369331523729,328,218,344
2025,20242025,175,Mississippi Valley State,SWAC,31,3,28,1240,65.8,38.9,1568,610,42.9,1095,470,29.6,473,140,66.0,482,318,869,631,238,33,501,0,9,508,184,306,768,1678,30.7,27.4,0.25,43.4,49.9,1796,896,58.0,1097,636,37.2,699,260,68.3,665,454,1144,777,367,8,321,0,8,460,384,611,1134,2506,37.0,32.1,0.16,57.1,70.22610216206976,12.37958370994918,51.819615683568955,3.3575866743896357,8.054715637067108,42.17785546336072,47.56240107607133,31.70720937239258,72.21218535339708,9.432688237163152,14.502838330282179,10.153164911803703,11.313291876447629,25.325074505162867,0.9573530761299226,15.322251935186305,59.03402541432919,2.8018546357911145,7.03444921198013,46.57096941521835,54.26244704834025,34.51472103259344,72.23349702343383,21.897557669489984,11.992108421904005,12.798449227979408,16.853204979437432,31.420302396498137,1.169608922296455,67.23117492947169,82.13707566685916,65.63293199008858,65.6332017613841,69.89121165979324,61.28319209250279,2.1892790726773717,80.23803068680239,80.24524579154475,82.34225200206446,78.10102821286044,1.081213507697418,-14.60509869671381,-12.451040342271213,-16.817836120357654,363,362,349
2025,20242025,177,Missouri,SEC,34,22,12,1365,67.0,48.2,1949,939,56.3,1143,643,36.7,806,296,73.0,918,670,1158,783,375,12,370,0,4,621,418,605,1152,2844,47.1,32.4,0.16,55.8,44.6,1946,867,51.2,1211,620,33.6,735,247,75.3,695,523,1114,741,373,17,479,0,3,691,262,448,1102,2504,35.7,33.5,0.21,50.9,67.9165457019023,13.971853022512871,57.65161985444416,3.473239345692182,6.599969104131186,47.373875083934315,54.93764983269158,34.769687274081576,70.02456461221334,11.31373217238439,12.191781958143453,10.876539995936437,14.411849407157176,37.16237922758436,1.1418236451042514,13.573922215678323,56.04695892338463,3.421704011192858,6.566896052606399,44.121849310677796,49.901204553158536,34.861865394712126,72.22859838346591,23.94305623591758,11.259174281255408,9.430329530646839,13.139113129736666,27.881892162120653,1.1133496959235805,77.54871777623555,75.61486550539287,76.93341916786554,76.92139157074536,81.19949696707764,72.70602494909369,2.1622483863375104,74.8583615831286,74.8537060489831,76.9755521862251,72.77576160551699,1.0730354464113134,2.075057584736939,4.223944780852534,-0.06973665642330218,110,79,202
2025,20242025,176,Missouri State,MVC,32,9,23,1315,60.2,44.7,1735,776,50.0,1096,548,35.7,639,228,65.6,602,395,1046,712,334,22,437,0,6,581,202,425,960,2175,34.7,31.9,0.22,51.3,46.8,1694,792,54.4,1026,558,35.0,668,234,71.3,631,450,994,711,283,17,414,0,7,527,219,499,958,2268,37.2,28.5,0.21,53.7,64.95952811258456,13.715997812323845,55.27906388446313,3.979167170090136,6.48864884066907,44.480217865096584,52.78490798026972,33.44782173738756,69.21958476463021,10.864018452448574,11.332118032430643,8.138344322843746,12.195799444305663,30.462555168204023,1.0904574340817954,13.054382848355273,56.327282416934175,3.0983474243156035,6.653782750117389,45.608392340924965,52.220063073447804,33.68863276760147,72.22294092100375,22.623463339362722,11.43394876966403,9.69912416456321,12.818178879259753,31.281618043574916,1.1035090116581816,70.83560034481322,71.68342466530005,74.61973927600431,74.63521945727159,78.83917893003564,70.42733494945212,2.1465425510315717,73.37369325300922,73.37273526828727,75.4836175224969,71.28437073684333,1.0729572258271918,1.2460460229950883,3.355561407538744,-0.8570357873912116,141,151,144
2025,20242025,178,Monmouth,CAA,33,13,20,1335,62.3,41.1,1908,784,44.2,1247,551,35.2,661,233,74.2,701,520,1124,767,357,23,364,0,2,592,348,403,880,2321,36.7,31.8,0.17,47.2,43.8,1947,853,50.7,1154,585,33.8,793,268,73.0,703,513,1252,843,409,22,373,0,2,565,374,444,1042,2487,36.1,32.7,0.18,50.7,66.90329041914318,13.713082608517347,54.5626851627794,3.251981752712478,6.312145723097481,44.08715081061201,49.689981406488776,33.855422865678754,73.41576959394948,10.84930661205069,11.397510440673964,11.144169493481341,14.957939446944755,31.364948845938347,1.0714416126737882,12.646786352702346,54.69150149765859,4.047573377215718,7.404195138674947,43.9892323846141,50.469052864865326,33.87252541719259,72.21423654151138,23.581642271243062,13.224653607606761,9.13347378470852,12.817088859613323,31.15298017757755,1.0571750216215474,71.68296937986958,70.72848749541035,72.52864956240083,72.52301860157158,76.69033891016083,68.34792822056134,2.1268194312377466,71.80265672746555,71.79730361095379,73.91226770584626,69.69030419714821,1.0811100086263001,0.7259928349352833,2.778071204314571,-1.3423759765868652,153,239,86
2025,20242025,179,Montana,Big Sky,35,25,10,1405,63.4,49.8,1934,964,58.1,1218,708,35.8,716,256,73.6,674,496,1108,855,253,16,380,0,3,565,302,455,1254,2681,34.9,22.8,0.17,56.5,45.7,2047,936,52.7,1334,703,32.7,713,233,74.0,622,460,1144,814,330,11,381,0,4,611,210,421,1212,2565,30.4,28.8,0.17,51.4,70.40785042411852,14.351956441615979,58.92697921705431,2.988433008818174,7.594958633908073,47.11859244479654,55.31085187400268,34.795932595882704,75.09363966633931,7.356240368131929,13.39512416794452,8.356891841307611,12.177793114168747,31.893761163667897,1.081885327105501,13.499639510971278,55.06461794299853,2.6571556419342457,5.67798038551186,44.74960746162092,52.43793648451226,33.463302657727574,72.22464006585865,25.718082562625934,10.521212248856289,10.511699127504514,15.272895061765652,35.59244386781445,1.0984810981444326,76.17322028689264,77.34169285187467,74.01208653242142,73.99675214437868,78.27939960769218,69.73924590091426,2.1777986957523305,75.67359788022777,75.6648615449655,77.77836259785182,73.55367983633244,1.068630103990015,-1.6615113478063535,0.5010370098403598,-3.8144339354181795,227,175,229
2025,20242025,180,Montana State,Big Sky,33,15,18,1325,63.7,45.5,1834,835,54.3,1041,565,34.0,793,270,72.5,571,414,1033,803,230,21,328,0,6,534,298,434,984,2354,31.1,22.3,0.16,52.9,43.4,1908,828,49.7,1302,647,29.9,606,181,76.7,601,461,1164,834,330,16,349,0,8,540,254,362,1120,2298,31.5,28.4,0.17,48.1,66.50825498624965,11.317851932343821,56.84544097599023,2.758299204720302,5.715226861459716,45.452088812622414,53.30562787130658,34.94941856369328,72.30105595037357,9.485885049532007,10.317291199149329,9.302689326290496,12.960409553590246,29.2924574568601,1.1237202804500386,11.861471693119505,55.56914807112986,2.9339919257908766,6.580181672516804,45.265793337945354,51.93539027737644,34.04567878601127,72.23390642752405,23.502623435235776,10.95813361756178,8.508116952781295,11.612234028830477,34.386653551300995,1.0875687557871363,74.73667494539114,72.33230012496914,73.2797024867119,73.28281998566385,77.56849738999632,68.99314717353637,2.1809957063190195,71.18061960754419,71.17202283392027,73.29505102259296,69.0763483383311,1.078670546982966,2.0990828791677103,4.273446367403366,-0.08320116479472972,109,212,63
2025,20242025,181,Morehead State,OVC,32,15,17,1285,65.2,41.7,1779,741,47.3,1165,551,30.9,614,190,67.5,658,444,1171,810,361,34,376,0,6,508,231,352,940,2116,37.0,30.8,0.18,47.0,43.8,1776,778,48.8,1173,572,34.2,603,206,75.5,579,437,1024,770,254,16,320,0,7,531,308,409,900,2199,32.6,24.8,0.15,49.6,67.1546614424162,12.387457195347872,54.85291427462586,3.4585975408558483,6.936902584433694,44.74338246017416,50.70807102780325,33.133645708134694,73.03376256147017,11.975493166522746,11.994082366220246,9.076413738593494,11.577811675061362,32.37179163367864,1.0830406550020766,14.087610610887893,54.48629784321936,3.162336625220997,6.218120548621832,43.6934556690954,49.90325377696058,33.880113644469645,72.22084528215107,23.67632820375692,10.773497569774369,12.320849583835106,14.513757828096018,31.40950494292143,1.108214709952004,72.73122851503713,74.4217836523323,73.68451488047592,73.66936511166529,77.91490105939458,69.48085469059657,2.147528828966258,73.3133975624632,73.31252247236668,75.45604878618472,71.20347575791277,1.083605979341073,0.37111731801272185,2.4588522732098568,-1.7226210673161972,166,186,140
2025,20242025,182,Morgan State,MEAC,32,14,18,1295,72.5,47.8,1982,948,51.7,1548,800,34.1,434,148,72.8,707,515,1182,794,388,5,432,0,7,596,478,512,1280,2559,35.7,32.8,0.18,51.6,45.0,2010,904,49.8,1322,658,35.8,688,246,68.3,776,530,1183,743,440,11,429,0,6,573,474,490,1150,2584,38.6,37.2,0.18,51.1,68.93600253685022,12.518959542093612,53.35418419708803,3.6610869691340753,6.6810920431019625,42.034194479637094,47.75715287824308,32.48095169212989,73.0874048878329,11.235016391145603,12.428008669249166,12.231005067805366,13.217980952993788,27.723048524469213,1.03430880965695,14.933133859006706,56.921514837055916,3.3366454919386013,4.898073864240375,46.55284151143004,54.23170538711743,33.08565407653571,72.21986956457594,22.94284721231606,11.647789221951273,13.141015369604851,14.150636162086531,35.44433066229076,1.1293737727707525,71.30111472639804,77.8545132647767,71.9362226516669,71.93478344897909,76.19354808606002,67.69849346912942,2.167458408615951,78.55922085413103,78.55492623535923,80.75176022129071,76.40196302207926,1.1083218062431734,-6.622998202464132,-4.55821213523069,-8.70346955294984,329,261,325
2025,20242025,183,Mount St. Mary's,MAAC,36,23,13,1460,67.4,44.1,2014,889,50.9,1187,604,34.5,827,285,73.6,626,461,1349,983,366,23,538,0,11,564,287,411,1078,2524,31.1,27.1,0.22,51.2,41.1,2196,903,48.9,1207,590,31.6,989,313,73.6,569,419,1201,817,384,21,395,0,8,580,374,522,948,2538,25.9,32.0,0.16,48.2,66.93426389629319,13.490389495803994,54.72266184095684,2.8962299069020156,8.011158083295031,44.2473768645071,52.22968561437221,33.26217336437125,68.90744489451684,10.718591748023442,14.450098095685306,8.560907083378046,12.153559366308581,30.710055722781103,1.026664659053866,12.324378128433008,53.50517625389554,3.014784641086937,5.943344044304947,41.40076507724274,48.24940232559278,33.183529264519706,72.23816553190942,25.896553560575697,10.707097467145974,9.84234460667187,15.869503745023888,25.11559769276148,1.0546084257593675,68.71904322210933,70.58943867703184,71.3055042984156,71.31595899593282,75.55012968118264,66.98433150509375,2.1701360982728866,70.04502125682669,70.04632932167735,72.1455973512104,67.93230005321425,1.0741555031051473,1.2604830415889126,3.404532329972241,-0.9479685481204996,140,285,39
2025,20242025,184,Murray State,MVC,33,16,17,1350,60.8,43.3,1821,789,49.3,1092,538,34.4,729,251,72.2,751,542,1121,790,331,27,378,0,5,574,285,429,978,2371,41.2,29.5,0.18,50.2,45.4,1800,817,51.8,1228,636,31.6,572,181,73.8,633,467,1077,792,285,26,402,0,6,616,272,420,1080,2282,35.2,26.5,0.2,50.4,70.57726418967987,13.801924594979845,57.75277293360608,2.9790255954292637,6.910768329420952,45.72279362623787,54.33071983832937,34.23236006790951,74.26201466871949,11.31323216650574,12.010231628727798,10.126796455524884,12.948881629088122,33.25752396968215,1.1397173665358105,13.311796751347675,55.76996998139258,3.884998018082968,5.995051221098231,46.590402650316996,51.93987751494388,34.452624899569315,72.22447828614364,24.657322655421098,11.45857283862514,10.483801644204073,13.020100665013361,38.06776048115574,1.1071420257841695,80.4381336795641,78.13905524926669,78.17760750157967,78.17089302747061,82.37654781423146,73.94178264255606,2.1511974080659617,77.79283211500947,77.7932334451493,79.90213654196683,75.65526143786344,1.0791500347392344,0.3847753865701975,2.474411272264632,-1.7134787953073811,165,51,314
2025,20242025,185,NC State,ACC,31,12,19,1245,65.1,42.5,1798,764,48.3,1148,555,32.2,650,209,72.6,580,421,993,675,318,13,295,0,1,515,400,426,890,2158,32.3,32.0,0.15,48.3,45.4,1725,783,50.8,1162,590,34.3,563,193,76.3,556,424,1111,786,325,24,381,0,3,494,307,309,1036,2183,32.2,29.3,0.19,51.0,67.74551059236833,15.000832780616467,58.006939946900665,3.31394278435239,5.469037442926805,45.85693658921105,52.33668861683354,36.17208424984928,74.49359933930765,9.902299372466139,9.6013069756996,10.463637457142319,14.789001170168829,32.63109226840463,1.1697386906528555,12.977962827476018,56.78866861906656,3.34803314258456,7.781903751411285,45.20460064747303,52.8278420332842,34.6352588812091,72.21564120946199,24.464726776969997,12.48491104659615,10.850181529636176,10.30978395253218,30.35564147492121,1.1042568463479414,79.24454485792609,74.80844388095971,78.49989869506993,78.52041551003452,82.69124953172488,74.270453763787,2.1493057793044406,76.72039275708423,76.71941918600484,78.8289527808472,74.5982880200999,1.080919887849815,1.7795059379857037,3.8622967508776753,-0.3278342563128973,125,49,266
2025,20242025,186,NJIT,Am. East,31,6,25,1245,66.6,40.0,1815,726,45.6,1127,514,30.8,688,212,73.1,491,359,1100,767,333,26,375,0,13,571,198,291,816,2023,27.1,30.3,0.18,45.8,44.0,1821,801,51.1,1189,608,30.5,632,193,68.4,693,474,1163,812,351,16,290,0,9,464,322,427,1086,2269,38.1,30.2,0.14,49.3,68.57254505749307,11.186082057890752,52.360088064232734,3.159099433485703,6.50895431774891,42.056450788370235,48.82691116364135,32.353602991920354,70.83042155479198,9.856341993760147,11.607546115287416,8.957554720341554,11.844555656782067,28.006517582656873,1.0067841248438443,13.453308860433356,54.79217260549479,3.2193755142220635,6.461029351124283,43.90600935009467,51.616188376267765,33.4952620003047,72.21753025128729,24.42073922925297,11.276909062874049,9.305566096226036,13.685335656324565,31.786991024528067,1.0872173360151138,69.03774976402325,74.55325976118398,67.47277248881875,67.48130750311802,71.62317000072953,63.27534521659486,2.1181320454635157,73.02791732086443,73.01750780892817,75.10919151530469,70.96519397761686,1.0574540041634364,-5.555144832045684,-3.4860215145751567,-7.689848761022006,316,352,126
2025,20242025,187,Navy,Patriot,34,15,19,1365,66.4,42.3,1979,837,47.3,1242,588,33.8,737,249,73.2,661,484,1216,833,383,22,367,0,3,558,245,417,994,2407,33.4,31.5,0.16,48.6,44.7,1887,843,51.7,1114,576,34.5,773,267,70.5,624,440,1143,837,306,24,407,0,2,604,274,405,964,2393,33.1,26.8,0.18,51.7,65.52864761647186,15.121904596516508,56.73942958863051,3.106186129307404,6.187482439131908,46.35386179733242,52.53900602361524,34.09614588037247,73.79324988361525,10.343860688990011,11.13801312504982,9.0417375109199,13.499062987453078,32.90825552104715,1.1122157215453978,12.807871532313735,53.62431986318234,3.1840563058115934,7.209027451453442,42.6903924234641,51.95214934908064,32.91830665925563,72.24286418687744,24.93557746757967,11.90608546149139,6.887004812825244,12.497024325865976,27.863185153023416,1.0328483577617826,72.88199209064837,67.68115607702352,76.17029721049202,76.18261605390012,80.34018588071964,71.94635194368632,2.1443702236129254,67.85572716199329,67.8510845562257,69.96560199464933,65.73423931034309,1.082710475382866,8.314570048498737,10.374583886070312,6.212112633343239,20,103,12
2025,20242025,188,Nebraska,Big Ten,35,20,15,1420,68.5,45.4,2041,927,53.4,1250,667,32.9,791,260,75.0,715,536,1232,909,323,14,394,0,1,549,299,482,1168,2650,35.0,26.2,0.16,51.8,42.9,2110,906,50.0,1147,574,34.5,963,332,71.3,571,407,1242,877,365,17,433,0,3,605,277,401,978,2551,27.1,29.4,0.18,50.8,66.65829455436305,17.147277623090147,57.54794197850541,2.936508280180664,5.5103621618007805,45.80383447959988,56.175320754756,34.46966684914945,75.10488867229016,9.240278365116524,10.1147539491375,6.585022061674691,13.08529057276169,30.964364518073083,1.1400062418992534,14.322502723691017,52.95714529162008,2.61602220551291,6.989131111918959,41.81153864545633,51.31572917542813,32.5406950696419,72.22279682418976,25.557077760642866,12.423461682225739,6.503709753371152,11.278604801308532,25.642559871684504,1.0210435045471198,75.9908718663329,68.06101867892104,76.27546975679834,76.28787163891295,80.48126603284943,71.99977212411814,2.1612946679243366,68.45956659392823,68.4556736233749,70.5902968357151,66.32609423598082,1.0879990566380346,7.815903162870114,9.89096919713434,5.67367788813732,21,99,19
2025,20242025,189,Nevada,Mountain West,33,17,16,1330,64.4,47.3,1785,845,55.3,1116,617,34.1,669,228,70.3,666,468,1071,785,286,13,335,0,7,579,205,439,970,2386,37.3,26.7,0.16,53.7,43.4,1730,750,49.5,957,474,35.7,773,276,72.0,656,472,1040,757,283,28,404,0,8,638,256,380,840,2248,37.9,27.2,0.19,51.3,67.69323192249591,14.122349481809879,55.9019331214354,3.577502083417862,6.181325654133146,44.49391766971112,49.2640968922985,35.21122309473685,74.69751446682452,11.080726512271312,10.501040600683456,11.749986704024867,13.448044074899775,30.366100931736863,1.1165685030066286,13.387270895701148,55.61414356358089,3.699590096065565,6.561852881822915,44.46985283237774,51.93083004646017,33.62973284823644,72.22304435256143,24.871115689280135,11.397513081403806,9.361267734564574,12.625706454868286,29.358928961368832,1.0717125237950145,75.58413063138178,72.54768442749933,75.99168160087329,75.99617793395157,80.20945906806868,71.71852030034748,2.153777823812195,73.14369066869881,73.14697945653039,75.24435586957512,71.02161476969663,1.0801086436139251,2.8479909321744827,4.965103198493566,0.6969055306508523,90,108,130
2025,20242025,190,New Hampshire,Am. East,32,8,24,1280,68.3,41.2,1872,772,47.2,1107,523,32.5,765,249,65.9,502,331,1098,768,330,31,424,0,5,530,224,364,934,2124,26.8,30.1,0.19,47.9,46.8,1889,884,55.6,1133,630,33.6,756,254,70.6,606,428,1192,856,336,25,370,0,8,476,439,543,1118,2450,32.1,28.2,0.17,53.5,67.72116738187218,11.280366813232591,51.67577853292727,3.525644777591195,6.320879104139243,41.63401051384933,48.51962678272828,32.46517878377293,69.7225845808275,10.111906642264309,11.364083296579778,8.326714098827342,11.466341186470197,30.751794950399663,0.9992420591793222,12.952113875302285,56.79886203695221,2.3553674206510666,6.292667352995258,46.171792791621094,53.69266615002171,33.58362789639871,72.2341530648437,24.21400052292435,11.226205640612937,7.99914784674054,12.834757229620639,35.04757415820361,1.1001763889644476,67.6698387446895,74.50522938664507,66.32183358228095,66.3119445369347,70.57499066996924,62.0715051158754,2.1644202034681417,75.32737638519365,75.32611005848074,77.43808922024162,73.25012960378142,1.0707616668507922,-9.0055428029127,-6.863098550272383,-11.17862448790602,348,359,219
2025,20242025,191,New Mexico,Mountain West,35,27,8,1410,72.0,46.0,2198,1010,51.2,1497,767,34.7,701,243,68.9,807,556,1361,942,419,15,400,0,7,615,554,622,1404,2819,36.7,30.8,0.16,51.5,42.8,2033,871,48.4,1256,608,33.8,777,263,66.4,703,467,1230,904,326,36,527,0,7,667,342,373,1078,2472,34.6,26.5,0.21,49.3,69.06289340761353,14.51213478917842,56.92424911372624,3.3188503903640822,6.227793517113192,45.721699480542114,53.35105136885931,34.92928995380667,72.52449595137362,10.819623161748055,10.811321753009098,11.970517845118248,14.974962168299115,34.02548869209453,1.14214430530643,13.574449006909154,54.596034422618615,2.8175328443349357,7.659458596103448,43.17609606876328,53.41511797093117,32.64552541169713,72.2281673502774,25.337400258385916,13.096681245444605,9.760511125622266,11.571980197793906,27.56192235858058,1.0419241922164135,78.87979041349078,71.958299425856,76.7710389567575,76.7678482164182,80.97976170115358,72.58355501532716,2.143734301201477,71.93687516877768,71.93391907090442,74.06079276212623,69.80370653894468,1.0840094715861697,4.8341637879798185,6.918968939027351,2.779848476382483,56,87,90
2025,20242025,192,New Mexico State,CUSA,32,17,15,1285,61.2,41.8,1830,765,47.7,1142,545,32.0,688,220,67.3,623,419,1149,787,362,23,333,0,3,572,276,396,894,2229,34.0,31.5,0.17,47.8,39.9,1723,688,47.9,987,473,29.2,736,215,68.9,665,458,1033,733,300,22,341,0,2,522,321,341,806,2110,38.6,29.0,0.17,46.2,66.78626190291126,12.685564221337057,54.082474957330035,3.143543711588348,6.226289077847934,43.001988172695995,49.85030068277851,33.08648352218536,73.09738542827745,11.888057920688581,10.59476979128723,10.849834730493487,11.332260694226608,28.911874689971405,1.0956242069578952,11.786037866181996,54.732456111719905,3.0701173801650463,5.837520509133041,43.12291970548468,50.40044615803959,33.37508725573849,72.2282091550101,25.04431770780009,10.237424945664978,10.597051198617521,11.403871001081876,29.889169533174478,1.091791954358361,73.17264523305944,72.91670340726884,74.39645314255728,74.37630889679036,78.61530572595548,70.24055744374564,2.1438259686714347,72.40291273871955,72.40331437945699,74.5190042986986,70.28506372995422,1.0766436361886709,1.9935404038377271,4.096301427256876,-0.04450628620857344,116,162,108
2025,20242025,193,New Orleans,Southland,31,4,27,1250,66.9,41.2,1840,758,46.0,1275,586,30.4,565,172,66.9,623,417,1104,729,375,20,408,0,3,466,316,389,1072,2105,33.9,34.0,0.2,45.9,47.2,1981,935,55.1,1141,629,36.4,840,306,72.2,526,380,1212,810,402,13,349,0,6,516,419,520,1122,2556,26.6,33.2,0.17,54.9,68.99278491837836,13.322980956608788,55.8991692882698,3.43954506710955,7.390266861058246,44.752775738842395,51.25746461672869,32.63174576509568,73.54051577665335,11.828542412062276,13.687409299529637,9.573968396612257,12.576894437817515,31.960617913174264,1.0836910669493074,15.172060094356667,54.22645179537206,3.7125054945574107,5.97218057275801,42.9723799652314,50.13787573302423,33.18609694800711,72.22098275634222,25.28207814754853,10.719021636048321,10.605475919687079,15.153754850849445,30.820911562905206,1.103056064786384,74.76686470000153,76.10290983071982,76.21989120930533,76.23181245279125,80.48225110146484,71.98166892143793,2.1690870278478767,75.97907708768832,75.98122520749942,78.07346853929928,73.85950126138732,1.0743161424501835,0.24081412161700655,2.4087825621655554,-1.8778323399493928,167,102,242
2025,20242025,194,Niagara,MAAC,31,11,20,1255,61.9,45.0,1659,747,52.3,948,496,35.3,711,251,73.9,510,377,948,718,230,23,379,0,6,487,256,355,928,2122,30.7,24.3,0.2,52.6,45.7,1720,786,51.5,1061,546,36.4,659,240,77.5,519,402,1017,747,270,16,349,0,10,499,305,429,938,2214,30.2,26.5,0.18,52.7,64.21402477109119,13.789133521851348,54.648334926643685,3.146114302532544,6.560071954697563,44.20759874838346,51.09854682814577,33.71232886604335,71.89401963719779,8.479660306621764,11.8998084807981,7.357065970606007,11.350837816988237,29.162040713086125,1.0234847063475245,13.073081750798412,56.824021707767116,2.9718254834421196,5.865936985025797,45.44039302112783,52.988690401041595,34.03271935260446,72.242319305495,21.953433739634026,10.840533449476649,9.828376573471797,13.927943104276821,29.186209992951458,1.1212831078221261,65.72207228623293,72.00210126109612,69.1627063036348,69.16677473167204,73.36476026374183,64.94641581031618,2.157162119606847,72.22922389284003,72.23438519364976,74.33783819942667,70.13621579778605,1.073061963625668,-3.066517589205219,-0.9730779356848416,-5.189799987469868,265,337,101
2025,20242025,195,Nicholls,Southland,33,20,13,1330,66.6,42.8,2025,867,47.5,1296,615,34.6,729,252,68.5,667,457,1247,851,396,14,351,0,3,570,393,454,1100,2443,32.9,31.8,0.16,49.0,41.6,1937,806,48.8,1216,593,29.5,721,213,70.9,664,471,1242,866,376,15,411,0,7,508,296,349,1008,2296,34.3,30.3,0.19,47.1,66.94695691017988,13.254620441490271,54.78159638979957,3.203725216646017,6.3253326746091565,44.09206113379889,51.530382968898245,33.843332670043466,68.97466389201385,10.18305826671974,11.721812937604742,11.578573854328303,15.725754812828168,29.993811514876448,1.0618576299514932,14.38078769697217,57.98609459421186,2.9160581680170425,8.254845484944033,46.826996449572064,54.73333311548861,33.954721401344294,72.24723861198815,21.357728992764244,13.596275459569608,10.167748379361077,13.501150553587417,33.91423716027807,1.0991391058004152,71.08813699710835,73.58401835431404,72.11977329429877,72.1263392162744,76.32832933168892,67.86311261021925,2.161273290644564,74.56805308145455,74.56933618981488,76.67103198329092,72.45802870181441,1.0724590682610606,-2.4482797871557835,-0.3427026516019964,-4.594916091595167,248,256,188
2025,20242025,196,Norfolk State,MEAC,35,24,11,1410,65.4,48.8,1983,968,55.3,1416,783,32.6,567,185,75.7,760,575,1208,850,358,25,433,0,9,623,544,544,1346,2696,38.3,29.6,0.19,53.5,41.5,1999,830,47.4,1156,548,33.5,843,282,70.9,702,498,1138,731,407,20,461,0,10,634,357,454,896,2371,35.1,35.8,0.2,48.6,68.2699405049143,11.86336155788643,54.66269959085546,3.7902668701124433,7.145131864569877,44.66847611256196,49.763380090177485,33.667439065518856,68.3772640965675,11.15870718436583,12.509887170267914,12.349034534384241,14.04734398715797,32.13085637291076,1.0591745710182097,14.189835712748623,56.01473255041841,2.941132263125568,6.49079722483489,44.71487652979215,53.233364200054396,33.15790183613465,72.22269435183915,22.94067711385768,12.638183008451769,12.422703885953224,14.17657056005404,30.96052749718168,1.0879859227529605,72.3097849477313,74.2767342165289,73.0822706384939,73.08839160924725,77.31716981574178,68.82960709612327,2.157575275262964,73.61853274190172,73.61512970491822,75.7206818922617,71.52444491249175,1.0736197423409821,-0.5362621034078217,1.5964879234800833,-2.6948378163684765,186,222,159
2025,20242025,197,North Alabama,ASUN,35,24,11,1410,65.5,45.7,2185,998,51.3,1424,731,35.1,761,267,70.9,691,490,1336,901,435,23,310,0,4,520,340,488,1300,2753,31.6,32.6,0.13,51.8,43.0,2079,893,51.1,1184,605,32.2,895,288,69.6,570,397,1216,845,371,17,405,0,5,564,269,342,1100,2471,27.4,30.5,0.18,49.9,65.84717193356407,10.577430596882028,53.52740984818162,3.483457482860443,7.026661533972634,43.76319043837926,50.34348205961179,32.22955921767463,69.77555239189903,10.930526975839824,11.510391605168417,7.4668734529595415,10.838290527385205,32.596738574156866,1.0482666936208578,14.934789322071031,57.68274278070483,3.6473859779849587,6.391926593889283,46.64040504796263,55.13442357749113,34.28260310341545,72.234006744324,22.78560017654586,10.065240421328731,10.618332815512634,13.823627377808439,32.933599814409575,1.1556156723765807,69.02539720708135,76.09402386810196,71.13635937581095,71.12396269160098,75.36841431857746,66.99043952678156,2.1480269284044478,76.87023604306829,76.87129784301786,78.98680946456967,74.74897882157916,1.0828791263431532,-5.733876667257334,-3.61839514599221,-7.7585392947976,319,290,276
2025,20242025,200,North Carolina,ACC,37,23,14,1490,70.0,47.5,2230,1059,54.5,1401,764,35.6,829,295,74.1,775,574,1357,995,362,8,397,0,7,627,479,493,1376,2987,34.8,26.7,0.15,54.1,43.2,2271,980,49.1,1405,690,33.5,866,290,74.0,693,513,1248,881,367,25,403,0,4,639,273,456,1122,2763,30.5,29.4,0.15,49.5,67.56485391984437,15.526803921168852,56.83583959267789,3.2399716141551336,5.996887658233583,46.42941874332245,55.4997583077534,34.216376738444765,70.39942667961643,10.75897983479047,10.071855986545891,11.05333613810549,11.795923309740877,33.55493287310501,1.1450776239591436,13.044507814487273,53.20966002835125,3.303881285803199,5.6391967738510544,43.173513499971996,48.40407644941524,34.114499589140515,72.21994444829274,26.565141096281288,9.720987702187438,8.215609216984689,10.966068910052046,31.317113517497027,1.0640482500614494,77.36700238968201,71.89226457906786,77.37555366083132,77.36735442805391,81.6507246726354,73.1227835091867,2.1664133644967825,71.47028117268243,71.47936818412651,73.55665338811743,69.34993964207104,1.0780437532954577,5.905272488148881,8.09407128451798,3.772843867115668,38,66,73
2025,20242025,198,North Carolina A&T,CAA,32,7,25,1280,64.8,40.8,1937,791,46.9,1229,576,30.4,708,215,68.6,606,416,1148,807,341,17,340,0,9,484,297,358,936,2213,31.3,29.7,0.16,46.4,44.7,1950,871,52.0,1195,621,33.1,755,250,74.0,601,445,1263,906,357,17,344,0,8,528,389,379,1074,2439,30.8,28.3,0.17,51.1,68.91168658186919,12.101109897033744,55.97657237229054,3.1819747055983463,6.618686217475672,45.521648431525676,52.69719258783887,33.156067509628066,73.15070595024336,10.669510791322391,12.520164385572874,11.313035791627543,11.30520555352394,31.036157143513005,1.0819793639090876,15.20755031220002,56.083259052827906,3.6847559846436404,5.5640414786219825,45.48704309283819,51.62132130266477,34.63270325830143,72.21126753271034,25.415830138645468,10.316850672682978,12.911274392295386,14.091937065601288,32.093682860903925,1.1168667212869257,74.56102281375323,76.96516945104447,72.78480858792972,72.80012300532442,76.97154581067316,68.61622611287535,2.1353318398140044,77.75500770474429,77.75234366641156,79.86478253872937,75.65510281341352,1.0779509458172256,-4.97019911681457,-2.893236728056209,-7.038876700538168,303,233,310
2025,20242025,199,North Carolina Central,MEAC,33,14,19,1340,67.4,45.9,1994,915,51.7,1303,673,35.0,691,242,69.6,759,528,1105,668,437,21,437,0,7,659,521,617,1198,2600,38.1,39.5,0.19,52.0,48.0,1837,882,56.6,1220,691,31.0,617,191,71.7,761,546,1107,739,368,32,527,0,9,594,399,495,1188,2501,41.4,33.2,0.23,53.2,65.83619740481359,12.499235572283768,54.07594234640154,3.9514132279780387,6.388741036272284,43.2157636976878,48.36452698771268,33.46958947773227,72.60095536967759,10.416496570258852,11.966069841419989,11.49602778323343,15.116013442117033,28.8815459669045,1.03897291677615,15.152457609166847,57.150396041461825,3.4167572064315377,7.421397493312803,46.24169675936851,54.01868559848252,34.38166790263348,72.21871119050091,21.352244902276134,12.878544174829237,13.203001301732833,15.405750777976548,31.96807945963885,1.1311964216483725,68.40202604712957,74.473670919261,70.93160953876121,70.9357854132229,75.23496375911017,66.69931433206818,2.1611124310417926,76.12190124499897,76.12370125115751,78.21307844044571,73.9944718496201,1.0713872897469754,-5.190291706237758,-2.9781146813355406,-7.295157517551914,309,299,252
2025,20242025,201,North Dakota,Summit,33,12,21,1320,69.6,43.4,2070,899,50.7,1238,628,32.6,832,271,70.8,679,481,1247,809,438,9,375,0,4,549,280,405,1130,2550,32.8,35.1,0.16,50.0,47.4,1976,936,55.0,1179,648,36.1,797,288,74.5,623,464,1157,845,312,16,356,0,4,606,348,443,1164,2624,31.5,27.0,0.16,54.7,69.08127138957207,11.334872748492938,54.05194570558929,3.09247773982212,5.53795745493743,43.13763948447964,50.1712309451332,33.462688573312725,70.46936620042042,10.246753989813804,10.190250159960314,8.113006954466446,14.306454445894405,32.18283497874611,1.0764878932763713,15.38613847939641,59.01132095612181,2.6201077036340874,7.629372679948754,47.6563792959778,56.05049852019292,34.84321522917183,72.22236751486722,22.375098828826292,13.144997733603796,8.438425751618102,11.671831532738635,33.43771685327761,1.1316785708235984,74.3651523030137,78.17779447682805,71.47186365177811,71.49613550120536,75.70012534381038,67.21781520872848,2.168225458907008,78.69465767778809,78.69280307194943,80.81018321591367,76.58455666851222,1.0753027489766656,-7.2227940260099786,-5.110057872103283,-9.36674145978374,337,280,329
2025,20242025,202,North Dakota State,Summit,32,21,11,1300,65.5,47.7,1826,871,56.4,871,491,39.8,955,380,77.5,610,473,1111,825,286,17,332,0,0,478,134,334,920,2595,33.4,25.7,0.16,58.1,44.3,1977,876,50.7,1208,613,34.2,769,263,70.0,530,371,1053,729,324,8,252,0,5,542,211,411,1024,2386,26.8,30.8,0.12,51.0,67.70310859102166,14.72230706541904,56.4431820282711,3.2007811682109293,6.461272953049781,45.44242919542686,53.10312642817056,34.3677134634352,72.30282302427393,11.516577806453215,11.065131970301694,9.79140484917743,14.86551611423991,33.231581571801925,1.12673390024082,14.016837848167933,55.57569706630891,3.0401558925166507,7.489781268379463,44.40069280903609,52.56594145415908,33.664316530692545,72.23426709312295,24.533828383460392,12.668245857203233,7.6897934865523165,11.468721629911148,30.3786495583448,1.0516208453858433,76.28338760118962,71.19800029173975,76.9681375888857,76.96939857255347,81.18586761098778,72.84051499969561,2.1282663376706816,71.87923552658553,71.87360197256544,73.99423700388087,69.77496555058497,1.0710513252927303,5.088902062300164,7.191630607106916,3.065549449110648,52,76,89
2025,20242025,203,North Florida,ASUN,32,15,17,1295,70.3,44.4,2125,944,54.7,978,535,35.7,1147,409,68.5,517,354,1145,786,359,8,358,0,1,573,341,403,1034,2651,24.3,31.4,0.16,54.0,48.1,2110,1015,54.1,1464,792,34.5,646,223,71.5,642,459,1285,890,395,10,350,0,0,461,389,437,1456,2712,30.4,30.7,0.15,53.4,71.12651780816478,13.58236862709298,56.778635810413434,3.468988414220203,7.6166987360360565,44.37104418440154,53.35248815048287,34.309616587006964,75.67314315863331,9.149969209491335,12.616884146976364,9.084189022287383,11.284861706703214,28.589592500933602,1.0848859953211434,16.46245466827182,57.9760255679291,1.8864213698121353,5.127839784530784,48.00775732459772,56.58783747637133,34.13083827481048,72.22029678961252,23.025716475142406,9.829975955314957,13.705869063079472,15.511614925547034,41.559457704043005,1.19921053489297,77.16416306603787,85.29566946580364,73.28607169585543,73.27762173509319,77.61703195776256,69.05033811008262,2.1838111019035837,82.20007369826875,82.20671231848095,84.32299917750261,80.08573508488304,1.085379135257496,-8.914002002413326,-6.705967219740046,-11.03539697480042,347,211,362
2025,20242025,204,North Texas,American,36,27,9,1440,61.0,44.7,1884,842,49.6,1198,594,36.2,686,248,77.0,669,515,1182,814,368,40,369,0,4,536,243,494,960,2447,35.5,31.1,0.17,51.3,41.3,1785,738,47.6,1104,526,31.1,681,212,74.2,643,477,1054,746,308,30,437,0,3,573,308,410,872,2165,36.0,29.2,0.2,47.3,65.94998709149029,12.045562707341873,52.479406188906346,3.972054050734827,6.324658465854475,42.61812481173468,49.24852599779254,31.13210974597894,70.30241878099801,11.880313339881818,11.403191423015183,12.885665237522813,14.9296746183824,33.633766538424226,1.0418162148427834,11.43785415987519,54.51395839668558,4.0459070108842035,8.326952803370336,43.28864070754492,50.20849030313879,32.79645398865169,72.21707496042592,23.21301969335239,13.824610385551342,10.018550532776525,11.905111506821036,29.162161544850587,1.0364037947325515,68.70776592058684,68.35081688418332,71.90027549283471,71.89984201649257,76.0883296911815,67.66085882199678,2.144417442297868,70.25732724452763,70.25435507431658,72.37484432676449,68.14499787412394,1.0846405094031184,1.6429482483070785,3.7134853644170107,-0.484139052127162,129,264,44
2025,20242025,205,Northeastern,CAA,32,17,15,1280,62.7,45.2,1848,835,51.3,1204,618,33.7,644,217,68.7,518,356,1090,751,339,19,399,0,3,517,336,441,1112,2243,28.0,31.1,0.2,51.1,44.2,1832,810,49.2,1196,588,34.9,636,222,69.6,556,387,1084,740,344,25,391,0,1,486,255,488,1030,2229,30.3,31.7,0.19,50.3,69.47344032339011,15.130204559419205,55.685736272160895,3.4322352163648295,6.504287328943167,45.83786726047674,53.285473451893175,34.01553128796872,69.85148742422066,9.828675155168986,11.451752998555428,11.350526330306629,14.286160153914793,34.91347616243682,1.0856686362433239,13.820296146395401,58.91932177627124,3.1134216770314262,6.921637334140151,48.270037436219084,56.020054996863635,34.120006864507765,72.228863078756,22.617128546595623,11.811302623108823,9.525894550508532,13.326469869636401,36.42319422938934,1.1448920494014825,75.42513521102688,79.53958947081769,73.60127308954438,73.59661507005438,77.88872517667302,69.42973048915475,2.1529434864213415,79.66108873473337,79.66255939520929,81.75597409808674,77.56613007524639,1.0708772232535269,-6.059815645188991,-3.8672489214137187,-8.136399586091642,322,194,343
2025,20242025,206,Northern Arizona,Big Sky,34,18,16,1360,65.0,45.5,2098,955,51.8,1312,680,35.0,786,275,66.0,600,396,1276,868,408,13,343,0,6,541,356,411,1208,2581,28.6,32.0,0.15,52.1,45.4,1916,869,51.2,1192,610,35.8,724,259,71.6,612,438,1095,829,266,14,365,0,8,556,297,342,1058,2435,31.9,24.3,0.17,52.1,65.42835852465184,12.704012331120934,55.07211586855544,3.1857981161875317,5.879408057096636,45.066266181026116,51.44930566146052,35.01621133186229,70.29308965149981,8.365929742142884,10.821762252821209,7.506409056329799,11.742039466132354,30.306698269041963,1.0519255330774984,13.862705748838463,58.691475926820914,2.8219310352384985,6.46775914747039,47.93394471535541,55.096429246156056,35.20392065303589,72.22314977006211,22.028636997768583,11.094401477277978,8.977157483743941,13.009804042813455,34.149119218375986,1.1613236200297974,68.82576091943007,75.98349817445613,68.45846373864453,68.45424517780168,72.68907095955919,64.21883305366977,2.1704664488693224,77.79639426817494,77.80394721346606,79.88839686193496,75.69493193726531,1.0646696553082646,-9.33793052953041,-7.199325902375776,-11.47609888359554,351,343,315
2025,20242025,207,Northern Colorado,Big Sky,35,25,10,1415,68.1,50.7,2019,1024,58.6,1246,730,38.0,773,294,72.4,663,480,1202,914,288,5,386,0,9,610,380,433,1348,2822,32.8,24.0,0.16,58.0,45.4,1992,904,51.0,1305,665,34.8,687,239,74.1,672,498,1049,794,255,14,381,0,9,570,245,403,1166,2545,33.7,24.3,0.16,51.4,69.35295346693107,15.503096261476122,58.325865664057844,2.873856717922743,6.235472641944946,47.61274586656557,56.76778436815131,34.29911964572996,73.2451186331205,9.339800623923985,11.139210470426638,7.434393053890806,11.143952331034228,37.582099479630706,1.1413376584130455,10.87355952820179,55.52136771846781,2.8758416604584385,4.600547580341345,44.856063374336486,52.17758183892913,32.75397576422998,72.23600754974457,26.397955663196544,9.471933179508678,7.942673396937749,12.188911387445627,35.34856405661438,1.096672838443507,79.15513751397602,76.05750033301975,76.83256604303881,76.82146182598962,81.03905383119921,72.64036719299328,2.1345822725367336,75.72294771854595,75.72478198085898,77.85586497930329,73.57048109952144,1.091064928518937,1.1096183244928568,3.1831888518959204,-0.9301139065281632,145,85,234
2025,20242025,208,Northern Illinois,MAC,31,6,25,1255,70.2,41.0,1843,756,48.0,961,461,33.4,882,295,70.5,556,392,1018,789,229,16,355,0,7,614,308,403,792,2199,30.2,22.5,0.16,49.0,44.5,1786,794,49.1,1106,543,36.9,680,251,71.0,766,544,1274,946,328,18,392,0,7,519,384,426,954,2383,42.9,25.7,0.18,51.5,68.35054079200931,12.143396297808314,52.9430345852618,3.905245157125506,7.561899852672661,42.009536448900505,49.7022908091522,32.58341358565211,68.20144993791013,10.832566159632112,14.07107463109899,8.877250194283018,12.073040296377844,28.555692867536585,1.0067548541399325,14.465769040224327,58.00225201370823,2.255314103809883,5.8832589941348035,47.28032794330251,54.68753230359432,34.543591042862374,72.22616878842234,22.75738808822747,11.432492927698561,11.94169703762083,16.349021560122655,34.632228184367804,1.1311641262403547,68.81223872544484,77.31567975304894,69.28799580187716,69.28919042031913,73.5338829741711,65.01412785519355,2.1788128283528776,76.56581161501046,76.56465084860804,78.68674611189509,74.46504279441996,1.0697516020535498,-7.2778158131333015,-5.152863137723983,-9.450914939226408,338,331,263
2025,20242025,209,Northern Iowa,MVC,33,20,13,1325,63.0,48.7,1792,872,55.4,1148,636,36.6,644,236,69.5,630,438,1090,825,265,13,348,0,2,484,270,427,1110,2418,35.2,24.3,0.17,55.2,43.8,1822,798,49.6,1070,531,35.5,752,267,70.9,505,358,1037,762,275,32,383,0,7,556,227,386,896,2223,27.7,26.5,0.18,51.1,64.37533433458766,14.383677164315488,56.0910662942565,3.017257599456397,5.87807214356039,46.347537665082676,54.11833052025856,34.13073894280417,70.46778662462174,7.602798081099198,9.632696820355878,6.801121743030857,12.873558262859904,32.15980871086606,1.0765083272856002,11.675059830994215,53.00574105356217,3.0983435974636717,6.298370172716276,42.525942755282145,51.094186383394856,32.14305948178209,72.22000361496482,24.49777373115764,11.485429308171144,5.949577735635506,10.20043514801637,28.287514496491045,1.014764518766866,69.30058348297823,65.32580516649395,71.90028795095117,71.91270734976096,76.18161358456643,67.61444679012004,2.1870004025042387,65.30233553769337,65.30208460212093,67.41094358119457,63.21431161453342,1.0743568682256128,6.597952413257801,8.770670003371862,4.40013517558662,29,263,2
2025,20242025,210,Northern Kentucky,Horizon,33,17,16,1340,64.6,43.8,1946,852,50.9,1168,594,33.2,778,258,66.9,611,409,1106,734,372,19,397,0,1,529,380,530,1024,2371,31.4,33.6,0.18,50.4,44.8,1890,847,50.5,1132,572,36.3,758,275,73.6,554,408,1141,793,348,32,456,0,2,567,292,415,990,2377,29.3,30.5,0.21,52.1,69.57437828663893,15.131124447103382,56.77418474798602,2.8810668964444037,6.380811271110126,45.60261357488692,54.51851187067973,33.90107127084668,71.91847424982623,11.467590723849739,11.694661222948266,15.041897471439267,15.970413801728478,35.181727725265766,1.1364682524073357,14.26525717990348,57.46557155196817,3.4728749109978794,8.049305718315344,46.82434544339383,53.38894574949056,34.835338046171266,72.2221076032378,22.928714168869867,13.059227428715058,10.387270190770913,13.612163641367411,34.936699941288595,1.1060141621973159,79.06907210374344,76.95024771109608,77.53530054070283,77.53802451897599,81.75878786598065,73.34171342718099,2.1449955377234313,76.85200431236221,76.85203901667256,78.97029684431482,74.76421813728706,1.066102200579925,0.6832962283406232,2.788491021665834,-1.4225047101060682,155,60,273
2025,20242025,212,Northwestern,Big Ten,33,17,16,1340,65.1,44.1,1951,860,49.7,1283,638,33.2,668,222,73.3,611,448,1114,753,361,21,329,0,5,585,236,481,1010,2390,31.3,32.4,0.15,49.8,43.3,1793,776,49.4,1089,538,33.8,704,238,75.0,656,492,1121,797,324,24,439,0,3,553,185,344,896,2282,36.6,28.9,0.2,49.9,64.83624570459295,16.564725850302718,55.808408918869404,2.797512308115773,5.313776572226524,45.66483515227624,52.44798325341947,33.74772954070129,74.1247335663906,9.401934057294365,9.221712036028332,11.106266309981324,13.706757513220266,32.20987641776434,1.1161762589767454,15.54702802200511,55.71563373255296,3.4981636904619555,5.92113907098725,44.6178992106683,52.18208608952811,33.538688777075265,72.23366352622982,22.010660526814217,11.451285237840983,8.286592222761568,10.54444000776762,30.691569911601814,1.1140179208326633,72.36867817664964,72.22873963442633,75.71950142395363,75.72594386981012,79.9694068008529,71.4621129055634,2.1882664310204714,73.20265040084043,73.20420428152988,75.2941766927166,71.07967247353791,1.0759128114833378,2.5168510231132046,4.67523010813629,0.38244043202548994,98,116,136
2025,20242025,211,Northwestern State,Southland,32,16,16,1290,62.2,43.1,1756,756,47.3,1126,533,35.4,630,223,71.5,575,411,1120,756,364,23,421,0,7,501,245,395,870,2146,32.7,32.5,0.21,49.4,42.4,1805,765,46.6,1091,508,36.0,714,257,70.7,590,417,1086,720,366,24,375,0,5,504,287,459,898,2204,32.7,33.7,0.19,49.5,67.4500206585298,11.858595655532257,54.81447089188602,3.218895869635465,6.672539593003131,43.855593961246804,49.39213350207956,33.69959908096692,73.2368179316485,8.861895570982544,11.72657325101442,8.793745686090173,12.872812900633123,27.955406353054038,1.0410295933075602,13.166578778408528,56.3181722832961,2.4966658789782823,6.206285648749218,45.80895209499496,52.71963301377866,34.334027194119685,72.22025196319194,22.623631959443454,11.195744458321641,8.922102800602772,13.510080704483611,30.865738610631006,1.1061312837640573,70.2174675747358,74.60857794093175,70.44450475787494,70.43024469891455,74.65878134166114,66.19813726982804,2.1450564693116645,72.22660062497275,72.2282362077517,74.33518980587098,70.11120358802735,1.0801160992680292,-1.7820958670978087,0.32359153579015754,-3.913066318199313,230,315,100
2025,20242025,213,Notre Dame,ACC,33,15,18,1355,64.6,45.1,1889,851,50.8,1181,600,35.5,708,251,74.0,600,444,1158,829,329,26,366,0,7,519,166,347,1010,2397,31.8,28.4,0.17,51.7,44.9,1907,856,53.6,1135,608,32.1,772,248,75.4,573,432,1073,781,292,18,331,0,4,552,245,426,996,2392,30.0,27.2,0.15,51.4,66.46551788691137,12.375259419584555,55.601170863628305,3.0841652413179403,6.318507393201913,44.53978080417416,51.751191524314706,34.77793742360237,69.83052058223682,10.932381779608788,11.594058810957947,7.689741370085326,11.333302505310524,30.189035755983006,1.0905373033778072,14.110180700709213,56.36397501878043,2.39126466568686,4.867706699877491,44.425918104576596,53.37729472118897,33.69788371731406,72.23329444499956,25.07941977843396,9.813592430364292,10.16868992414634,14.051015678073899,28.62512602615466,1.114832697334304,72.48312664400174,74.09793258558683,73.08326101516752,73.07324942467284,77.28831110655894,68.88966311958056,2.1479013419219526,74.56972078220473,74.56682195496249,76.68822285346596,72.44366133410877,1.0837176492658045,-1.4864597670372035,0.6000882530929772,-3.5539982145282067,221,221,189
2025,20242025,214,Oakland,Horizon,34,16,18,1390,63.8,43.6,1968,859,53.4,1132,604,30.5,836,255,69.9,614,429,1200,791,409,28,405,0,1,545,259,413,1110,2402,31.2,34.1,0.18,50.1,43.8,1992,872,49.6,1168,579,35.6,824,293,73.3,544,399,1144,768,376,12,366,0,3,594,363,500,1020,2436,27.3,32.9,0.17,51.1,69.53619262860744,15.06616605534272,56.95848422157432,4.122884622468957,5.7464765425825135,46.33486974292113,52.86786528181621,34.061840269967256,74.19016416285375,10.975618042104712,10.661375283298735,14.46414331616836,13.460088130999155,38.80154311461634,1.1481727903451209,18.7532569699097,56.82969570575527,3.664691575308118,7.065462957632939,46.75449502421868,55.11005076708549,33.964896611248136,72.2263114287573,23.87233603685894,10.960993942765645,10.09318660801208,12.453391777520775,36.98561521788432,1.1498140291643448,79.83956432036403,79.95368981904713,77.56657480794765,77.56398051992929,81.87997406321863,73.25558310837394,2.19198732598854,80.8833069983037,80.87540563267723,83.06982162720435,78.74636086538548,1.1039890686083123,-3.316732190356049,-1.1898475639857224,-5.490777757011543,268,59,357
2025,20242025,215,Ohio,MAC,32,16,16,1290,68.8,46.9,1915,899,54.5,1146,624,35.8,769,275,76.1,632,481,1062,801,261,10,348,0,7,562,479,492,1120,2554,33.0,24.6,0.16,54.1,45.7,1909,872,49.8,1284,640,37.1,625,232,70.4,672,473,1146,823,323,26,412,0,9,588,302,378,1110,2449,35.2,28.2,0.19,51.8,66.53155936533857,12.580085881703056,55.15711423480641,3.0056611200627623,6.085209503107384,44.94402869899919,53.73960455585642,31.865039246216934,72.28419303287879,10.141893428598857,11.017333693207599,7.45505352605463,12.575522838428883,33.78613387651814,1.0968018676726379,13.326777665311624,56.73850663106733,3.3499380553407248,5.857605900988863,46.229521279428255,51.87142171722502,34.81940141112187,72.22643700156331,23.293965332984875,11.388299247247248,8.899223319098704,12.420022742337222,35.43209583171211,1.136440500415875,72.97193857107632,75.60915861859387,73.51014562102257,73.50577494422149,77.76926688413904,69.31059993721917,2.154067913633456,77.69326831309411,77.69430372604529,79.79210267107912,75.59180258894162,1.072843840332285,-4.183122692071535,-2.022835786940078,-6.281202651722452,291,203,309
2025,20242025,216,Ohio State,Big Ten,32,17,15,1310,67.4,46.6,1884,878,52.6,1173,617,36.7,711,261,74.8,675,505,1078,773,305,20,349,0,2,626,176,418,1062,2522,35.8,28.3,0.16,53.5,42.8,1851,793,50.3,1155,581,30.5,696,212,75.2,738,555,1089,750,339,15,376,0,8,604,162,385,988,2353,39.9,31.1,0.17,48.6,65.47985507984713,14.003516678918851,59.33881914765991,3.039204948947635,5.748189370270711,48.007542226390726,57.08425289679164,34.71772786990236,75.48736120461996,9.365962928030658,10.541749748023294,6.998910286609984,13.543471225655967,33.96511531516091,1.1714903386002713,13.554395121808133,55.27850338260397,2.4086935977110873,4.912741305678954,44.32587304137845,52.57299012050862,33.193831592935254,72.22883773089681,23.931899370195158,10.58804961521409,7.707655682910912,12.572450297752395,30.454179959856432,1.0976618467484474,76.7090175989868,71.8747386517657,77.38528507866741,77.38736076328752,81.63844586797042,73.15473572295224,2.1703806457499506,72.38979115827424,72.38307357309586,74.492643009007,70.28603131539589,1.0739582673585926,4.995493920393173,7.145802858963421,2.8687044075563506,53,65,106
2025,20242025,217,Oklahoma,SEC,34,20,14,1360,69.2,46.8,1894,886,54.1,1106,598,36.5,788,288,79.5,756,601,1092,805,287,22,411,0,8,629,415,544,1088,2661,39.9,26.3,0.18,54.4,44.6,1983,885,55.0,1151,633,30.3,832,252,72.8,707,515,1168,792,376,17,432,0,10,627,279,458,1122,2537,35.7,32.2,0.18,51.0,67.767182178723,14.334422267697704,58.41054888872312,3.486194671960804,5.9696927903556345,46.64122971498363,54.81490260115473,35.53925530937802,74.57050266113922,11.036519069725403,10.354885773307133,8.49817501723523,12.765404542877956,31.110770609436965,1.1793026484039577,13.595984662186002,55.936278814686325,3.7310800076924853,6.3875620780197355,44.559777628056544,51.25435124060299,34.04445966465309,72.23304482490002,24.19462322622433,10.845905055418116,7.522931469081787,12.406030409385368,31.510665956749982,1.1226544871138282,79.91801741824152,76.07913115200364,78.54823026095538,78.54248916836852,82.75156662413052,74.3343745744678,2.1512115764112814,76.4390263487942,76.43965607462428,78.5310854184902,74.33903918288246,1.0670635471356757,2.1092039121611776,4.220481205640311,-0.004664608414657323,108,48,260
2025,20242025,218,Oklahoma State,Big 12,35,17,18,1400,71.3,42.8,2019,865,48.0,1318,633,33.1,701,232,71.7,828,594,1231,840,391,20,479,0,16,681,450,570,1064,2556,41.0,31.8,0.19,48.6,45.5,2027,922,53.1,1163,617,35.3,864,305,70.8,737,522,1218,865,353,22,511,0,9,665,342,514,1076,2671,36.4,29.0,0.2,53.0,73.24513276383644,14.161315251740143,56.107268732397266,3.9209299568644838,6.802920925073863,45.415437137810116,51.8491483212135,33.914656197682454,72.98559235342184,11.157658234964316,11.871547446896262,12.292883423816681,14.185392542361562,37.12751125289781,1.1113958502513128,16.3187204102503,56.57083125791148,2.6965775966362644,6.8608603714701575,45.559855678492454,52.82483589288645,34.43647170015231,72.21618022962646,25.999439405534606,11.489317249962118,12.856388889578927,14.266117953123072,33.74841720686835,1.1247572073646712,81.40433660483428,82.38299098050726,75.93552882444176,75.92628210643053,80.11189650947844,71.75346832377494,2.133881633707379,81.2104202419744,81.20506463854238,83.31298050292816,79.11655094698955,1.0743865537959805,-5.274891417532643,-3.201083993449714,-7.363082623214609,311,110,359
2025,20242025,219,Old Dominion,Sun Belt,35,15,20,1410,63.0,39.6,2120,839,45.6,1362,621,28.8,758,218,71.7,669,480,1345,845,500,17,400,0,1,586,298,392,956,2376,31.6,37.2,0.18,44.7,44.1,2020,891,49.9,1304,651,33.5,716,240,69.3,690,478,1259,869,390,33,372,0,1,540,339,422,1158,2502,34.2,31.0,0.17,50.0,69.79632108379522,13.173853742756652,55.454868914563704,3.80892085886762,6.521752812814339,44.658645122163065,49.87360662289299,35.09534449071334,72.6211057440888,9.621686392190162,11.053217261898087,9.451298367876605,11.69707271373986,30.864950109257748,1.0782607965709412,13.602391396705979,55.74384800672091,3.088071457726184,5.871902070001733,44.916734094018395,52.32484185887853,32.989181667264226,72.2314708790928,24.802735126947926,10.590152399149915,12.230655729789529,13.35161080764646,34.26858980040007,1.1043217436719954,75.2586367695342,77.0775950011472,72.20955217549276,72.18948925711624,76.53018638406644,67.97580592065896,2.179667061225213,76.04325569396599,76.04310856608697,78.13443192204413,73.95785003546213,1.070258823052796,-3.8337035184732287,-1.6042455379776897,-5.982044114803173,281,254,246
2025,20242025,220,Ole Miss,SEC,36,24,12,1450,66.6,44.5,2156,959,51.0,1293,659,34.8,863,300,73.8,760,561,1193,862,331,16,325,0,4,657,387,578,1100,2779,35.3,27.7,0.13,51.4,43.4,2001,868,51.7,1131,585,32.5,870,283,70.8,787,557,1342,965,377,26,508,0,4,641,266,359,1012,2582,39.3,28.1,0.21,50.4,67.03551118096505,13.4152974587911,54.85201164094004,3.209541385367126,6.122945591825193,44.515511676730846,51.09418373004417,32.96850079510904,74.09375784470133,10.12686438644149,10.156405635224012,9.067009289990821,13.438035397166106,30.163663483869204,1.0906961296400235,14.602235927537299,55.65614233652788,4.057314438266405,6.90358521797693,44.0796165602181,51.56010362800339,33.757460615593985,72.22111242793024,24.189738762825232,11.354547680767926,9.801361472547482,12.136469172059966,29.769305257517278,1.1087066794393907,73.1153725935191,74.3227190059699,73.69208020983311,73.69949917581711,77.94433430087763,69.47710978613244,2.1622076480888035,75.80057762158012,75.80604222172512,77.89223894462143,73.70273451071343,1.0740022143083618,-2.1084974117470097,0.05209535625620276,-4.225624724580982,236,185,235
2025,20242025,221,Omaha,Summit,35,22,13,1400,68.6,45.9,2051,941,52.5,1243,653,35.6,808,288,72.2,744,537,1251,891,360,14,379,0,7,640,341,409,1128,2707,36.3,28.8,0.16,52.9,44.8,2007,899,52.8,1115,589,34.8,892,310,71.6,735,526,1156,850,306,17,363,0,5,645,260,419,1020,2634,36.6,26.5,0.15,52.5,68.1623662353338,12.54473503093705,56.34097673882249,3.4407997573396862,6.329767154786887,45.32512845678053,53.09577649790668,34.11973055519789,72.65999444042873,9.04276705711944,11.191479100996855,8.325730881850765,11.39410710624387,30.96754239062039,1.0882870951967616,14.056449041717878,56.17347835846204,3.0695553002032296,5.974416727894127,45.01012508161308,54.73555908786236,33.35384768858957,72.22322438942983,24.880427125559304,10.231058543700009,9.06793247565809,12.098586595545893,32.00005780419369,1.118476611463012,74.18022355198924,76.23801241619698,72.36435495688164,72.38155454254459,76.56826722100004,68.08681083402442,2.1532129578133135,75.70539166453518,75.71445524941593,77.82625625232048,73.58701194987006,1.0810011866079037,-3.3410367076535437,-1.2579890313204345,-5.500201115845641,269,249,230
2025,20242025,222,Oral Roberts,Summit,30,7,23,1205,67.7,43.6,1693,738,49.8,920,458,36.2,773,280,75.3,590,444,941,689,252,19,348,0,3,532,192,338,806,2200,34.8,26.8,0.17,51.9,46.7,1755,820,55.4,1040,576,34.1,715,244,76.9,614,472,1083,776,307,14,309,0,5,521,306,413,1030,2356,35.0,28.3,0.15,53.7,68.84723052277133,11.742292493916798,54.723735453048796,3.1664173876815918,7.256266525914633,43.13922949877114,51.06425676626728,32.987629369824404,72.62433989453372,10.068270983349171,12.604918586223556,10.44936316412545,11.817550693390306,28.31490669529878,1.0436227597122254,13.001260213358828,56.83603714815524,3.409524097892729,5.976996678708217,46.26055481618844,52.398022632419256,34.94451257450327,72.21763935854287,23.773096466154183,10.64120508803679,8.761616078905528,14.577567540956705,34.65795075570501,1.1318203026275957,71.85053671671837,77.92269328535488,71.31109634327493,71.3114794123253,75.48398799562845,67.1232755305677,2.1356255547017096,76.43196706902393,76.42318124177675,78.5353788024928,74.3424172324923,1.070502770832712,-5.1208707257490005,-3.0513908068643474,-7.219141701924599,308,284,259
2025,20242025,223,Oregon,Big Ten,35,25,10,1415,68.1,46.0,2060,947,53.1,1272,676,34.4,788,271,75.7,679,514,1253,896,357,25,395,0,4,569,417,547,1116,2679,33.0,28.5,0.16,52.5,42.9,2109,905,49.7,1311,652,31.7,798,253,71.8,581,417,1182,815,367,22,425,0,6,621,259,429,1096,2480,27.5,31.0,0.18,48.9,67.77854883665911,14.117975528365537,54.073140367651234,3.1884625126238078,6.8262534793692735,43.054801974600686,50.69813443717706,32.47801861628379,72.78944815178272,11.102461445697566,11.848197714333923,7.474522269358051,11.720435505529508,28.467347919108853,1.062264008091447,13.783671763188682,56.120338254001446,3.7552263060408215,6.108591692049059,44.657380698156,52.45050197192853,33.80703128350163,72.24483178037326,23.29777279496962,10.604047003712095,10.409312966234323,13.628629070589016,29.02621395250927,1.1215023754460363,71.99871294985138,76.01380352459837,73.66446856009473,73.63379496192749,77.89229682024056,69.50440987851174,2.138361349021562,74.20628020113317,74.20459626599609,76.2960931101582,72.11827247145,1.0656717858020839,-0.5418116410384357,1.5962037100823636,-2.6138625929382613,187,187,173
2025,20242025,224,Oregon State,WCC,33,21,12,1335,64.4,48.1,1812,872,54.4,1166,634,36.8,646,238,78.4,682,535,1103,789,314,22,357,0,1,523,322,445,1062,2517,37.6,28.5,0.17,54.7,43.6,1836,801,50.2,1086,545,34.1,750,256,72.4,576,417,981,668,313,28,370,0,4,595,250,385,932,2275,31.4,31.9,0.17,50.6,66.95095933908023,13.663543997511116,56.070126071289565,3.0252034267275634,7.063658895936992,43.12481014770552,49.67275131013448,34.22331416618874,75.29943581693402,9.042727738470237,11.933475141880573,6.979242278968915,11.981810113153461,25.330524197542065,1.0633091182246075,14.21566886059445,55.395167463443805,3.5415662244399595,5.713708509776081,44.1658306496277,51.50294518090685,33.396311246458716,72.22870624411063,23.772340631548047,10.467553900330167,10.277272838225818,13.591004818042535,31.248592731560972,1.1125658623198609,71.18956553912895,74.48735181022573,74.70682684135629,74.69791900817316,79.02034235636764,70.40267165337137,2.1958262586721973,74.22750271206581,74.22066612334723,76.33969439714846,72.1293627916127,1.0816423848036867,0.4793241292904753,2.680647959219172,-1.7266911382413355,162,146,174
2025,20242025,225,Pacific,WCC,33,9,24,1330,67.5,43.5,1883,819,51.6,1176,607,30.0,707,212,72.5,614,445,1148,810,338,24,429,0,1,610,237,364,1112,2295,32.6,29.4,0.19,49.1,45.0,1894,852,51.9,1137,590,34.6,757,262,77.1,693,534,1121,817,304,15,351,0,5,568,350,523,1046,2500,36.6,27.1,0.16,51.9,66.62767825131507,14.628666538984398,56.309059050306516,3.6200393648092017,6.54336510098232,46.025801757642874,51.91623830304851,34.864906077846406,72.58956146064145,11.361480163900724,12.832771908234134,7.532460413973858,11.522233394394263,32.903743267987885,1.090876767414179,12.211456621227754,54.577881432739915,2.4981693007004377,5.693582893417786,43.28995010815646,49.679749174027585,33.885753400748996,72.22306552310376,25.998372866023303,10.35332993769013,8.885228910495096,13.985636575160274,26.5774652710005,1.069338533598876,72.68258627110659,71.24754375835899,73.5865444932009,73.59913975599022,77.82033113599542,69.36815399296995,2.177264470981961,71.7301727338433,71.72948810726918,73.81291875837465,69.62031047649148,1.0734413444253397,1.8563717593576001,4.007412377620767,-0.2521564835215315,120,195,82
2025,20242025,226,Penn State,Big Ten,31,16,15,1240,67.9,47.9,1792,858,55.6,1144,636,34.3,648,222,75.6,680,514,1044,754,290,11,384,0,8,512,408,496,1190,2452,37.9,27.8,0.18,54.1,45.1,1815,819,51.3,1120,574,35.3,695,245,72.6,533,387,1037,727,310,27,437,0,10,597,315,419,1004,2270,29.4,29.9,0.21,51.9,67.28216923659278,12.571314513449558,56.701720001786725,3.454041612728818,6.147292704396607,46.29449870089598,54.950539741734545,33.16863783483636,74.17572538322507,8.722607383556843,10.885221765396828,10.786739070506767,13.669239086405254,33.450484163964774,1.0914545818633552,17.00895467231463,60.269618847315485,2.0171200830317177,6.834124139714988,48.94281035739554,57.40913344566754,35.610930613889785,72.24005116972543,21.2636525588732,11.614735530204705,9.95988481820438,14.508619626750798,33.71230175648439,1.1789292236534572,73.43543189098487,79.32091554381685,71.9756839564734,71.97404420140396,76.26389543058649,67.75140371606174,2.165590917598675,79.49710323666238,79.49749655323355,81.61672732098441,77.34537177177299,1.0853661376606258,-7.521419280188979,-5.352831890397923,-9.593968055711244,340,260,342
2025,20242025,227,Pennsylvania,Ivy,27,8,19,1085,64.4,42.2,1578,666,49.9,878,438,32.6,700,228,69.7,456,318,927,666,261,20,300,0,5,413,154,254,810,1878,28.9,28.2,0.17,49.4,45.6,1660,757,50.8,1010,513,37.5,650,244,77.3,428,331,994,712,282,11,246,0,3,408,241,352,894,2089,25.8,28.4,0.14,53.0,69.3187564510411,13.71821594480748,54.67791853982122,3.4713785347742534,6.126217132299465,44.15836316678757,48.325572347586196,35.8904918194724,69.6021917102242,10.9104286981085,10.897309848637558,8.517620640183765,13.151864957396011,29.913262409082634,1.0812731510083204,14.468851416744895,55.113424060650125,3.161747751050254,6.4342868351257065,45.53588682854865,53.912205303733685,33.23788013810686,72.2138759812923,24.209540555661203,11.854364209711,9.564729934144557,12.519468724085039,35.8031911994761,1.0838983714433499,74.95251021179554,75.13448722776165,72.86543282741096,72.86238935012724,77.14256703663638,68.68286572278777,2.1608239783870653,74.38368409851596,74.38209246123456,76.48086412505356,72.28778870391281,1.0702037062091931,-1.518251271105001,0.6617029115828217,-3.6049229811250427,223,231,181
2025,20242025,228,Pepperdine,WCC,35,13,22,1400,67.8,44.4,2079,923,49.9,1358,677,34.1,721,246,71.6,654,468,1224,874,350,25,386,0,14,552,447,466,1112,2560,31.5,28.6,0.16,50.3,45.5,2152,980,52.9,1315,696,33.9,837,284,75.3,580,437,1257,893,364,15,374,0,16,602,383,455,1210,2681,27.0,29.0,0.16,52.1,69.69484381368068,13.50300924434065,53.547225087231446,3.619380690671689,7.336942906321259,42.439612161031306,49.217080207230396,32.70243236511953,74.91807894324828,10.352863998287816,12.571843331667242,7.21669344986819,12.801050636959461,29.005396161338904,1.0374058506540527,15.697734200725634,56.911257651006245,2.8796151622823656,6.009613569910096,46.449633159965444,54.19352365023708,34.54716375617404,72.22562999721004,22.8929604238547,11.543519612624735,9.505524565628724,15.56481717050102,35.66478049808641,1.1442710149488253,72.30183873273275,79.74978966738024,70.78277069860853,70.77829106711849,75.00396680937753,66.53831956324393,2.1497036188353307,77.88365397801182,77.88294111384792,79.99304159514176,75.76649070075716,1.0782221122715359,-7.100883279403291,-4.989074785764231,-9.228171137513229,335,304,317
2025,20242025,229,Pittsburgh,ACC,32,17,15,1290,63.8,45.1,1851,834,52.4,1085,569,34.6,766,265,78.2,633,495,1068,754,314,10,319,1,6,526,313,453,958,2428,34.2,29.4,0.16,52.2,43.9,1800,790,50.4,1056,532,34.7,744,258,72.6,591,429,1088,767,321,20,395,0,7,566,260,346,906,2267,32.8,29.5,0.19,51.1,66.16223772031586,13.199978419590389,54.34229765961941,3.1659095906910872,6.296560796817766,44.047000317003686,51.70538654150656,33.48621719736337,68.80128508564906,11.52296403443619,11.367294438583745,8.958493634366349,12.829841452870896,29.46566850402928,1.0838896048793767,13.37061855803157,57.208272333234824,3.104454950933194,6.542381294263358,46.07874415040771,53.89616151598172,34.57232632336531,72.2363371732,22.902005480291876,10.700825744960714,9.449173908223488,13.282287610309371,31.528490142700058,1.1146252578868083,71.71256170060855,73.74610128137537,73.29157558401661,73.27799034481086,77.49803653101482,69.11307500222685,2.1506375908226207,72.75284867154109,72.75672721013845,74.86345092575495,70.67194070712782,1.0698957538456368,0.538726912475525,2.634585605259872,-1.5588657049009669,161,210,116
2025,20242025,230,Portland,WCC,32,12,20,1300,63.6,43.7,1843,805,50.5,1055,533,34.5,788,272,77.7,582,452,1083,817,266,11,408,0,8,488,252,328,928,2334,31.6,24.6,0.2,51.1,46.2,2077,959,52.2,1218,636,37.6,859,323,73.8,451,333,1178,837,341,12,305,0,9,556,402,498,1092,2574,21.7,28.9,0.15,53.9,68.50353545499138,15.606889772263619,55.59297537359492,2.7546575298952414,7.278150677817056,45.54312429340824,53.809717898228634,32.25816142454085,73.51470203287792,9.35749909315258,13.477131635578598,8.158071929761801,13.07659830196937,35.0099598856718,1.0460173757460278,17.023213981507304,56.470016787451364,2.963309860761722,6.028691852258712,44.62317776330243,51.905183129234786,34.60574248759078,72.23123797687923,23.8015036051549,11.952236991662296,10.389088609423336,15.660689254393514,30.669789177710115,1.1173827584788758,71.65588838595505,76.54466941225374,72.39368768432617,72.38372611265116,76.72007423053772,68.11334310951409,2.1829368864840673,76.85828593710107,76.86331993399591,78.9935132097499,74.71000188513794,1.0918985885953465,-4.4645982527749055,-2.2734389792121874,-6.596658775623851,295,246,274
2025,20242025,231,Portland State,Big Sky,32,19,13,1285,69.4,47.3,1932,913,54.1,1317,712,32.7,615,201,63.0,621,391,1179,792,387,17,407,0,13,561,375,545,1366,2418,32.1,32.8,0.18,52.5,42.7,1819,777,49.5,1124,556,31.8,695,221,74.0,611,452,1071,745,326,21,464,0,6,568,301,401,984,2227,33.6,30.4,0.21,48.8,69.3670227644366,13.600811285234576,55.29959245654361,2.9924665943052053,6.636497247957915,45.19131141424101,52.15237694837175,33.38123267901442,71.33013904884841,10.517491525432145,11.81202961718164,9.441198606029284,13.968256615510775,35.09702670242748,1.0781139039447172,12.519208819820806,54.817685032253486,3.70084861580689,7.052722821560993,43.085564441714304,50.016355977383874,33.064093684354035,72.23334360655149,24.754958781862058,12.40064605828526,9.340895399051066,12.211691278791278,28.792480323887858,1.0438451909842112,74.7855517175888,72.40843312554945,73.38875567888493,73.38515966626328,77.63120958621963,69.1744384958259,2.14687693291483,71.34995259531317,71.35437700838219,73.45974194170662,69.26099130205898,1.0751995679848136,2.0388030835717643,4.171467644513001,-0.0865528062330867,112,205,69
2025,20242025,232,Prairie View A&M,SWAC,32,5,27,1280,65.2,43.5,1884,820,49.4,1250,618,31.9,634,202,69.1,643,444,894,611,283,27,381,0,12,607,402,505,1048,2286,34.1,31.7,0.18,48.9,50.5,1869,944,57.7,1254,724,35.8,615,220,69.7,759,529,1246,860,386,23,460,0,7,581,415,470,1310,2637,40.6,31.0,0.22,56.4,72.21468321617826,11.392860146877906,54.27776507520355,3.3361374961080212,6.418910956227843,43.38599228336115,48.15056938041677,33.04093746847499,74.34200736990256,10.028632208548451,11.460075910378949,12.737229678684924,14.486244538674018,31.672133448657362,1.0571174504960352,13.340518964406838,55.59679464834439,4.492120520381392,7.0046744551885185,44.95834490418307,50.81659501718352,34.10085935409956,72.22639508506938,23.275044304147965,13.479370271523784,10.339243042341211,13.288390053302566,35.68834467585354,1.0898949491533378,76.33940180986518,78.706418492021,71.74412055626368,71.74350277735076,76.00205071187803,67.48284014261085,2.1712119908216296,76.28155021990793,76.29205037316888,78.40607387891787,74.17107275240079,1.0748506879045323,-4.537429663644247,-2.4040231670398384,-6.688232609789935,299,270,255
2025,20242025,233,Presbyterian,Big South,33,14,19,1335,64.1,46.8,1911,894,51.9,1261,655,36.8,650,239,69.8,605,422,1102,772,330,14,349,0,7,595,398,475,1124,2449,31.7,29.9,0.16,53.0,45.6,1805,823,52.1,1180,615,33.3,625,208,71.1,685,487,1089,773,316,28,406,0,8,530,298,399,1118,2341,38.0,29.0,0.19,51.4,65.08965239720106,12.774008123778929,55.13536595651352,3.284165903593154,6.684084787926827,46.04777950789279,52.446487389527306,32.80044787406815,69.77556005889564,10.78302588131833,12.554653773179094,8.575751705112182,12.082124219892648,35.701896244840505,1.0642135898593865,12.450810787064091,55.18869254629422,4.138860975040302,5.760889656374173,44.95369926136135,50.832028822462654,34.09801276434122,72.20978610655449,23.88244370491474,10.84800352575471,8.241623456116429,13.53058101733375,32.26050049160479,1.0918939142463564,69.26929264032496,71.0709953329146,72.2783193539672,72.27122215483149,76.5094935087712,68.08573027011671,2.1599153255355286,72.90099461455443,72.90242583938847,75.00916041720104,70.81797229535333,1.0677984255847002,-0.6226752605872292,1.5003330915701554,-2.7322420252366157,193,252,121
2025,20242025,234,Princeton,Ivy,30,19,11,1200,62.9,43.4,1824,791,50.8,935,475,35.5,889,316,71.0,438,311,1014,723,291,17,313,0,2,466,180,394,874,2209,24.0,28.7,0.17,52.0,45.6,1680,766,52.3,1005,526,35.6,675,240,75.1,519,390,1013,782,231,15,364,0,1,446,234,350,914,2162,30.9,22.8,0.19,52.7,64.94081720596193,12.592727818113314,54.9176636095464,3.17574382598572,6.65029729706783,43.167650195850854,49.75322271748924,34.07820436902512,73.02691791826324,9.563236329334213,11.267628227504785,4.494279151672157,10.488062107814123,26.099762193814694,1.061448467983438,12.874246982417397,55.9938029517434,2.4091880245252053,5.136997913470025,45.5281493562124,55.398851209662695,32.90804901610861,72.22498227931833,23.779636113007363,9.795421546360782,9.3543911367475,13.679955475712957,32.52401467044438,1.1120797125625956,68.93133093286079,72.21936533198621,72.33167539786393,72.33573995143337,76.55314835570525,68.1322779611426,2.1484640964750548,72.49856599436251,72.4919356588533,74.62483682498107,70.3943321991824,1.078379810221596,-0.1668905964985754,1.928311530724173,-2.262054238039795,176,250,112
2025,20242025,235,Providence,Big East,32,12,20,1285,65.8,44.0,1833,807,51.1,999,510,35.6,834,297,68.6,542,372,1186,824,362,28,407,0,7,554,217,319,962,2283,29.6,30.5,0.19,52.1,43.3,1889,818,49.0,1191,584,33.5,698,234,72.6,620,450,1061,729,332,15,295,0,6,479,208,455,946,2320,32.8,31.3,0.14,49.5,71.00636750234526,13.982530315471289,58.2817773472682,3.255582262437672,7.363369747075021,46.76613185361422,54.81101692374704,35.160464220542295,74.56906800753416,10.867969713069566,12.253761514035121,11.79005012122077,12.108344097613083,36.138697686152206,1.1394750391262118,15.869636735831474,55.562192908013294,3.784079278725664,5.65806766278747,44.7810016500594,50.83108054714492,34.222670740716616,72.22804532051866,26.658577516288535,10.136457586516434,12.093810654700395,14.594329961144606,34.87038977856827,1.1274711448023662,80.90998338794503,80.05763045612674,77.09359548669269,77.08812669779746,81.30564007076971,72.92714461948385,2.1428524310771238,80.94614322417446,80.93982203862426,83.07681551408491,78.8443501227714,1.0765332049415912,-3.852547737481771,-1.771175443315201,-5.917205503287548,282,71,358
2025,20242025,236,Purdue,Big Ten,36,24,12,1440,63.2,48.6,2027,985,55.1,1249,688,38.2,778,297,73.2,702,514,1183,831,352,19,375,0,4,571,282,526,1140,2781,34.6,29.8,0.16,55.9,45.2,2024,914,55.6,1161,645,31.2,863,269,71.6,609,436,1107,756,351,11,418,0,5,646,277,418,1088,2533,30.1,31.7,0.18,51.8,65.86268052484034,18.738398060052972,59.67315526434609,2.687606597749592,5.657221828500973,48.984409605439446,56.62790885201371,36.53162397785559,73.45065957168934,11.134296888305586,9.456066232868155,7.831673577200803,13.663604531915281,33.25677092888231,1.2388785321288953,14.711210406954104,55.73243270200202,2.9622863470208047,5.591755271561952,45.21961157901605,53.57651120246317,33.843401984253845,72.22395379760403,23.94162969066249,10.118710653757228,7.695944910331355,10.958836040851088,29.256678086604982,1.1004923692049582,81.59586097068859,72.48137733297081,83.56865399065495,83.57554977862603,87.80453909117026,79.28624181626397,2.1892559605558835,72.19394310256143,72.19687764302287,74.29434033686577,70.0849026185553,1.0734325354473022,11.374710888093517,13.510198754304483,9.201339197708663,4,1,98
2025,20242025,237,Purdue Fort Wayne,Horizon,32,19,13,1295,69.7,47.0,1955,918,55.2,1065,588,37.1,890,330,75.0,556,417,968,725,243,12,306,0,3,504,405,576,1106,2583,28.4,25.1,0.14,55.4,46.2,1887,871,55.7,1131,630,31.9,756,241,73.8,549,405,1182,840,342,14,477,0,2,537,293,361,1102,2388,29.1,28.9,0.21,52.5,68.60552873884454,13.33175633100419,56.03367152866911,2.9054194091987204,5.536515843960096,45.08786413076417,53.48432774786843,34.28615193185442,71.47211507443436,8.541987720971735,10.372017060688203,11.615497363402367,15.54152954160928,32.316535114083756,1.0895676633357205,15.1033609393521,58.28337049561076,3.146838544504257,7.69265224222391,46.95032607122137,54.895072104335526,35.081127824515015,72.23448042224977,21.94549523354475,12.97711938664847,9.847410869421713,12.97776203620233,33.2320991564536,1.1319631000633579,74.75036563989447,77.65892699270826,71.79124823998824,71.78777493300103,75.9543071213714,67.60769622486781,2.141828847515154,77.07969134748612,77.07772057468179,79.17850180059658,74.9884988037764,1.07391014682775,-5.2884431074978835,-3.224194679225178,-7.380802578908586,312,268,289
2025,20242025,362,Queens University,ASUN,35,20,15,1415,66.0,44.8,2018,904,52.8,1126,594,34.8,892,310,68.2,691,471,1256,864,392,17,430,0,6,557,408,483,1150,2685,34.2,31.2,0.18,52.5,44.6,2057,917,50.9,1303,663,33.7,754,254,70.2,621,436,1202,840,362,18,405,0,5,580,314,469,1186,2611,30.2,30.1,0.17,50.8,70.16944324787804,15.808995013846655,59.047389901801466,3.1535208134234995,6.456810459146222,47.3421000630001,57.90138359291592,34.331150868968855,73.81454108193695,10.304734706763567,10.709945733579607,10.990555219157708,13.803506810391514,36.41351987178385,1.1779589707951301,14.238744279739931,58.11807385197861,3.0547061370022788,6.176038157482382,47.08601615861926,54.376443865954535,34.666156835765086,72.22801912585956,23.032824602801153,10.961888280758913,10.452982816258132,12.291161099162636,35.38207718078372,1.1724921357613205,82.6567251495377,82.27312037888728,80.19114224593808,80.18184672924995,84.42659386809656,75.96721981100806,2.1466167347076435,80.65476097135605,80.66198710486691,82.74593870373477,78.53363284211856,1.0688489112292794,-0.4636187254179731,1.680655164361795,-2.5664130311105,184,26,355
2025,20242025,238,Quinnipiac,MAAC,33,20,13,1325,70.4,42.6,2026,864,50.6,1259,637,29.6,767,227,76.3,634,484,1263,873,390,17,425,0,7,539,324,427,1086,2439,31.3,30.9,0.18,48.2,42.2,2006,847,46.4,1250,580,35.3,756,267,70.9,560,397,1080,780,300,28,407,0,9,526,325,434,998,2358,27.9,27.8,0.17,48.9,68.99469420205472,13.064139335942638,53.24052250628908,4.0867794206819825,6.557713958836576,43.270599409353515,48.11894464385573,33.800388243932154,70.69467581375345,12.066711279302151,11.2305741326131,11.460351211476265,13.83218430287082,32.21704671565418,1.0746970724772453,13.488367204237383,53.77104807206755,4.287985448713074,7.530575944116053,43.34708233531059,48.44608150672145,34.19936793108223,72.22397794415238,24.08650113652187,12.120619912147275,9.273447494801326,12.415630214593614,31.81321934737298,1.0532392998254114,74.14839587541097,72.66792341304048,72.52920350211889,72.53028554908107,76.73013819553587,68.27838400412864,2.15434106794759,70.46649168526693,70.47001339709496,72.54601102075225,68.36760376323306,1.067590606317094,2.0627118168519587,4.184127174783626,-0.0892197591044237,111,238,49
2025,20242025,239,Radford,Big South,33,20,13,1330,62.6,45.4,1813,824,50.7,1149,582,36.4,664,242,76.3,722,551,1167,792,375,18,374,0,2,564,297,412,1018,2441,39.8,32.1,0.18,52.1,43.5,1816,790,48.8,1097,535,35.5,719,255,75.1,638,479,1030,710,320,16,364,0,1,615,359,412,984,2314,35.1,31.1,0.17,50.5,72.58805899859806,12.301949941239576,56.098247427392245,3.181679551761823,6.974759870316394,44.24030529034049,52.75092682324677,33.80760734678765,71.79726675153063,11.096855173054049,12.398529830020598,12.691532405729816,15.421034140061117,30.811926925295687,1.0931378028772365,14.77482339323244,56.8726908833249,3.3711840234060317,7.3316862694393174,45.938742393660206,52.832763050669385,34.308648585393364,72.2187517740899,23.913963530257213,13.175425302035976,10.870688677233701,14.874368261779942,34.689907599745496,1.10537618809931,79.3487513288507,80.23711195739814,74.59499488998495,74.58039351314727,78.80393634482904,70.39855071053422,2.1342418388397615,78.67530104190354,78.67189696858385,80.83077000640665,76.56776335799141,1.0808994600441733,-4.080306151918592,-2.026833661577612,-6.1692126474571864,287,153,328
2025,20242025,240,Rhode Island,A-10,31,18,13,1255,65.9,46.5,1782,828,53.4,1109,592,35.1,673,236,69.4,759,527,1160,849,311,16,401,0,15,508,440,378,1112,2419,42.6,26.8,0.19,53.1,42.8,1938,829,49.9,1171,584,31.9,767,245,72.2,589,425,1103,764,339,16,357,0,10,627,343,431,1024,2328,30.4,30.7,0.17,49.1,66.60747927099422,11.653956637771715,54.861222045598446,3.2629307292097525,7.545295362097126,43.72673173759966,52.380986884472314,32.245045560055146,70.63984661327022,10.59682715709406,12.584494148385112,11.19203558608076,14.83426334362414,29.080033737379654,1.0561500932025727,12.614509882340915,55.49788565631548,3.5416332761674907,8.003509885342414,43.93140692491114,50.73071787138367,34.1845520643082,72.2205849661968,22.66029059659285,13.52714574128187,8.684797669931967,13.718395956424501,28.45397289666413,1.0480674019547702,70.34749544004897,69.80912775030713,73.19604318493452,73.19685727093236,77.48266376399978,68.90567828190342,2.176219834007577,69.18583415091756,69.19486853344367,71.28444012391255,67.09235193656117,1.0710059793495355,4.010209034016967,6.198223640087235,1.8133263453422472,67,216,27
2025,20242025,241,Rice,American,32,13,19,1290,65.6,42.1,1778,748,47.8,1090,521,33.0,688,227,68.1,772,526,1223,829,394,15,377,0,9,572,215,322,860,2249,43.4,32.2,0.18,48.5,42.0,1847,775,47.5,1172,557,32.3,675,218,71.8,670,481,1117,775,342,17,299,0,11,642,335,435,916,2249,36.3,30.6,0.14,47.9,67.46909623326566,11.629785515869774,53.391601815349844,3.510595501227161,7.186484543256796,42.21930128722887,47.7895700085914,34.28484149130733,69.622450356578,12.959707872486014,12.031683407577964,9.502256872519101,12.245821050822386,26.101383564061692,1.0664083050375,12.65118042606456,56.084863563293595,3.7267293077862864,6.454853250328938,45.169157214400656,51.39091421826702,33.79159561277907,72.22874571682256,23.46858344977484,10.882463055875272,11.196254912213577,13.976052486449744,32.94691134414866,1.1234802413852543,71.94960455652881,75.80019652219426,73.09781934269246,73.08995289991066,77.38838871050852,68.84652536226324,2.191094390033549,75.96030625902903,75.95422011288689,78.0721380706244,73.86523760434785,1.0702901915914504,-2.8624869163365645,-0.6837493601158826,-5.018712242084618,256,219,240
2025,20242025,242,Richmond,A-10,32,10,22,1310,64.1,41.8,1745,729,50.5,948,479,31.4,797,250,79.2,542,429,996,788,208,28,327,0,3,562,140,337,766,2137,31.1,20.9,0.16,48.9,43.3,1777,770,51.0,931,475,34.9,846,295,72.4,645,467,1145,851,294,10,333,0,6,496,258,350,860,2302,36.3,25.7,0.16,51.6,68.03657864487556,13.82710993822906,56.76520699132822,2.8984062598192386,5.780079433140862,44.77560067658717,51.224269379258345,35.434896713079475,73.92793687036445,8.924428501016887,10.347896539898626,11.769450701661038,14.465314296597546,26.860486173808077,1.107428219854106,12.731826153587441,56.128839306980886,2.455083714545177,6.7903224151800545,44.851113179625926,54.6933454912136,33.35422097037237,72.21624798562654,24.15000391367963,12.066279189966224,9.585680452541725,12.402276898611584,30.423431435921394,1.0964630090290215,75.34562717365843,74.59959174499993,74.47396058715935,74.47911969022005,78.71189598472692,70.24094162242329,2.159318300072947,74.2832051745346,74.27466989116962,76.4188538148921,72.14771333673316,1.0866848682196897,0.19075541262475326,2.29304216983482,-1.906771714309869,169,159,176
2025,20242025,243,Rider,MAAC,33,14,19,1320,64.7,43.0,1894,814,48.1,1323,636,31.2,571,178,72.2,561,405,1131,762,369,38,369,0,6,477,226,355,944,2211,29.6,32.6,0.17,47.7,45.8,1895,868,52.8,1119,591,35.7,776,277,69.1,517,357,1114,776,338,33,344,0,11,507,325,430,1028,2370,27.3,30.3,0.16,53.1,64.68681577820004,10.783270062084572,49.70605742617393,3.4283971731992455,6.554136427352792,40.84093801065665,45.678392154999514,31.192609185685786,70.89371562479946,12.084592430686625,11.238262475209837,8.38251849958485,11.131337152825866,27.85212888035923,0.9894717407893004,14.490933938313093,57.353117430901,3.280243662608348,6.0791048359142295,46.63182985010758,53.65608861385818,35.08258074904354,72.22401303985146,22.609096220448226,10.423895749498362,11.261786833295567,14.289322848890222,33.37429858506112,1.1498067598176098,64.00577621417239,74.37733805285083,66.30324093181248,66.2966290830887,70.63046986612214,61.98416778127552,2.1913833177885884,75.9627895443856,75.95892846767342,78.07916568317626,73.85005970671672,1.0730533792195929,-9.659548612573118,-7.448695817054116,-11.865891925441204,353,360,241
2025,20242025,244,Robert Morris,Horizon,35,26,9,1425,64.1,44.9,2078,934,50.9,1317,670,34.7,761,264,72.1,780,562,1307,870,437,26,451,0,13,587,384,530,1224,2694,37.5,33.4,0.2,51.3,44.2,2042,902,50.2,1312,658,33.4,730,244,71.9,608,437,1139,798,341,17,456,0,7,668,323,497,1134,2485,29.8,29.9,0.2,50.1,66.01376418811104,16.97381701661462,57.11596902162279,3.434298380386939,6.803318742467979,46.57082122406115,53.26073994617819,35.81149643436327,69.54963188253392,12.204708626762754,12.295850345775351,7.142414346870137,13.10936511833714,33.444367975084546,1.1417857227617283,12.925776575002232,55.687654406437886,2.641928856749248,5.7088402845338715,44.43482414931241,51.33296297554228,33.63230240874372,72.2334579277083,24.291868428425605,10.800993123511446,9.524542515159915,14.419827378324264,31.982381533575023,1.0931628899186219,75.37357345574466,72.16379723428189,78.66273105801918,78.67512269180435,82.88424113935625,74.45162435478105,2.153030591009317,73.15902344415959,73.15703585486736,75.21953929125098,71.06697483812745,1.0633209557048495,5.503707613859589,7.664701848105267,3.384649516653596,47,44,132
2025,20242025,245,Rutgers,Big Ten,32,15,17,1305,66.8,44.6,1939,865,51.3,1236,634,32.9,703,231,71.8,702,504,1129,771,358,12,349,0,4,547,386,448,1034,2465,36.2,31.7,0.16,50.6,46.2,1957,904,52.9,1220,645,35.1,737,259,69.6,596,415,1172,805,367,18,394,0,3,614,311,371,1132,2482,30.5,31.3,0.18,52.8,67.58833716699047,12.120247370580255,52.999009091410336,3.6723940449215458,5.905786347120206,42.44795267120076,47.53726915602951,32.814867911667505,72.7360556506943,10.746456880231399,10.483598905886238,10.45642215342218,12.918242106514692,26.725270528073153,1.0525701127886555,15.381976287023598,56.947774218129545,3.3432568739851676,6.123336635980196,45.99281916628459,53.040114037794815,34.35129496429455,72.23560160160379,22.563900686014435,11.41994715442811,10.436694046374871,12.791550382236897,32.03162412662895,1.124914425369656,71.14146367505684,76.03109546589565,71.28546664299822,71.2725593414853,75.49442380601648,67.06239437947535,2.1581231788672044,75.5844476036961,75.57498013056411,77.69377514943781,73.48516086109647,1.068689543159995,-4.2989809606978895,-2.199351343421327,-6.4227664816211245,292,286,227
2025,20242025,246,SE Louisiana,Southland,32,18,14,1290,67.0,44.4,1854,824,49.8,1262,629,32.9,592,195,74.9,642,481,1147,798,349,19,373,0,5,550,329,469,1018,2324,34.6,30.4,0.17,49.7,43.6,1776,774,51.7,1010,522,32.9,766,252,67.5,640,432,1082,759,323,29,415,0,7,542,313,416,916,2232,36.0,29.9,0.19,50.7,65.95363468872394,11.97721939833723,52.956107272221026,3.166418429728651,6.572814490440124,42.43915226564048,50.42817321512595,31.607522400516437,70.19928790960937,10.17591489629864,11.874963755939635,8.385668287889299,12.582349173839553,29.110530071965908,1.0138696692488387,12.746263721946685,56.559083774477536,2.9022566325274375,6.826618722794144,45.308779274937045,51.738447453274986,34.39155348030178,72.22632962876223,22.315972435643328,12.46623531009757,10.46076401922981,13.003346248370141,29.107794121456454,1.0815187700523967,66.86838978761527,71.3300938690338,69.69654077921086,69.67799554023628,73.86008650216321,65.52312185912191,2.1357307455700845,71.20841332494257,71.19970984956308,73.32733363703896,69.12745780523151,1.0698494547219468,-1.5118725457317055,0.5327528651242517,-3.6043359461096003,222,328,64
2025,20242025,247,SIU Edwardsville,OVC,34,22,12,1370,65.5,43.1,2030,874,48.8,1282,625,33.3,748,249,67.0,655,439,1297,894,403,23,388,0,4,560,416,449,1070,2436,32.3,31.1,0.17,49.2,40.2,1954,786,45.0,1192,536,32.8,762,250,70.9,618,438,1220,862,358,27,425,0,5,569,262,398,864,2260,31.6,29.3,0.19,46.6,65.26150387660952,12.667603825734515,53.722899307926795,3.2516497032182587,6.851910040230997,43.8231109775224,49.09869846903778,34.231247922322126,68.9931731173908,10.509643469307267,11.719492659803649,8.752090002712015,12.209381042581162,29.571095903383007,1.0457723719769205,11.181050200306903,52.27940054853272,3.790583231848262,6.803138460471185,41.60108901935173,48.15608704310003,32.6683061428041,72.22044538670336,25.01459151572057,11.3798491655146,10.04638497501696,13.302158439104538,27.070536539036627,1.0275338692629783,68.24867770782294,67.05840559225344,70.7268535796787,70.73056862818771,74.94356156690566,66.51591739363045,2.1495093562949905,67.15127259289558,67.15332242549198,69.2793734747126,65.03888237345595,1.077197945233686,3.575580986783123,5.664188092193058,1.4770350201744975,74,307,5
2025,20242025,248,SMU,ACC,35,24,11,1400,68.9,47.8,2069,990,53.3,1342,715,37.8,727,275,71.4,759,542,1345,909,436,17,418,0,8,590,446,528,1278,2797,36.7,32.4,0.17,54.5,41.3,2072,856,47.0,1220,574,33.1,852,282,74.0,677,501,1152,765,387,16,435,0,5,637,283,463,900,2495,32.7,33.6,0.18,48.1,70.03642951072675,16.371829919379604,57.90169463704261,3.180200347717931,6.653598825844413,47.595938011979776,54.70984671383025,35.112830362587175,72.71075421074774,11.92414802958464,11.289450486349939,11.104289830604179,14.807570067176526,35.977953973413314,1.163826597497665,16.032499203474714,55.85271965942383,3.4369625668356596,6.927365679976886,44.200490121985645,52.37403201068403,34.15663181918472,72.22227889127736,24.966215133197387,11.892796908836118,9.625541926438087,13.64875718546236,29.873875988921107,1.109943449504779,81.51025945835416,77.73647616213435,79.58570673411488,79.58522065335842,83.80733984823824,75.38463590890653,2.1520661525127305,77.57200943019748,77.57067214481759,79.68058537418304,75.49983066873118,1.07430954125097,2.0136973039173967,4.126754474055204,-0.11519475982464655,114,30,303
2025,20242025,249,Sacramento State,Big Sky,32,7,25,1280,65.6,42.8,1741,746,51.3,943,484,32.8,798,262,67.5,541,365,1066,767,299,9,419,0,14,592,196,415,900,2119,31.1,28.0,0.2,50.4,44.7,1710,765,53.1,923,490,34.9,787,275,71.3,634,452,1059,788,271,15,375,0,10,549,262,470,838,2257,37.1,25.6,0.18,52.8,71.5573909260173,12.550359519020656,54.36775723650611,3.2499198147355703,6.655870958155074,42.745302386789774,48.29786173679649,32.82602761345864,76.03221644322127,9.916738701718426,10.552506409093622,12.239056989162496,14.266681991653805,30.903683550507953,1.0625774711797404,16.01113991322855,57.48114518335492,2.886557595624362,7.2776789555134975,46.36503178007755,55.31055951158518,34.071512601306736,72.22580002526267,23.521522893987537,12.264234518379443,9.838476091064775,12.36858074496772,35.57224686207311,1.1337287401353946,76.03527149438757,81.12667066192952,73.73868934650544,73.74081356512858,77.98886717625311,69.45030992836665,2.172527075401455,79.22902036016413,79.2280874111479,81.32564068811381,77.10901252598056,1.0701586420795555,-5.49033101365869,-3.3367735118606987,-7.65870259761391,315,182,340
2025,20242025,250,Sacred Heart,MAAC,33,15,18,1325,69.7,43.8,2042,895,51.0,1132,577,34.9,910,318,73.1,536,392,1223,834,389,14,406,0,7,521,413,462,1084,2502,26.2,31.8,0.18,51.6,44.0,2007,884,50.4,1139,574,35.7,868,310,74.2,543,403,1182,833,349,33,409,0,1,496,346,448,970,2481,27.1,29.5,0.18,51.8,68.45260775084094,14.650370575144358,56.38161987901041,2.866050890958527,6.698633967986642,43.677807160293135,51.717463361326196,34.71025170041484,76.05402063927204,10.042492008993666,11.821131135950411,9.076489479478385,11.086948319222188,27.01718188303688,1.0965749082884313,16.07944978470658,55.97732330430554,3.155494071309836,5.746843038680175,45.500136179849065,53.889759311832286,34.18766796276247,72.21083916320114,24.56204232311611,10.39768874842144,10.76274191791278,13.545311169812786,33.60775046966212,1.119734422079357,75.06341206648237,76.6487411797128,74.68756228362174,74.69492946688882,78.93463577028034,70.42610678847835,2.1620339896934984,75.99509019111099,75.99987536353362,78.13695329101873,73.86776235948396,1.0768254216276638,-1.307527907489245,0.79768247926161,-3.4416555710056116,212,148,245
2025,20242025,251,Saint Joseph's,A-10,35,22,13,1410,65.9,43.8,2070,907,52.8,1107,584,33.5,963,323,74.6,657,490,1295,926,369,12,395,0,2,503,371,463,1086,2627,31.7,28.5,0.17,51.6,41.4,2122,878,45.3,1424,645,33.4,698,233,75.1,550,413,1215,856,359,29,390,0,1,565,359,415,1142,2402,25.9,29.5,0.17,46.9,67.42755401193686,14.860029784861162,53.888956410388296,3.4539853934241806,6.634722351945598,43.00208954379635,51.92503886346917,32.338772981450745,71.84228967119172,11.311137925261773,11.48721633652732,10.807627044185327,11.163492953367134,31.884503588495612,1.0646354700312837,13.294045546217797,52.43069862439242,4.28861417397346,5.782929645239398,42.273492529398354,49.1327061644146,32.97442196788352,72.21309356864711,26.038135235760492,10.578242101761298,9.329760767460037,11.597646721104423,31.144796723224562,1.05251538380936,71.78576565855816,70.96853789020007,73.46761572651735,73.48690054741996,77.71368427531486,69.2456978466833,2.1588304261363795,70.96493227762306,70.95355091385576,73.05406760702265,68.85613697917574,1.073728226264187,2.502683448894288,4.659616668292216,0.38956086750755503,99,204,57
2025,20242025,252,Saint Louis,A-10,34,19,15,1370,68.2,47.7,1886,899,60.1,941,566,35.2,945,333,68.6,577,396,1198,940,258,14,431,0,0,499,323,376,1058,2527,30.6,21.5,0.18,56.5,42.2,2117,893,48.1,1286,618,33.1,831,275,70.3,515,362,1186,828,358,20,352,0,4,533,307,480,1040,2423,24.3,30.2,0.15,48.7,71.57485880932464,17.4583523783001,60.712669622147565,3.595396197650098,7.112758963847445,48.91723999564574,57.53450820822517,36.60323848724322,72.46748727587618,10.040375495531382,12.284345775685606,15.037499789129438,13.854380745940672,37.46296516529651,1.1818961494885072,12.573575930711248,52.464307181310424,3.2915779756789765,6.961630449967831,40.92856325558085,47.610887104251724,32.58920869367832,72.22820799409794,28.04820403096013,11.406870605311216,10.593078488778414,13.935055916876854,28.761299238981227,1.0323946489679028,84.59405002692435,73.89350123537992,81.48449182259013,81.4819402780505,85.7231570063149,77.29544351638202,2.15196518209828,73.02952693143875,73.03692608332713,75.1654769068624,70.87030801990223,1.0908143680605806,8.454964891151377,10.557680099452512,6.425135496479797,19,11,127
2025,20242025,253,Saint Mary's,WCC,35,29,6,1410,62.7,45.0,2087,940,51.6,1390,717,32.0,697,223,69.5,645,448,1389,901,488,22,338,0,3,523,213,426,1246,2551,30.9,35.1,0.15,50.4,41.1,1939,797,45.7,1325,606,31.1,614,191,74.0,477,353,1029,740,289,14,370,0,6,586,253,336,996,2138,24.6,28.1,0.17,46.0,65.35580876749366,14.98226078706227,57.474598392039276,3.2426560908633713,5.9161550832558865,45.6256090356083,50.16947193050471,36.32008511007199,76.19228947017194,11.864989076259501,11.228252987364417,8.475357962551486,11.695447581705162,31.537744972719807,1.1554503603000035,13.103071612524195,52.12112301589733,3.5980106599010084,5.766327099788145,42.19840239651684,48.438664441945704,32.99770220456505,72.22167206282185,26.583863397563082,10.369812995402839,8.971356119608755,11.445122559809882,30.144479629000173,1.0177032647805866,75.51539278809867,66.51281995505398,78.11228730709352,78.1237818874622,82.3999459181167,73.8290625873568,2.17216882727322,67.80706399407667,67.80382150706994,69.91660708506987,65.6751684899938,1.0852916807479085,10.305223313016853,12.48333883304683,8.153894097363008,11,52,11
2025,20242025,254,Saint Peter's,MAAC,28,12,16,1130,62.1,39.5,1581,624,43.5,977,425,32.9,604,199,73.8,543,401,1043,666,377,32,380,0,10,528,269,368,726,1848,34.3,36.1,0.22,45.8,41.0,1521,624,47.0,941,442,31.4,580,182,72.8,566,412,918,622,296,23,337,0,11,465,324,356,764,1842,37.2,32.2,0.19,47.0,65.62412724331789,12.611452462312785,52.88329241165391,3.468483345785315,6.238822629535552,41.93498023252457,47.73544049938898,32.85569440444146,73.39777618150556,12.936134325215074,11.598537410279638,11.35703645656517,14.10334631358682,28.340178640860536,1.067903364996159,12.338364533010328,54.88063735291642,3.6571902834343515,8.298719989694167,43.36154406344115,49.506540244891994,33.108030621160246,72.23015200799483,22.32243224318394,12.947048726854636,9.366065047804087,12.414974716449057,29.437210356684023,1.0705073232477054,70.08022630807528,70.25110879571105,72.6123115418053,72.61503030239872,76.84283752792463,68.38276072302556,2.145925864476935,71.08578340691578,71.0869502416383,73.23391454354072,68.93254821250524,1.0942606510266566,1.5265281348895172,3.6089229843839092,-0.5497874894796837,135,237,59
2025,20242025,255,Sam Houston,CUSA,32,13,19,1295,66.4,44.6,1854,827,48.2,1142,551,38.8,712,276,72.5,663,481,1129,784,345,18,406,0,5,565,322,440,928,2411,35.8,30.6,0.19,52.0,44.7,1907,852,51.1,1111,568,35.7,796,284,72.0,618,445,1116,766,350,19,393,0,7,580,340,458,982,2433,32.4,31.4,0.18,52.1,68.99062385094146,14.810077653400631,56.35531535261874,3.305973671819992,6.494482075673081,45.706286885963095,51.141278080962365,35.58412826512101,71.94573903671619,12.606991020627289,11.666190225878006,13.113563112858824,13.24370427661942,34.75162471765254,1.1317156923508085,13.316702851170566,55.34408374752174,2.789185268920895,6.896601388908105,44.55451407793253,53.29202867948366,33.12177996449382,72.21737550828409,25.15529501768279,11.47553214232632,10.077981898146254,12.944635858516284,32.47048336244338,1.088050027786745,78.07777163718242,75.06525019804174,76.93827385759984,76.94726704273788,81.15128646018175,72.61128078986913,2.16034942254041,74.97181180510205,74.97398663224752,77.04794771745868,72.86770049332003,1.0670975518381827,1.9664620524977892,4.103338742723068,-0.25641970345090215,119,78,208
2025,20242025,256,Samford,SoCon,33,22,11,1330,69.1,46.0,2107,970,54.4,1129,614,36.4,978,356,72.2,609,440,1188,757,431,14,427,0,3,647,468,665,1150,2736,28.9,36.3,0.19,54.5,44.8,1863,835,53.2,1036,551,34.3,827,284,70.0,769,538,1163,787,376,38,532,0,4,547,488,485,1000,2492,41.3,32.3,0.23,52.4,68.58750204159992,14.200650896584847,56.791813088905656,3.240363573741615,5.672903748730687,45.063909774167364,52.98138678118981,34.439036395890426,70.7070931351172,9.411140105536878,9.773715682946385,8.722199958399786,11.256219679764007,29.911697462772374,1.1222925990741859,12.701887431223632,56.07504878346189,2.8577995609485134,4.893644309756554,45.39123110058925,51.011127290427936,35.27252673027424,72.23131615582973,25.915817478124737,9.62429209448089,9.335055578674396,11.605822526551298,32.33862431707356,1.1077451561854146,76.9752459302732,75.97747316143955,77.01231887515654,77.00368852783276,81.26971769527871,72.72120843026102,2.17572448385278,74.9932019869586,74.99140895937748,77.14673280618075,72.88657115853151,1.0873707073166266,2.019116888197942,4.122984889097964,-0.16536272827049459,113,75,209
2025,20242025,258,San Diego,WCC,33,6,27,1320,70.0,40.7,2016,820,47.0,1297,609,29.3,719,211,75.2,616,463,1132,751,381,24,440,0,12,695,454,449,986,2314,30.6,33.7,0.19,45.9,46.5,1860,865,51.4,1153,593,38.5,707,272,73.6,852,627,1232,886,346,18,438,0,9,583,467,500,1028,2629,45.8,28.1,0.19,53.8,68.94680243539284,15.178107317858078,54.97538529974549,3.366799882489407,6.867348434738882,43.98371606321894,50.826768954974966,34.091608137175506,72.3654416803984,10.058599613447319,12.091099111145214,10.915922068683876,14.594327528964365,29.467406865425914,1.0647409736463906,15.390830728770945,58.006953944855795,2.766700270601093,7.44542741912156,47.34521402788254,56.975119103783356,33.58412547707165,72.23016865083338,21.555359298725396,12.88758035626848,11.601089675138049,13.851621825002475,35.40163729437077,1.1281741752179804,73.41048555486552,77.78400197146635,73.05312411762645,73.05336701867691,77.2881195701449,68.82438030774223,2.1439586695017363,76.86638651903384,76.86464775087626,78.99722889001045,74.73408521043285,1.076271176413184,-3.8132624014073855,-1.7091093198655471,-5.9097049026906205,280,224,275
2025,20242025,257,San Diego State,Mountain West,31,21,10,1250,64.8,44.2,1784,789,51.5,1067,550,33.3,717,239,66.4,565,375,1090,776,314,26,340,0,7,572,278,477,984,2194,31.7,28.8,0.17,50.9,38.3,1709,654,44.6,908,405,31.1,801,249,70.6,630,445,1099,749,350,32,411,0,6,551,174,310,728,2004,36.9,31.8,0.2,45.6,69.56967386333268,14.554716471009085,56.69859632925331,2.769689233980597,6.814419719078531,46.26047396816795,52.98129808039413,34.11225381463966,73.71099466486072,9.884267590426104,12.078276766355195,11.137562138214928,15.332436522353536,32.74988544453874,1.088526126747025,13.606772047784254,54.147784570153554,4.330834709286184,7.46450075921285,41.761179358608366,47.832825963680776,33.78550204797092,72.22661932250729,24.666551793967773,13.814205040182474,8.532244451491685,13.789057412670132,26.63248459751258,1.0363682062934094,75.72840762950726,72.09979811415958,74.35888894073558,74.36429871105027,78.58177346205926,70.10829063880263,2.156822617842733,71.870442873652,71.86346596874641,73.98620174198393,69.78310672933814,1.0765054100914024,2.4884460670835864,4.595571720075327,0.32518390946448505,101,164,88
2025,20242025,259,San Francisco,WCC,35,25,10,1405,67.5,45.4,2047,929,54.2,1156,627,33.9,891,302,71.1,703,500,1246,883,363,20,410,0,7,658,371,503,1070,2660,34.3,29.1,0.17,52.8,43.3,1977,857,51.9,1272,660,27.9,705,197,70.6,721,509,1210,875,335,19,436,0,12,635,338,408,1138,2420,36.5,27.7,0.18,48.3,66.85609549254133,13.602161397739614,55.800883457324545,2.950463568488797,6.366695310988741,44.03877685366265,51.371128581718665,34.3696247312826,70.3309302396483,10.773134913523236,10.80144019861749,7.975290621517612,11.791355068308214,28.227404270798036,1.110593587801419,13.78374200768739,55.18311020790571,3.0017209414847206,5.438141092801171,44.78263366509352,51.327543753181914,33.783999426952434,72.23345409247028,24.785739844769232,10.010443861821663,9.493999870630944,12.895635259794659,33.24484545754143,1.1004478443635777,74.24995095945576,73.5716461673326,76.66240723704686,76.67703512215144,80.87638107546212,72.40944546478086,2.145586999622515,73.884012767698,73.878884628695,75.9683521760064,71.7996131259576,1.0686748499431586,2.778394469348868,4.908028899455715,0.6098323388232529,93,89,165
2025,20242025,260,San José State,Mountain West,35,15,20,1415,66.5,44.4,2008,891,51.0,1190,607,34.7,818,284,74.4,617,459,1185,854,331,25,401,0,2,547,343,418,1086,2525,30.7,27.9,0.17,51.4,45.7,2106,962,53.4,1338,714,32.3,768,248,69.0,571,394,1229,850,379,12,387,0,2,534,315,456,1276,2568,27.1,30.8,0.16,51.6,65.13676298700797,10.82601675262418,54.53915852261215,3.0977655004285656,5.811106572025364,43.55214102713625,48.68504211449083,34.493881879416136,73.52506450439442,10.275918143815662,10.42553935616182,7.93200086119462,13.518571009774321,28.1498871757253,1.0876026365835787,15.643743916925013,59.75821583246765,2.4269763604228487,5.981106451330249,48.740113768335036,57.164433636317824,34.79803755467845,72.24436208931505,20.035777315157425,11.587955063221235,11.0158315517699,12.608959964336004,36.37498695596677,1.1855957091035667,70.84291516318953,77.22586670229268,71.1012734112296,71.11071617357813,75.31881887733918,66.90083373497205,2.148604646772459,78.51554819258978,78.5087419149665,80.61056394045329,76.41422035370782,1.071753000208205,-7.414274781360177,-5.2917450631141065,-9.513386618735765,339,294,323
2025,20242025,261,Santa Clara,WCC,34,21,13,1375,67.3,47.2,2099,990,54.9,1126,618,38.2,973,372,72.7,597,434,1290,907,383,22,403,0,3,558,396,507,1202,2786,28.4,29.7,0.17,56.0,43.3,2040,883,51.2,1231,630,31.3,809,253,72.3,639,462,1119,789,330,22,401,0,6,535,325,472,1098,2481,31.3,29.5,0.17,49.5,68.09312241961496,16.157009021901583,56.91458882409369,3.3035674611775097,6.511679195056822,46.08429568479174,55.256234619598345,34.36727688411989,73.70510820963364,12.568410694770826,11.062745496003698,12.009096435733003,16.493973263843074,35.52780475037068,1.168081490628155,15.171155409752034,56.439373407062035,3.5145404738175086,8.290657211226025,45.39071889687868,53.235899862571856,33.24201770054859,72.23387405932417,22.712036916737933,13.397290473957828,12.297142652788482,12.35357626336804,33.85214714257466,1.0770842676442252,79.53831593742927,73.34203089293955,78.56873342524925,78.57405676272829,82.83578919653546,74.39091102558295,2.153067669520114,74.4495651389447,74.43828278035778,76.60116767883568,72.32338866350136,1.08976091165019,4.119168286304543,6.234621517699779,2.06752236208159,65,46,183
2025,20242025,262,Seattle U,WAC,32,14,18,1280,67.4,41.5,1799,746,46.8,1136,532,32.3,663,214,71.4,767,548,1099,752,347,16,364,0,4,576,276,509,950,2254,42.6,31.6,0.17,47.4,44.1,1681,742,52.1,1035,539,31.4,646,203,70.8,619,438,1066,799,267,25,460,0,5,629,256,387,924,2125,36.8,25.0,0.21,50.2,69.22720277781995,13.260185751002645,54.549868512390546,3.2525193905279304,6.589681714758267,43.8926477952886,49.91526443425066,33.636615401156355,71.0082622009065,8.657499003463837,11.628934497989706,7.488152265074284,14.224891057453306,31.042537122113053,1.0372589929848655,13.082943487586128,53.994980637161824,4.534519362153272,7.510819930862564,43.28943485279934,49.804907893475836,33.09661992642823,72.2285905730032,23.279600303119388,13.890857533214023,8.134959582150316,13.877901294053771,29.594567570190193,1.0256631694192417,71.80653864048061,71.00379221112735,70.94539902713163,70.93843709457545,75.17960220457144,66.73993912045994,2.1571363022564314,69.66418274954852,69.67055155328157,71.78214244981255,67.50867692216019,1.0867435049060687,1.2812162775831126,3.3974597547588843,-0.7687378017002544,139,298,32
2025,20242025,263,Seton Hall,Big East,32,7,25,1295,62.2,40.0,1770,708,43.9,1231,540,31.2,539,168,66.3,582,386,996,637,359,32,400,0,9,579,217,429,902,1970,32.9,36.0,0.2,44.7,46.6,1626,757,54.5,904,493,36.6,722,264,72.6,645,468,1087,791,296,40,466,0,10,545,306,495,882,2246,39.7,27.2,0.23,54.7,65.91269037277249,13.196876330655247,53.39558487077307,3.643913467967524,6.3634301934074475,44.07013959688872,49.52654588668809,32.32504589333863,73.06904622407443,12.000562979040112,11.287843734879077,9.59203861545383,15.740999713326495,34.01293280376239,1.0696801618334333,12.677120898185759,54.026861617633685,5.227974666830332,8.625728120186288,42.09363782450473,49.03057995236529,33.33335273391546,72.22401241826455,23.42861265450688,13.51793715002589,8.534673578676111,12.188284858934335,27.204280520695733,1.0271378333806596,70.50549730482426,67.7014179817798,72.37482137743366,72.37916518420778,76.57064049470374,68.17966606380865,2.150017899093555,68.49088448530587,68.48285546282088,70.61746221619912,66.36287510886734,1.0893063087812649,3.8839368921277924,5.953178278504623,1.816790954941311,71,247,22
2025,20242025,264,Siena,MAAC,32,14,18,1300,66.6,42.9,1827,783,49.5,1098,544,32.8,729,239,74.3,681,506,1030,715,315,22,379,0,2,520,220,429,928,2311,37.3,30.6,0.17,49.4,45.8,1817,833,51.8,1196,620,34.3,621,213,75.1,570,428,1085,779,306,19,399,0,1,605,271,407,1096,2307,31.4,28.2,0.18,51.7,64.88393897719213,13.373966735477593,55.45630807580091,3.5491146631606796,6.58460208352792,45.42915561021956,52.44855298812342,32.02909412086807,76.13380259103118,10.461147927147119,10.404962094132582,5.899656422688682,12.145270191600865,33.44815837477468,1.1029853708524342,11.75449950666323,53.32212426462427,3.0785346292475855,5.897798274534768,43.05003621291462,49.298355474709126,33.22982936169636,72.22561916010638,24.171931747493232,10.997723298072279,7.316550633613176,11.590036848996732,28.264331929435254,1.043998718400394,71.56603549512498,67.73874913695796,75.02596907991307,75.00241926929021,79.34996051559874,70.74477718315562,2.189444560526932,67.25927354873535,67.26203734590484,69.35071584842909,65.13970285671537,1.0719080450060425,7.766695531177717,9.999244667169648,5.605074326440246,22,135,6
2025,20242025,265,South Alabama,Sun Belt,32,21,11,1310,61.9,44.3,1835,813,54.2,997,540,32.6,838,273,70.4,615,433,1130,810,320,24,297,0,0,431,427,533,972,2332,33.5,28.3,0.15,51.7,38.5,1822,702,46.3,739,342,33.2,1083,360,69.9,432,302,1155,783,372,45,449,0,2,495,249,323,612,2066,23.7,32.2,0.22,48.4,66.12610607750736,12.450130932282422,55.839638964845946,3.6115548881264683,5.902079386045569,46.04567452832454,53.12099932538185,34.158996026044875,67.55674546469265,8.838931688287712,9.281140613329937,10.044348211222605,13.552027788755316,34.370565949407535,1.0936348071263557,16.13917275822393,54.30942112673586,2.419149837365489,7.5822149628320155,41.27697475950935,51.45846319299234,33.63416668214868,72.22351281872271,25.665935168524832,12.034487974177063,8.956044058057875,11.211840084845269,22.144783836322592,1.067060998068607,72.3178112660917,70.56058874945558,73.53516573018405,73.52786212263155,77.91555513252342,69.29045545205595,2.1836484423805733,71.71516853905096,71.71540662031339,73.87632768896982,69.51650673658558,1.1118948359644427,1.8199971911330834,4.0392274435535995,-0.22605128452963186,122,200,81
2025,20242025,266,South Carolina,SEC,32,12,20,1290,63.9,42.7,1735,741,49.8,1058,527,31.6,677,214,71.5,751,537,1100,777,323,19,397,0,6,514,235,348,948,2233,43.3,29.4,0.19,48.9,45.4,1835,834,51.1,1200,613,34.8,635,221,71.1,558,397,1033,741,292,18,336,0,8,605,383,439,1034,2286,30.4,28.3,0.16,51.5,67.3762770236909,13.16131824660203,55.44752334099485,3.5122420180246468,6.507675640597213,43.68638093419153,53.178629868536646,32.09713758754566,75.936458420422,9.44652056753454,10.379359149193196,6.991389942384615,11.528649016394949,29.77317964448582,1.0888759640299681,15.543029188270797,55.7847034368628,2.518408273989466,5.651320087707951,45.80819883511824,53.66317436050857,32.9718966777671,72.22651183332957,23.389146788994818,10.23309953826289,13.768042509312506,12.8600389540991,35.53807009330159,1.1204232352286934,73.36440859692162,75.48994628054844,74.0702025929222,74.06479371199018,78.35827211732126,69.80902542785864,2.188248475429253,75.1831404087312,75.17870038279187,77.31479205211525,73.03073864741275,1.0871329971952695,-1.1129378158090049,1.0434800652060119,-3.221713219554104,206,170,215
2025,20242025,267,South Carolina State,MEAC,33,20,13,1330,70.7,46.8,1926,902,52.2,1279,668,36.2,647,234,70.9,827,586,1165,757,408,25,469,0,6,695,429,641,1132,2624,42.9,35.0,0.2,52.9,44.1,1784,786,50.7,1184,600,31.0,600,186,69.2,818,566,1050,708,342,30,547,0,6,655,344,510,1048,2324,45.9,32.6,0.23,49.3,68.66664602821375,12.538564561468634,52.89790157477875,3.414317068813095,7.227612947325079,42.55873625043974,46.90005148583298,33.99787316356448,68.99805551206933,10.986112990660098,13.71855217810509,9.49398012522781,13.902949029989925,26.41916353955839,1.0103400067582156,14.81540496258993,57.766441201191896,3.7155817524125174,6.868616456250075,46.29780499128811,54.558229401362965,33.61880476740645,72.22768850456326,20.825565373919815,12.86842909810818,12.879320691090145,15.918453645907999,34.075913431025185,1.139815117812354,69.37665961220948,78.26728123242765,69.23810218520804,69.21731486989376,73.4838484419468,65.01901047250018,2.169207159650957,77.05129920473655,77.05620159946992,79.18198998273081,74.9297347167495,1.0810454967449175,-7.813197019528516,-5.6981415407840075,-9.910724244249309,341,332,285
2025,20242025,268,South Carolina Upstate,Big South,32,6,26,1280,73.6,45.4,1941,881,54.2,1215,659,30.6,726,222,67.5,606,409,1086,787,299,11,453,0,3,618,387,460,1178,2393,31.2,27.5,0.19,51.1,47.8,1951,933,56.8,1173,666,34.3,778,267,71.2,758,540,1209,858,351,14,401,0,6,546,336,526,1184,2673,38.9,29.0,0.17,54.7,68.02462459466975,12.043589855180526,53.370725015312594,3.8030612840176823,7.12335651270466,43.64902039954277,50.38427196706415,32.762197417959925,69.37217014422873,10.79716899326514,12.476683353047994,10.38806474760199,13.292855100609124,32.638943132543226,1.0317325292963997,12.154695488900312,55.10799753058357,4.42339511940178,6.2309060474900235,44.69056814311635,50.589714336852275,34.49271440312755,72.2154976327066,24.527090450499525,11.565823322972243,9.06967089902167,13.603601946646847,33.55586541891856,1.0815227249000978,70.18321798749669,73.57017735193344,69.71323839027556,69.72637029847584,73.89464481767875,65.5206308626984,2.147434469505284,73.45543442587764,73.45743435720934,75.56521124273206,71.32483435258564,1.082481120894677,-3.7421960356020776,-1.670566425053309,-5.804203489887243,277,327,148
2025,20242025,269,South Dakota,Summit,33,19,14,1320,71.9,45.0,2104,946,53.1,1293,686,32.1,811,260,71.4,925,660,1179,786,393,13,317,0,6,613,340,535,1264,2812,44.0,33.3,0.13,51.1,46.7,2100,980,54.2,1276,692,35.0,824,288,72.3,712,515,1302,883,419,23,442,0,3,683,382,375,1272,2763,33.9,32.2,0.19,53.5,68.85431503015957,12.117366953552777,55.61759980684568,3.465309988549549,7.021337081633584,44.37246878019861,51.24842559201275,32.605165921098916,73.09405644888413,10.468902849825747,12.041049696433058,8.146006902769397,12.894203305689997,33.80641258940448,1.0845377487601997,13.401193159547999,57.3840393540812,2.7483598976031924,6.251276117305779,48.02926167606636,55.00979054744648,34.057309851115996,72.22975460884167,23.389841488326905,11.593940300460048,10.850198346677834,14.703034205718454,41.318308913206195,1.1304442911076595,74.67510381523483,77.8359673439722,75.17580108403705,75.17732910735741,79.38788976662606,70.97969314506234,2.1523980994878436,78.71378517028988,78.70638166053409,80.87252659396731,76.59655271439486,1.0897149295212603,-3.537984086252834,-1.484636827341248,-5.616859569332519,274,130,330
2025,20242025,270,South Dakota State,Summit,32,20,12,1280,66.8,47.1,1937,913,55.5,1146,636,35.0,791,277,74.7,593,443,1287,913,374,14,386,0,3,518,223,361,1166,2546,30.6,29.1,0.18,54.3,42.5,1931,821,50.7,1027,521,33.2,904,300,75.5,543,410,991,731,260,11,301,0,2,565,201,441,858,2352,28.1,26.2,0.14,50.3,66.67868401359075,13.907741791128784,55.5133250869253,3.0272168018327683,6.512907603003161,45.25143884222134,52.81915555308139,34.029053403975894,71.6360898060717,10.614645010800306,11.128891498191242,7.990560753191765,11.636902993288333,33.659498682853275,1.0966492367731302,13.37858705459742,55.87846129945239,2.479369848288004,5.8082199891542885,44.030571856165295,52.40363079524105,33.80877601388392,72.23193095929652,25.41804126223905,10.425507346347061,8.158796428993403,12.282285742728526,28.66153694900477,1.0921998812252225,73.12312793254102,72.82645075989797,73.57303514073487,73.5730680779983,77.81334397935552,69.31842834736939,2.169123963640913,73.3869066905261,73.39424269172167,75.50452637534919,71.25408706649041,1.0793035632190286,0.1861284502087699,2.308817604006336,-1.9356587191210224,171,196,145
2025,20242025,271,South Florida,American,32,13,19,1290,66.9,44.3,1899,842,51.9,1188,616,31.8,711,226,72.0,654,471,1107,778,329,13,355,0,6,548,491,499,1110,2381,34.4,29.7,0.16,50.3,43.3,1898,822,49.4,1182,584,33.2,716,238,73.5,684,503,1218,835,383,24,421,0,6,552,296,420,994,2385,36.0,31.4,0.19,49.6,71.68198153288427,16.240355897161546,55.96867466411461,4.2214704098064555,6.461727664756027,44.05004628156051,52.75337970695758,33.01255585828168,73.45497466468247,14.589730474796447,11.428943762718497,13.619605234245215,17.514160545006483,36.918102062973794,1.1557629192643608,13.064009492415407,53.81394704758801,3.936567077602249,8.531770390365558,42.63642783716593,48.631569691530444,33.67316745157416,72.21506251599928,26.20732798549072,13.79185921081957,9.395229775355556,12.399311358377576,30.862613222971785,1.0441756428184894,82.84737623510031,74.84857914560251,81.69529795038832,81.70450584972178,86.01794740462579,77.38099710967525,2.2087121265469984,75.53092785772284,75.54055369365551,77.66195358244798,73.38388036621724,1.084825660242001,6.164370092665479,8.355993822177808,3.997116743458008,35,9,225
2025,20242025,272,Southeast Missouri State,OVC,33,21,12,1330,68.7,45.6,1974,901,52.8,1248,659,33.3,726,242,72.2,551,398,1093,815,278,15,352,0,11,597,318,517,1010,2442,27.9,25.4,0.15,51.8,41.4,1822,755,47.7,1235,589,28.3,587,166,72.3,741,536,1128,827,301,23,452,0,8,508,233,362,988,2212,40.7,26.7,0.2,46.0,69.9160062743491,12.143729434564607,54.790379005543855,3.3659602279015606,6.824808596586715,44.7212023380893,52.14037305117563,32.45890787505818,69.90707307002003,10.190491528281425,11.805050296995951,10.204584794674286,14.236650690940955,33.772495030272964,1.0728133830967415,11.036081561022531,55.27902366318707,3.5258510927850235,6.444105908467579,43.94086154799562,49.861606022155684,33.554981841208395,72.22866985801468,23.773794476020363,12.611996825814916,10.932325782746995,12.215339163846066,30.415984965868667,1.0573110589126289,75.00682722379746,73.92296662887405,73.03503694012434,73.04672319005401,77.26367737172077,68.81462957042437,2.1422977159045686,71.44793260837709,71.4509125981639,73.56993892542297,69.30113229740772,1.0861337632155283,1.5871043317472555,3.6937384462978002,-0.4865027269833462,133,226,72
2025,20242025,274,Southern,SWAC,32,20,12,1290,66.8,43.6,1947,849,49.3,1291,637,32.3,656,212,66.9,721,482,1195,779,416,20,403,0,6,595,350,559,1160,2392,37.0,34.8,0.19,49.0,42.0,1729,727,47.7,1044,498,33.4,685,229,69.5,721,501,1036,743,293,24,495,0,6,572,324,430,838,2184,41.7,28.3,0.23,48.7,69.16481962854961,14.08799768926043,54.67053726135168,3.6937862750225317,6.400159553484855,44.435502740696556,49.60651314039465,34.577016319792484,70.20208062756252,11.49329872959126,11.775856365553041,12.254784094713527,14.689514814710208,33.955159447386194,1.083643149073101,13.8513973512547,57.256549956436245,3.7524227374653436,7.895844404510521,45.604404564322806,51.8198276960121,34.580728184328464,72.23727684548149,23.480995321847484,13.078765872787734,12.852045572880094,13.662878791687882,31.66789590028178,1.107219592531324,74.94998294735453,76.58064340662521,73.61275396058356,73.60885922525468,77.8135191618942,69.38504407039225,2.1581991436087016,77.77927519405334,77.78488917475568,79.89309251922107,75.65272300391851,1.0763551952319519,-4.16652123346978,-2.079573357326865,-6.2676789335262555,290,192,312
2025,20242025,273,Southern Illinois,MVC,33,14,19,1330,68.0,46.1,1896,875,51.7,1264,653,35.1,632,222,67.6,641,433,1173,835,338,16,412,0,8,560,336,423,1224,2405,33.8,28.8,0.18,52.0,44.7,1928,861,50.5,1162,587,35.8,766,274,71.1,650,462,1098,779,319,24,357,0,2,559,278,486,1038,2458,33.7,29.1,0.16,51.8,69.69582326708112,13.487359848180358,53.778862394240704,3.5073032806744253,6.7723532533038915,45.20415350882422,52.231276184486404,31.021249028028677,69.50923870633544,11.101556152229621,11.987721280885935,11.282935802453581,14.342214933029954,36.978150546569886,1.0494707614754004,13.164998712737379,53.67110061868219,3.4232286170545265,7.63572176101553,43.59328473499599,52.25264186699912,32.74776941411565,72.21095716495361,25.96913934054766,12.767802844035046,8.204575196780908,12.988875680146391,31.148083354977384,1.0238866563332472,73.14372871575856,71.36062344532462,72.76739686431709,72.77475247077646,77.02629960330869,68.52890552159077,2.1710889807856426,71.4092564406444,71.40894741363766,73.50812391169954,69.30532556530036,1.0684487529725493,1.358140423672694,3.5181756916091445,-0.7764200437095923,138,235,71
2025,20242025,365,Southern Indiana,OVC,30,10,20,1215,63.6,42.8,1791,766,46.8,1175,550,35.1,616,216,73.1,542,396,1075,760,315,21,351,0,9,518,317,395,890,2144,30.3,29.3,0.18,48.8,44.1,1778,784,49.2,1129,555,35.3,649,229,67.4,604,407,1112,773,339,14,352,0,7,495,275,374,972,2204,34.0,30.5,0.18,50.5,68.13328585097075,10.83668475017437,50.84777688275695,4.279574666969489,6.466879976310297,40.34767099060614,45.60569863795861,32.16048703060404,69.56306681775857,12.231514764541886,11.710193381207267,10.07925274474112,12.817407209890973,27.25900287772756,1.0071842251409502,11.335896253659271,54.521155957519106,4.052934774136224,6.327693147577398,44.79886244138228,50.00644589965783,33.58931493116778,72.2231340653565,24.24044715789192,11.433592333551319,12.63381402414572,13.342527077436321,35.9213522540397,1.078257058587503,68.62277071611685,73.46519639356926,68.7276332741742,68.72265637023877,73.09230840485623,64.41071049104593,2.1928647052978314,73.32282485601186,73.31975155599821,75.4228914267921,71.20428807417454,1.0786695637796424,-4.595191581837668,-2.3305830219358796,-6.793577583128609,301,341,141
2025,20242025,275,Southern Miss,Sun Belt,33,11,22,1330,69.0,43.0,1828,786,50.3,1156,581,30.5,672,205,68.3,624,426,1160,833,327,22,437,0,10,530,409,355,990,2352,34.1,28.2,0.19,48.6,43.5,1916,834,50.8,1190,604,31.7,726,230,70.6,649,458,1163,810,353,18,362,0,4,506,411,502,1072,2507,33.9,30.4,0.16,49.5,68.13029811522783,11.65004711471131,55.14650288191748,3.912982339534726,6.786652490006827,44.98267533378053,51.408278090489404,31.53048575694057,73.02147304125444,11.21567540560003,12.42818816808598,11.07939236781674,14.687387294372988,35.38211483711524,1.0746058189766003,12.06035932342914,56.088450559041995,3.486482174452466,7.0853858635170806,44.87103941505658,51.72338137422479,33.920598914194905,72.2188465617474,24.633835173610205,12.198388719728783,10.73918054901306,13.309196497564606,31.033584178894657,1.079991242340706,73.21321480323434,73.58012530250757,74.21401319041489,74.23164998258582,78.52349415500788,69.87240979662401,2.197761962803729,74.74389210909358,74.74500007710259,76.85703196452148,72.66028530631921,1.063632173234523,-0.5298789186786905,1.6664621904863992,-2.7878755096951977,185,168,200
2025,20242025,276,Southern Utah,WAC,31,12,19,1240,65.9,42.5,1785,758,47.9,1203,576,31.3,582,182,72.9,638,465,1149,808,341,26,448,0,5,547,289,350,920,2163,35.7,29.7,0.22,47.6,43.8,1943,851,48.3,1394,673,32.4,549,178,68.2,594,405,1125,758,367,11,338,0,12,590,399,504,1152,2285,30.6,32.6,0.17,48.4,70.36219544868312,13.068752102522692,55.36939843130475,3.5585387046908563,8.134370097619776,45.4813413278511,52.05948859986574,34.02102401386353,72.08957361092098,10.121531034606038,13.854156924988606,9.799837590333569,11.728932562730638,34.84752649905762,1.0430858622924704,13.964008467623314,55.95590579732939,3.9532729768846493,5.620346054980611,46.604546786112955,51.72426736344261,34.938364421750656,72.21717342478449,24.216095569471555,10.866915830311306,11.894729338496154,15.517031362466788,38.721347277322785,1.1182987803566964,73.39381131238098,78.68595735348183,70.29311198803437,70.30172923606753,74.59175113482502,66.02014030964301,2.171793382748287,77.0639126373093,77.06090794610164,79.18306039200675,74.94726273577429,1.0787799862976477,-6.770800649274932,-4.591309257181734,-8.927122426131277,331,316,288
2025,20242025,277,St. Bonaventure,A-10,34,22,12,1365,64.7,44.4,1918,852,51.6,1242,641,31.2,676,211,72.9,575,419,1140,824,316,20,352,0,0,456,385,469,1176,2334,30.0,27.7,0.16,49.9,42.2,1889,798,50.6,1001,507,32.8,888,291,72.1,459,331,1119,819,300,26,425,0,6,502,288,375,916,2218,24.3,26.8,0.19,49.9,68.08023774655663,14.928121445901386,56.044815192334646,3.28460786016168,6.438617004555271,46.128220201939,50.92412027747291,35.787325100230156,73.8626277284227,11.53753952651203,11.528296954979831,12.465110103100352,13.057051190910494,34.69103836965419,1.1199044868481436,14.440353001842016,57.18410927042818,4.14488171446353,7.174715969967433,45.8424137030381,52.764105882090455,34.643300793466764,72.23112285500022,23.453914163876302,11.457771216696917,9.798627132981643,13.575827007932208,31.996849735034697,1.1148337007460265,76.24336371805713,75.89814339466305,74.04054131843084,74.03781824082452,78.31287504169237,69.77116557681997,2.1665236858461903,75.91611921022046,75.91717050891785,77.99066639520481,73.80155516273415,1.0670100853828548,-1.875577891789618,0.3222086464875531,-4.030389585914179,231,171,238
2025,20242025,278,St. Francis (PA),NEC,34,16,18,1385,64.5,46.2,1952,902,55.0,1130,621,34.2,822,281,72.7,454,330,1151,862,289,21,439,0,1,516,289,424,1052,2415,23.3,25.1,0.2,53.4,43.2,2037,880,52.5,1163,610,30.9,874,270,73.3,550,403,1168,822,346,15,375,0,3,484,299,499,1024,2433,27.0,29.6,0.17,49.8,69.43083966363096,13.079839414462487,53.30068856986928,3.7485061171198097,6.613546367203263,43.03328668141733,48.74860040249547,34.273551044432956,70.30240816911434,10.38713071705304,12.709449470780417,8.612768488411797,13.867759253709854,29.925009707107215,1.0192381874733727,15.979149924800163,59.80970804361615,2.162859761104634,7.380439976504213,49.06698334739016,57.911772598872965,34.85258498910923,72.2217785760012,21.4999273833111,12.990061942779597,11.97747375623559,14.968027749456182,36.45024117888321,1.1571569653180744,70.76656317351357,80.342379724653,67.87409684006887,67.88088940201266,72.13108015484106,63.57525543404446,2.165000693476396,80.29818877030648,80.30430979787374,82.41857249144923,78.17164248395106,1.0784618411103604,-12.424091930237608,-10.287492336608167,-14.596387049906603,360,349,350
2025,20242025,279,St. John's,Big East,36,31,5,1460,69.5,44.5,2366,1054,51.0,1632,833,30.1,734,221,69.1,718,496,1487,952,535,21,392,0,8,602,464,642,1360,2825,30.3,36.0,0.15,49.2,39.7,2107,836,46.0,1247,573,30.6,860,263,67.0,646,433,1280,876,404,36,547,0,6,628,289,359,1026,2368,30.7,31.6,0.22,45.9,69.60629630384419,15.625926073079803,55.58654403771344,3.8035502788561133,6.255174017714906,44.85873722319474,51.30535470374047,33.43169540602438,71.8825979591832,12.414985436202002,10.665458656048314,12.928980388458179,15.868980998377003,35.59924647903482,1.1362171392606626,12.25170095708534,53.12429942021874,4.464883141753554,7.457945934817629,43.352818962995165,49.4074602654701,32.904971977823166,72.22195951657635,25.092829828275807,13.101803843715189,9.99771592747789,11.093028621801754,32.886018952832224,1.0292840668455223,79.08786686088388,71.64465173767519,79.4539073760376,79.45554282140229,83.71767902732589,75.20745025130839,2.169892809715342,71.93738808431992,71.92994226611034,74.06726019610588,69.82852866726141,1.0810805948681748,7.516519291717685,9.650418831220009,5.378921584046978,24,31,91
2025,20242025,280,St. Thomas-Minnesota,Summit,34,24,10,1365,69.2,49.2,1983,976,58.3,1066,621,38.7,917,355,78.0,667,520,1062,815,247,13,325,0,5,613,331,536,1206,2827,33.6,23.3,0.14,58.2,44.6,1956,872,51.3,1143,586,35.2,813,286,74.8,687,514,1187,837,350,17,452,0,15,604,286,355,1036,2544,35.1,29.5,0.19,51.9,69.25058326501474,15.98627267900405,59.748977196743354,2.85318035874652,5.715180187552547,48.96673892197052,60.55704951967515,34.87623609547223,70.27339340528813,7.887043963803672,10.325313068878991,10.24019015160697,14.63045341379513,36.91346123917486,1.1511744312083425,13.71825162420646,55.18161031479124,2.7815967531838455,7.332708274402323,44.404436266175935,52.86492082208976,33.28195164580147,72.23479618372872,25.066797038922843,11.923665651467104,7.614155325808698,11.427108411277613,32.592865692126146,1.063160492385701,79.7195008009493,73.62448420203006,76.83577766814452,76.84675719934232,81.13146770401279,72.53837588333813,2.1769430305372817,72.80801602838673,72.81195538633527,74.9066537315563,70.73037336537729,1.0724258464270464,4.0277616397577845,6.224813972456488,1.808002517960844,66,84,119
2025,20242025,281,Stanford,ACC,35,21,14,1400,66.5,43.5,2059,896,50.2,1200,602,34.2,859,294,78.9,615,485,1196,822,374,21,366,0,4,600,263,516,976,2571,29.9,31.3,0.16,50.7,44.8,1945,872,50.7,1289,653,33.4,656,219,74.2,691,513,1164,838,326,21,408,0,5,564,236,389,1074,2476,35.5,28.0,0.18,50.5,68.55359977873007,11.927733492450802,55.62864315541893,3.246496571695867,5.418977610398333,44.0468518643785,50.82657608992042,34.49741320935467,72.6536334140861,11.19541598134316,10.869596303314143,9.652631970377717,14.899602013436747,30.64801887804337,1.1116618389086914,11.267124992824916,56.50863669329289,3.6404671451636816,7.459154596496216,45.6591132197941,52.34254938238154,33.50723567187093,72.2361608417273,22.91315835071967,12.041234461168614,7.698706241413744,12.315869405595615,33.47204560188225,1.091481383430889,76.20842079383354,74.82497792565579,73.61299752456955,73.61517999704634,77.86224985860915,69.34151350363007,2.168488583371925,73.56742830998421,73.56688793222617,75.65958525485331,71.43091584210568,1.0790402780463348,0.04556921458534191,2.202664603755835,-2.089402338475608,172,190,154
2025,20242025,282,Stephen F. Austin,Southland,31,14,17,1255,67.8,42.2,1791,756,49.9,1132,565,29.0,659,191,63.3,572,362,1165,758,407,68,519,0,5,514,299,438,1058,2065,31.9,34.9,0.24,47.5,41.6,1796,748,46.6,1132,527,33.3,664,221,68.0,593,403,1103,731,372,19,439,0,3,514,348,474,926,2118,33.0,33.7,0.21,47.8,66.06908065077002,13.318286805683137,55.205615340955696,3.5308880557550935,5.798233450342209,44.760708846441055,51.02806497218722,34.6372537728316,70.31731616847411,11.714344759233944,9.91478134717841,7.810641224680062,13.797761983235356,31.187854604668665,1.1304595654102778,11.776433656352268,53.34702742648974,3.6110831150604668,6.816394647584729,43.267133594067744,50.23089182675927,32.68957385867483,72.22499307498441,24.26645885677184,11.698174667831164,8.344050717933404,11.458986968787242,30.690327897990453,1.031929576906289,74.68842419952607,68.1786384425366,75.6024479111463,75.60181424429976,79.83015376150291,71.35800725320284,2.1631961677704075,67.90029987722772,67.89325512535376,69.98610624645967,65.82274835106108,1.070558072139019,7.702148033918576,9.844047515043243,5.535258902141763,23,118,14
2025,20242025,283,Stetson,ASUN,32,8,24,1290,67.6,44.4,1753,778,50.9,1097,558,33.5,656,220,73.3,587,430,1033,767,266,27,402,0,5,449,279,297,1010,2293,33.5,25.8,0.18,50.7,45.1,2016,909,51.4,1194,614,35.9,822,295,75.1,531,399,1181,784,397,15,287,0,6,541,419,507,1094,2608,26.3,33.6,0.13,52.4,67.52799241548068,14.558886387820431,56.16543452649534,2.7317326940492443,7.4418845268776606,45.047923086794164,52.93257325178008,34.71440834009415,70.7689131475047,9.321389240861732,12.167670584076737,8.943731533459804,11.57706688198873,29.304732614417077,1.0684786338279988,15.236082551146355,57.72442190977813,2.323052549116514,6.303512025145546,47.12403172128811,56.22686701998054,33.93287104493964,72.23028326539381,22.98614604280155,10.612985466317305,10.08846559431555,14.467662741624377,35.9913749405091,1.151813907777684,72.15221708124027,77.77968082845662,73.55865601692672,73.56791058984075,77.8493967682299,69.33664841140067,2.1626750044014558,77.67150353797949,77.67513380871534,79.73189867540815,75.60778170525656,1.060470125440707,-4.112847521052771,-1.882501907178252,-6.271133293855883,288,199,307
2025,20242025,284,Stonehill,NEC,32,15,17,1280,65.8,43.4,1748,759,49.7,971,483,35.5,777,276,72.4,558,404,1060,772,288,21,388,0,8,530,208,360,878,2198,31.9,27.2,0.18,51.3,44.5,1803,802,49.3,1200,592,34.8,603,210,73.7,581,428,1068,761,307,20,355,0,5,502,278,442,1042,2242,32.2,28.7,0.17,50.3,64.95484799278996,12.732749041044025,52.46375075882923,3.9153021143188416,7.249045955729023,42.1924379122032,48.567679108058165,32.66856469486059,70.761781526769,10.094488639665077,12.81213625962223,8.296435536271353,10.664303742273187,29.190787366376775,1.0041623037325724,11.463701936913484,52.8645716829336,3.817024874249214,5.305988328003021,43.31269745808188,48.8550682614058,33.860055571328004,72.2170422444305,26.317785216959855,9.591917254608392,8.91231953378039,14.41419345673336,32.417233960679354,1.0549815147196226,65.22520979903904,68.5261639238164,68.16173494439876,68.15762847352966,72.4200023728385,63.92110326656731,2.166271126086931,69.74297865189322,69.74108630858713,71.84161234190516,67.62567216346287,1.0772311649827302,-1.5812437074944654,0.5783900309333347,-3.704568896895559,224,345,33
2025,20242025,285,Stony Brook,CAA,32,8,24,1280,57.9,41.4,1784,739,46.4,1084,503,33.7,700,236,74.6,555,414,1059,724,335,35,376,0,2,487,187,349,786,2128,31.1,31.6,0.2,48.0,47.6,1827,869,56.3,1055,594,35.6,772,275,70.3,511,359,1108,789,319,14,312,0,3,489,313,463,1066,2372,28.0,28.8,0.17,55.1,66.48794887334313,13.043217494323791,54.30865591796883,3.5663289749010976,6.742380648984807,43.08797971524797,49.445888966044876,34.47056374895138,72.68917912291005,10.25464864590063,11.393150706681807,7.260273004815357,12.756100360379058,26.450494493208037,1.0550451602615836,13.425633332997394,55.29641583322286,3.54589975562013,6.374289306605491,44.31582259113511,50.16572413481955,34.49698509545643,72.22229710716232,23.81662390883342,11.505444549785159,9.86073813023002,12.287535504637905,29.36270613287519,1.0853580439179276,70.14778867454028,72.16323013328687,70.9878117010234,71.00078094251583,75.17314273454173,66.8145173402588,2.1351967717718705,72.38910133583349,72.3922217892287,74.47125165686992,70.25191579484466,1.0717057516891695,-1.4012896348100838,0.701891077671803,-3.4373984545858605,215,296,105
2025,20242025,286,Syracuse,ACC,33,14,19,1350,68.2,45.7,1964,897,51.9,1321,686,32.8,643,211,70.5,651,459,1224,860,364,18,415,0,7,542,280,366,1168,2464,33.1,29.7,0.18,51.0,46.3,1982,918,53.6,1226,657,34.5,756,261,71.6,655,469,1100,796,304,12,324,0,9,570,329,506,1120,2566,33.0,27.6,0.14,52.9,68.06200196249284,12.782844369289945,55.270933399736975,3.1068605098225124,6.797371713846891,45.88067492887008,53.72519089067905,33.20617439893998,67.87709488886244,10.312233956778885,11.221879679904486,11.206345542101324,13.84863025606881,35.065402745700645,1.0827103943542131,14.07504715501297,54.91354017512604,5.273195825460954,6.2573525476206076,44.48389575703259,50.633251044423496,33.93421436339721,72.22943148192262,23.840730066727364,11.916251608696372,9.76132572569484,12.757460548401136,35.01843241811132,1.086508942705716,73.69143698534785,73.94997379070246,73.37596589136386,73.39026277583233,77.62398682280694,69.1001368290509,2.1731221242894727,74.50890030089818,74.50337861360535,76.63632631074536,72.41625224325293,1.0807349663371941,-1.1329344095343146,0.9876605120615807,-3.316115414202031,207,206,186
2025,20242025,287,TCU,Big 12,32,16,16,1285,65.5,41.1,1800,739,47.3,1180,558,29.2,620,181,64.9,613,398,1067,700,367,24,367,0,11,480,336,435,982,2162,34.1,34.4,0.17,46.1,44.5,1740,774,53.5,1012,541,32.0,728,233,73.9,486,359,1059,761,298,31,407,0,6,504,316,417,966,2199,27.9,28.1,0.19,51.2,68.79103481178505,14.918000664593919,54.41540235621942,3.6486841134095216,6.198383287016955,44.08081774377903,51.004987839090816,32.85118579860044,70.93716337880166,12.013589161801846,10.94246537008005,12.601753514208704,14.976112920561317,34.23624527686341,1.0997761319713295,15.912302996485808,55.44042354724996,4.089605302130732,7.487201976472107,45.11165987891327,52.445505132988664,33.83701096301164,72.21577474295162,23.377942915934227,13.175439236513284,9.153371553724886,12.131738255191863,32.403648490381194,1.0629540177899945,75.65473817961004,73.1217068411183,76.14010436372304,76.10062111505675,80.35377554438173,72.00200346460251,2.1345291504907093,73.2961351507276,73.29443655445567,75.42014223479227,71.17563411893514,1.0869395600966834,2.8439692129954466,4.933633309589467,0.8263693456673735,91,104,139
2025,20242025,288,Tarleton State,WAC,32,12,20,1280,68.0,43.2,1614,697,46.8,1206,565,32.4,408,132,73.3,681,499,972,668,304,49,561,0,12,618,286,563,940,2025,42.2,31.3,0.26,47.3,44.4,1627,722,52.0,941,489,34.0,686,233,73.0,753,550,1015,684,331,21,533,0,13,625,313,603,830,2227,46.3,32.6,0.25,51.5,70.02009579118274,11.14072072169368,54.65900187595713,3.747667355198318,6.9807428496972435,44.60554996281546,49.192742804166684,32.917635413389654,73.35977618466374,10.697318332545963,13.761700171352228,12.505010969671233,17.561326316889243,33.81613966098428,1.0407747668218943,13.71096850432025,57.64933290864187,3.2172211648915114,8.998265388489695,46.13921537540241,53.9483532588284,34.041272188243106,72.2262278874831,21.604540059703126,15.648692159044545,9.741204668952594,14.644594566690758,30.70697228050829,1.07664541339771,72.87514886991492,75.38681497924519,70.1758595344046,70.19363980779568,74.46172337789865,65.80955567887781,2.1941228728258793,75.37408945728303,75.3784184097986,77.45195461112705,73.24636273744248,1.074390854010566,-5.19822992287844,-2.9902312332284,-7.436807058564668,310,321,221
2025,20242025,289,Temple,American,32,17,15,1310,68.6,44.8,1875,840,48.8,1278,624,36.2,597,216,73.6,848,624,1165,806,359,14,351,0,4,575,283,405,1002,2520,45.2,30.8,0.16,50.6,44.6,1959,874,50.8,1248,634,33.8,711,240,70.6,707,499,1135,766,369,14,350,0,7,636,320,359,1140,2487,36.1,32.5,0.16,50.7,64.75073705810395,12.17881262891519,55.49212185847513,3.787214623792633,5.714740192339395,44.315346631069524,50.79942548871786,33.52603273743974,73.63467300370914,10.175028625900298,9.599643275545583,8.738422764355917,12.235483373157258,31.39070033973499,1.1081079592795386,12.711256225038444,55.32329612581875,3.791106450840689,5.762448519473328,45.059591393843554,52.15074999706719,33.47264582796826,72.22220453633292,23.43386105084267,10.373867652125657,8.606531067141233,11.704763529460058,32.821702135937265,1.0988222628587394,71.75080710330157,71.14955141595702,74.69247879712339,74.6790588792872,78.92623313959575,70.49022398502314,2.165852828320003,72.20101612260399,72.1866287899501,74.30421320315097,70.10650090910835,1.067471366921495,2.491462674519397,4.6220199364447865,0.38372307591478716,100,147,99
2025,20242025,292,Tennessee,SEC,38,30,8,1520,62.3,45.2,2138,967,54.0,1211,654,33.8,927,313,74.5,760,566,1382,945,437,34,397,0,7,579,291,552,1144,2813,35.5,31.6,0.17,52.5,38.6,2161,834,46.6,1198,558,28.7,963,276,73.9,610,451,1202,792,410,37,436,0,5,674,252,416,958,2397,28.2,34.1,0.18,45.0,67.07957826463195,16.431603220711686,55.2777189150704,3.7518851849224166,6.981494874493383,45.722311035957595,52.09447869168388,33.6101400440279,69.3496639125362,14.872328589200272,11.849437064067613,10.503559132877328,13.152209267081536,37.28944826766098,1.1500668496006194,11.58134009470189,53.36724823138276,3.5304889365229184,7.131763941957751,42.18585464689729,50.425910288858,32.87589853362052,72.20992642631884,25.981229920709303,11.007643157369825,9.654053444368103,12.560637634835732,27.46854742971171,1.0528805823031895,77.14599924734345,70.62678542391807,80.71751196729382,80.71693412056366,85.02930930388338,76.42888963695387,2.1932619201250056,70.47695083814011,70.47713228871913,72.60718971662247,68.37245925656278,1.084906271317996,10.240561129153704,12.422119587260909,8.056430380391092,13,18,50
2025,20242025,290,Tennessee State,OVC,33,17,16,1350,68.8,46.3,1964,909,53.4,1291,690,32.5,673,219,68.1,793,540,1338,910,428,26,505,0,13,627,310,523,1210,2577,40.4,32.0,0.22,51.9,41.7,2010,839,47.0,1288,606,32.3,722,233,67.5,751,507,1130,750,380,26,427,0,15,637,405,535,1058,2418,37.4,33.6,0.18,47.5,70.42767297279448,12.928967499264063,55.09064700844463,3.2743750428975105,7.046864184139967,44.869677409655836,50.623558895272524,33.62271255743296,74.46896257557029,12.41385286198671,11.807922842708281,13.448522529927558,15.619371036825253,34.653203511396434,1.102374561163835,12.932417272272108,55.87351051267648,3.7173444756490404,8.526614158178733,45.29045840038737,51.71217152419725,33.793671269024074,72.22527095242027,23.698648157620887,13.674155536980063,11.321285684047853,12.839416773858133,33.137438676273526,1.0647211579063363,77.6376750871744,74.98583351624252,74.59200317215712,74.58254560799283,78.79126039820761,70.34529511699233,2.1487946774666105,74.63186167361603,74.63173865578443,76.73982036786008,72.52348456509786,1.0749226660581783,-0.03985850145890879,2.0514400303475355,-2.1781894481055275,173,154,196
2025,20242025,291,Tennessee Tech,OVC,32,15,17,1290,68.6,43.2,1874,810,50.3,996,501,35.2,878,309,69.8,543,379,1110,833,277,16,372,0,1,424,358,329,874,2308,29.0,25.0,0.17,51.5,43.8,2065,905,49.9,1349,673,32.4,716,232,74.8,440,329,1252,868,384,20,331,0,2,464,308,425,1108,2371,21.3,30.7,0.15,49.4,69.75651757172858,11.711468393688538,54.80105545031817,3.6017201626378688,7.189664588730494,43.981652123407834,50.92045174637455,32.553364515496675,73.1986213437161,10.620100633022526,12.661673633069347,10.03634872419084,12.081425468290862,32.111439874840755,1.0555598430006672,13.368284045883824,55.31770849083733,2.9191317315613916,5.750052857673313,44.8873257620196,50.99017213804454,34.14179503520707,72.23060566116628,24.27721117309686,10.731388878403616,12.067541130764255,14.435169137309524,33.00565940958561,1.0985972854784845,73.6321787362871,76.63432084873322,72.07945621077049,72.08505076955933,76.29605509389226,67.86974105054081,2.1527663478417174,73.68382178448212,73.68327750210989,75.7945769683121,71.57767463963808,1.0712500370474325,-1.6043655737116325,0.5014781255801637,-3.707933589097266,225,257,160
2025,20242025,295,Texas,SEC,35,19,16,1420,65.8,46.3,2067,956,51.7,1338,692,36.2,729,264,74.9,760,569,1248,892,356,17,348,0,4,656,396,502,1084,2747,36.8,28.5,0.15,52.6,42.7,2034,869,47.8,1294,619,33.8,740,250,69.9,792,554,1213,842,371,18,398,0,8,657,283,373,1038,2542,38.9,30.6,0.17,48.9,67.31809865793004,12.133700675067885,58.0669943071887,3.6199448190284995,6.355795400755444,47.023771621109276,54.27655462941911,34.42661191494569,73.64891700521792,11.675251508723326,10.597460842080228,11.727496588280788,11.607988093464316,34.1283796548917,1.178170320092093,12.405977712493117,56.01366828539247,2.919799596475157,5.647961277063153,45.324698764483045,50.923385179797805,34.030385881505865,72.23240403688573,24.729896309792235,9.322570098780142,9.66649004351665,12.158169834738372,32.033917919152046,1.1251291863724817,79.31218584380453,75.74155757113928,78.99672129367812,78.96085900129674,83.2284819476716,74.76659790601529,2.1644435973524807,75.61851741434636,75.61727992965739,77.74112740368712,73.51841574682075,1.078324744160322,3.378203879331764,5.48735454398448,1.248182159194542,79,40,228
2025,20242025,293,Texas A&M,SEC,34,23,11,1370,65.5,41.8,2050,857,48.6,1277,620,30.7,773,237,69.2,847,586,1395,852,543,19,414,0,9,595,299,510,1120,2537,41.3,38.9,0.18,47.6,40.6,1884,765,46.8,1014,475,33.3,870,290,76.8,672,516,1100,769,331,42,451,0,6,676,317,461,818,2336,35.7,30.1,0.2,48.3,71.85381878621047,17.076730692324123,57.168128515266524,3.7737612149607695,6.48372649698593,45.12513950493788,53.0466396527267,34.67573860379212,72.9529335364567,11.589986769816136,11.024192560982883,10.478809767154518,15.488753211078262,33.873327780710596,1.150088636247855,15.167859302576609,55.85473901275772,2.9836029845343925,7.620786371253054,44.80073240903164,53.19740226677293,33.177156256019494,72.23082005774417,24.897063045135592,12.970922858416053,11.494804429241547,13.010518392919009,32.558039634598224,1.0970881563835724,82.63826045703331,78.82997358128294,80.6256370825151,80.6173135758738,84.88847695413718,76.32997135234304,2.178259872730956,78.79581637618801,78.79267346551669,80.90533534996419,76.6684956781548,1.0723159296733984,1.8298207063270837,3.9831416041729852,-0.3385243258117612,121,20,331
2025,20242025,294,Texas A&M-Corpus Christi,Southland,34,20,14,1360,66.1,49.0,1976,968,55.1,1396,769,34.3,580,199,63.1,699,441,1237,857,380,26,407,0,7,604,435,529,1370,2576,35.4,30.7,0.18,54.0,41.8,1876,784,46.7,1170,546,33.7,706,238,67.5,719,485,1094,749,345,17,453,0,11,561,333,445,928,2291,38.3,31.5,0.2,48.1,67.61778564207437,12.543171706667888,54.64561801838599,3.864574306912273,6.915360975102486,44.579130549817464,49.610365162901374,34.52133299530452,69.61118602243415,10.760773584541052,12.555598277316992,10.049521218637215,14.41975727070636,32.1738201461765,1.045891265844016,11.956848123271351,55.26616720555155,2.8495981380476207,6.969355468103919,44.628007241832876,51.983845926408485,33.1893718871412,72.21843836015081,23.611412023759172,12.5600723637544,9.806616047870044,13.962204185149885,31.231889733124763,1.0478548397360974,70.72085141875849,70.85362393728562,70.8960557795606,70.89307289152389,75.14769826381388,66.65369632353833,2.168627153605765,70.12256022078938,70.1209109098034,72.21832879690662,68.03991445057856,1.0675644485495361,0.7734955587712165,2.9293694669072607,-1.3862181270402374,151,301,41
2025,20242025,296,Texas Southern,SWAC,32,15,17,1290,68.6,42.9,1974,846,48.0,1277,613,33.4,697,233,72.2,554,400,1188,825,363,19,443,0,7,539,347,470,1008,2325,28.1,30.6,0.2,48.8,40.6,1952,792,46.0,1135,522,33.0,817,270,67.9,667,453,1228,821,407,16,445,0,10,482,262,473,904,2307,34.2,33.1,0.2,47.5,69.26290722563323,11.440294147262561,54.915594436170636,3.14376922902694,7.309601964733085,44.71520677904524,50.79948614383574,33.26948045604786,72.93154336128747,10.178661598744815,12.914917903428591,12.406349519754574,12.27282974721819,32.6342495723084,1.0534265152926463,14.082374348172117,56.4725885147109,3.32710576107466,6.585392982291223,45.01112716954507,53.281433144090585,33.83935120110884,72.21984352324806,24.35575762949476,11.819292687513222,11.889897274345362,15.319752546946326,31.342554588877828,1.1174454815314028,72.96338299773666,77.39752271701259,70.65761683659754,70.67316007984661,74.78467655735234,66.38612970270906,2.138557606416178,77.5935840078376,77.59535870107152,79.70659276875874,75.46354533550121,1.075079865710432,-6.9359671712400655,-4.921916211406398,-9.077415632792153,332,308,304
2025,20242025,297,Texas State,Sun Belt,32,16,16,1310,64.0,46.4,1869,867,50.2,1349,677,36.5,520,190,75.6,681,515,1183,794,389,31,393,0,0,584,329,435,1178,2439,36.4,32.9,0.19,51.5,43.1,1830,788,47.0,1165,548,36.1,665,240,71.7,739,530,1048,699,349,14,371,0,4,558,353,431,958,2346,40.4,33.3,0.18,49.6,66.7408799402401,12.737879832947938,54.916920183442,3.9516449527178397,7.508966329565463,45.64355941349548,50.73138630020071,33.199619033369835,73.73308587083183,11.040708904065683,12.51163861202404,10.983413992269387,13.810247655738907,34.39349062139672,1.0581649591740938,11.550058396799686,56.1626784172402,3.516166179137552,7.620770535584547,45.19835954432727,51.5266590597697,34.60732858604871,72.22008607364471,23.751620095205734,12.38283971231404,9.318448027400859,13.015619351325249,31.573619239198706,1.0728787637353956,70.62286049720727,71.60487276089727,71.75530773049326,71.75501312699805,76.02124423369314,67.4910311839336,2.1735043663456723,72.19214097493413,72.19233895655216,74.29953803564962,70.06907145634914,1.0789553321475205,-0.43683324444087646,1.7217061980435204,-2.578040272415535,181,269,97
2025,20242025,298,Texas Tech,Big 12,37,28,9,1505,65.9,46.6,2274,1059,54.5,1263,688,36.7,1011,371,76.0,663,504,1371,933,438,20,356,0,7,585,376,509,1200,2993,29.2,31.9,0.14,54.7,42.6,2108,897,47.9,1379,661,32.4,729,236,71.3,705,503,1213,844,369,18,427,0,6,594,274,369,1090,2533,33.4,30.4,0.17,48.1,68.21822192452579,14.868119225392105,57.8242743257618,2.8491072241368665,6.256848213213298,46.155156026374314,53.27418728214908,36.11811033629616,71.03344843711312,11.294472758108986,10.952299276645826,7.357244182904117,11.994952227871298,29.790652453481872,1.1577919356693895,12.252588696334492,54.27618224477946,3.652017141271644,6.141832052514574,44.31686788466269,51.06181463403048,33.33584855291861,72.21715164162357,24.830098681240088,10.36294353591303,7.832393347539229,12.90768774694271,32.279586675565476,1.0908769886681204,78.98250720992071,74.41768850532024,78.90517416715649,78.90014966324593,83.15941998217069,74.67872216934501,2.155537122670649,73.21868966636332,73.20815704536673,75.33692499743152,71.11478117944884,1.0745327518253291,5.686484500793171,7.822494984739166,3.5639409898961674,43,42,137
2025,20242025,299,The Citadel,SoCon,30,5,25,1215,66.1,41.9,1685,706,52.2,919,480,29.5,766,226,61.7,582,359,1032,714,318,22,376,0,2,483,222,347,886,1997,34.5,30.8,0.19,48.6,46.0,1725,794,54.5,993,541,34.6,732,253,72.8,563,410,1095,786,309,16,326,0,3,492,294,444,966,2251,32.6,28.2,0.16,53.4,65.66465281421239,12.367650136502347,53.355861286397165,3.242585346549727,6.377119750806416,42.76246367272633,50.88564951293116,32.84291203644235,68.50352344011512,10.262124262996515,10.939332547380083,7.641733084784319,11.72026973251717,28.704045201294058,1.042771770211017,14.457524125055905,58.657298165752934,2.6667071446703012,5.50216525574746,48.01172892034835,57.425436402868414,34.73660279601586,72.2131681795863,22.574915061752296,10.090893202921308,9.510666126066313,13.773365538815103,34.20133731310707,1.166659595343137,68.4732462553681,76.60829728057661,70.81682293103437,70.80026245725841,75.04007783759603,66.61287293011814,2.1509362954299904,77.25535238190274,77.25561199588061,79.3793967992078,75.10007735259451,1.0925312246062358,-6.438529450868373,-4.339318961611767,-8.487204422476367,326,303,294
2025,20242025,300,Toledo,MAC,33,18,15,1325,68.9,46.4,2018,937,51.5,1445,744,33.7,573,193,75.0,715,536,1122,766,356,12,310,0,7,523,309,444,1188,2603,35.4,31.7,0.14,51.2,48.6,2019,982,55.0,1260,693,38.1,759,289,73.5,533,392,1151,817,334,22,359,0,13,611,368,367,1236,2645,26.4,29.0,0.16,55.8,68.93459394971275,14.9472555479297,57.7714807595906,3.334813662164421,6.221372094424141,47.69797749621995,53.856947699634915,35.578023618758,74.75676009230997,9.925903334264419,10.559301843597966,13.05595975282403,14.247579187208476,37.071111523515654,1.1428290073649159,14.46044498208565,56.62540424342319,2.89817973673121,7.463799573364461,46.724232871098714,55.34342650532459,33.97403502732528,72.21113827014626,23.19623116677649,12.309466676856601,10.891001643520877,12.766936811642015,36.93051432120756,1.1110529510839378,78.78045357665376,76.5899840396013,75.53720323605987,75.52660636588361,79.79322096679778,71.40034819189424,2.1415576501511486,76.10449780991182,76.11033566775876,78.23285702539806,73.98340183560713,1.0740706211068873,-0.567294573851953,1.5603639413997143,-2.583053643712887,188,122,250
2025,20242025,301,Towson,CAA,33,22,11,1335,63.3,42.1,1988,836,47.1,1238,583,33.7,750,253,68.2,563,384,1213,780,433,18,309,0,3,528,252,417,988,2309,28.3,35.7,0.15,48.4,43.7,1806,790,50.0,1111,556,33.7,695,234,70.1,552,387,1094,792,302,33,380,0,4,489,260,318,1000,2201,30.6,27.6,0.18,50.2,64.69548830606966,10.217177934960242,51.958934490188156,3.056523714399803,5.295421022286426,42.621503698072985,49.267966998265024,32.174191417172494,70.15026860995262,12.769382442235917,10.513034238402954,9.096221503129321,10.82527579157774,29.825338556960993,1.056814706731237,11.559017788651008,53.42145653613934,3.312016944427574,5.970299771197264,43.33539859012643,51.453342581734816,32.805428748238576,72.21299137999813,24.67760115827262,10.051278999768558,8.12176730805024,11.859392602973768,30.076946551020992,1.0532818013921075,68.37114350101318,68.14258046495908,68.7708401015366,68.78708240651866,73.08743525953545,64.43430309316915,2.2100301737069596,67.36654576012019,67.37473227412585,69.48884433231859,65.23324660542178,1.0834837428609945,1.404294341416417,3.5985909272168612,-0.7989435122526345,136,339,7
2025,20242025,302,Troy,Sun Belt,34,23,11,1360,65.1,43.6,1954,851,54.8,1076,590,29.7,878,261,71.8,741,532,1311,840,471,30,458,0,11,563,436,544,1132,2495,37.9,35.9,0.21,50.2,40.6,1950,791,45.5,1216,553,32.4,734,238,71.2,583,415,1128,736,392,24,462,0,6,594,342,488,940,2235,29.9,34.8,0.21,46.7,66.99510452010635,14.898012422433654,55.86168652019015,3.3802540504688823,6.754626283053604,44.114582496306085,52.186923738251885,33.64142078296121,73.3683864217808,11.974120183864928,11.887062879404674,10.129914999727333,13.476585360563067,32.960461954048846,1.108392667211393,13.370827652787781,54.46078277654603,3.3174397362507193,7.0904722148987185,44.29668196922595,52.31799233327177,32.82333693550843,72.2227935849858,24.98920180555107,11.676366005784725,9.43660093059042,12.602152423487931,31.64293976262623,1.0730672641499706,74.25688258914674,71.89025351883186,77.02485707696547,77.0333540595235,81.2119249665201,72.77004485497434,2.151703246008397,73.92450250399796,73.93736175297875,76.02997433403081,71.84553659099818,1.0688842058543278,3.100354572967518,5.18195063248929,0.9245082639761648,83,74,168
2025,20242025,303,Tulane,American,34,19,15,1365,67.5,45.1,1936,874,52.4,1170,613,34.1,766,261,75.7,692,524,1176,863,313,22,369,0,2,581,325,466,1108,2533,35.7,26.6,0.16,51.9,41.1,2003,824,48.1,1152,554,31.7,851,270,73.3,648,475,1223,835,388,32,406,0,3,560,355,410,974,2393,32.4,31.7,0.18,47.9,68.98214885980501,12.569347984494836,55.27534210274239,3.333034499299236,6.176508756849925,42.75381158176984,50.573154692842564,32.47488411559085,75.55828851010072,8.404745722411342,10.818060467776382,8.026866641929686,13.597978789718573,27.405364710078764,1.0575848070930034,14.50638150273781,55.49176865137904,4.206094222587717,7.248979832304962,44.343883477352094,51.09610804898669,34.04099856834768,72.22065270935497,23.1532132448119,11.596578794241408,10.363039959862297,13.226432160118447,31.979638487081097,1.1092196510396661,72.95447259475772,76.51635508623922,73.09652420761593,73.10310129452154,77.30652425906977,68.83549785001858,2.172597063002286,74.5064100996129,74.502263474638,76.65076891259933,72.41730016004652,1.0781072658133182,-1.4098858919969786,0.6557553464704426,-3.581802310027939,216,220,185
2025,20242025,304,Tulsa,American,33,13,20,1340,63.2,43.4,1910,829,51.7,1097,567,32.2,813,262,66.7,645,430,1178,857,321,24,377,0,0,514,325,377,982,2352,33.8,27.2,0.18,50.3,44.1,1988,876,49.6,1307,648,33.5,681,228,70.0,643,450,1220,854,366,14,331,0,0,540,311,460,1104,2430,32.3,30.0,0.16,49.8,68.05809829534358,14.93261974800848,59.098661574011246,3.1036549332391594,6.583330929240194,46.005004109509066,52.71694036305827,36.12506005198639,75.72857973316903,11.07723379306912,10.94877963577083,11.572930382535194,13.673878941236147,32.34090090512442,1.1874009535812924,13.0945509954045,54.55104942638683,2.5925247801023406,6.596269005381437,43.75904223528074,51.365997047853256,33.20490116375374,72.22759215051187,25.581907232172057,10.97858089195066,9.19517651482165,12.662623533274903,32.689508877232484,1.0783102783065743,80.8122508148203,73.38774691386813,82.04947804905856,82.05996481738833,86.296629578996,77.78186224735536,2.17482103905238,73.57555125144923,73.5713014119147,75.68859395080725,71.48088948468397,1.0762514784651271,8.473926797609337,10.608035628188759,6.3009727626713925,18,8,156
2025,20242025,305,UAB,American,37,24,13,1490,69.9,45.6,2437,1111,50.6,1716,868,33.7,721,243,76.4,753,575,1484,949,535,11,368,0,5,575,576,551,1444,3040,30.9,36.1,0.14,50.6,44.7,2310,1033,50.1,1511,757,34.5,799,276,72.5,659,478,1288,877,411,16,409,0,4,596,410,430,1334,2822,28.5,31.9,0.16,50.7,70.6414681109569,13.930011032698356,53.65459906633593,3.972558094518235,6.042793422382036,44.38829406680512,51.4539962654011,31.260491313335088,71.52111650251756,12.068543833792607,9.450423634784908,14.168260181783833,14.10972264266834,37.99247855915159,1.1001392175346025,13.500736278005874,54.11776658630845,3.4746942737119855,7.173347484077023,43.79423356712264,50.840530782428424,33.19115994223491,72.22743995993235,26.137681486591458,11.333886207921,10.7973892724598,11.089305504610522,33.54483294349129,1.0593007477895,77.71544945308369,74.83055999488475,76.02190431512575,76.02746886276464,80.35553241528493,71.7276213168732,2.1858433868005744,73.76004673380922,73.76612497018613,75.84630765748689,71.66025107155143,1.0660615997140996,2.2618575813165336,4.509224757798037,0.06737024532176861,107,106,161
2025,20242025,306,UAlbany,Am. East,33,17,16,1335,67.8,44.1,2043,900,50.7,1308,663,32.2,735,237,71.6,591,423,1116,724,392,21,357,0,7,575,368,526,1188,2463,28.9,35.1,0.16,49.9,48.3,1806,873,55.3,1180,653,35.1,626,220,72.8,647,471,1079,800,279,27,460,0,3,520,303,389,1182,2437,35.8,25.9,0.2,54.4,65.2519885378427,13.14681676609476,54.696760009191294,3.3146022548726366,6.731545911789983,45.459652822091726,53.02277750747564,33.715729719226104,67.98107520680308,10.902428302524608,12.006430968501945,9.838335344875615,11.68382522491401,33.58683463245484,1.071212158058385,14.183807127998051,56.503771040200824,3.82791009529502,6.71487425827889,45.304114738756034,52.15245209306873,34.34280277699171,72.22602344408278,22.643705585808423,10.76246042411298,8.884486312967455,14.077840525614121,31.214294346302196,1.1194302891252603,69.89872345922349,73.04505239491543,71.39516541269025,71.3945901513724,75.61339092488537,67.17038410559842,2.156948109734532,73.54844273838616,73.53621146228295,75.65498250381877,71.43850823742436,1.072736569640256,-2.1532773256959103,-0.04159157893340648,-4.268124131825942,240,283,153
2025,20242025,307,UC Davis,Big West,32,15,17,1285,68.2,41.3,1784,737,46.1,1159,534,32.5,625,203,74.3,670,498,1056,730,326,18,424,0,10,579,269,489,784,2175,37.6,30.9,0.19,47.0,42.9,1766,758,47.7,1107,528,34.9,659,230,75.3,668,503,1160,803,357,32,483,0,8,605,286,486,918,2249,37.8,30.8,0.22,49.4,69.82605286276333,14.782922002138307,56.68437047992209,3.301214313161895,6.603608993369375,44.689159094047824,52.154539703181776,34.089534041075865,73.8083073081142,9.126143548133072,12.601951201071104,10.075358023724947,14.532794610959872,28.90057099886126,1.0768944160480565,13.498552517681478,56.31958980755977,2.8314573332416377,7.243402208034896,45.24825461557431,52.333029846804656,34.01813727204568,72.23389161143984,23.874866848418954,13.658361097099693,10.591160717223222,13.88773500055674,33.07946930431068,1.0717063960552518,75.19528642258624,74.83302746431559,74.37747553283766,74.37845808928157,78.5474219538348,70.20623592987262,2.1380408292338315,75.02867777706562,75.02661858032994,77.16574625570622,72.92290993492874,1.075079674251928,-0.6512022442279601,1.381675698128575,-2.7166740050561202,195,163,211
2025,20242025,308,UC Irvine,Big West,39,32,7,1585,67.3,45.4,2238,1017,50.8,1456,739,35.5,782,278,79.4,819,650,1495,1134,361,23,495,0,20,616,413,537,1296,2962,36.6,24.1,0.19,51.7,39.3,2434,957,42.7,1524,650,33.7,910,307,72.2,543,392,1347,936,411,20,485,0,19,732,295,498,1028,2613,22.3,30.5,0.18,45.6,69.97422915366103,14.455034603421133,53.97948925195442,3.670137858591194,6.55675711453168,44.58270337882613,49.706829653692196,33.26087370679891,70.96426628304255,10.96159363618333,12.456082412671384,10.840105199799899,13.9955000637693,35.225084216846376,1.0454538194733776,13.67044155785484,51.82211116687974,5.2158077046898335,7.516953309822653,41.455914390255245,46.05793302783031,33.63120756352458,72.21908507126462,26.856219207768508,13.071742935337507,9.717740778875942,13.282521230708612,29.875725642598105,1.012011673102041,73.1548251334003,70.81473671982211,71.54843534118187,71.55586086610091,75.83983620760164,67.31531856532322,2.1589656640507733,72.34499397914958,72.33752044071701,74.48670730422809,70.22485534730193,1.0893796999736558,-0.7965586379677063,1.3531289033735447,-2.9095367819787015,197,275,104
2025,20242025,309,UC Riverside,Big West,34,21,13,1380,65.6,42.6,2121,903,49.2,1213,597,33.7,908,306,75.6,569,430,1270,843,427,18,384,0,6,616,270,448,934,2542,26.8,33.6,0.17,49.8,44.9,1997,897,51.1,1224,626,35.1,773,271,75.3,644,485,1178,847,331,17,377,0,8,547,298,409,1070,2550,32.2,28.1,0.17,51.7,69.21907225206482,12.749898943410473,54.584208744411576,3.1364720296119732,7.00521859140538,43.889362660349214,50.85585428043901,32.8243819960789,72.81033533595401,10.019604857674368,13.085549538782162,8.493344445882157,12.2619048725598,31.753452086922394,1.0319690625928042,13.929543839453839,56.45759382593725,3.9502193817629463,5.482227377648631,46.516162777305595,53.41747734107847,33.88062017347611,72.2170786722368,24.314631235000473,11.133243868212295,10.572955104809859,14.434169920603518,37.639363810064616,1.1111830594949599,71.43194110550691,76.91506048045207,70.47257023289954,70.4578262006109,74.65469884958932,66.28458800772229,2.132511090396308,77.44614217966884,77.44542241861814,79.55089115668177,75.3533237762781,1.0681141831823537,-6.973571946769297,-4.8961923070924485,-9.068735768555811,334,314,300
2025,20242025,310,UC San Diego,Big West,35,30,5,1400,63.1,46.4,2057,954,56.7,1022,579,36.2,1035,375,74.6,662,494,1185,868,317,23,306,0,7,576,456,714,1068,2777,32.2,26.8,0.14,55.5,39.7,1873,743,45.0,1044,470,32.9,829,273,74.3,544,404,1200,869,331,25,559,0,6,561,238,285,798,2163,29.0,27.6,0.25,47.0,69.17331783027748,14.688536994147425,56.0228696672021,3.3983907759672367,6.244788926023936,45.744820384587356,54.83832618793151,33.28092436437123,70.75302176720486,9.408374500226826,11.484753481988433,11.503590713060248,13.267786581468304,34.976675365191525,1.0821958861144614,13.97473312166202,53.397798232352486,2.71978393179175,7.193686930644914,42.4924522102222,50.23214792093295,33.01541942336318,72.22125973196253,26.612539911804625,11.708394068500583,10.30584408090729,12.156665023111625,29.123256222601473,1.0389323849332508,74.85907998481441,71.86640006715595,73.02866060721256,73.0279938637388,77.2314409337122,68.84328587519308,2.147951067169705,71.85282518364603,71.85239295436719,73.9507920375845,69.74011811491138,1.072033649155332,1.1758354235665252,3.280648896127687,-0.8968322397183073,143,227,87
2025,20242025,311,UC Santa Barbara,Big West,34,21,13,1360,60.6,46.3,1891,875,53.6,998,535,38.1,893,340,76.4,572,437,1153,850,303,25,416,0,15,575,353,472,896,2527,30.2,26.3,0.2,55.3,42.7,1934,826,49.5,1219,604,31.0,715,222,77.4,602,466,1124,791,333,21,389,0,14,588,295,463,1014,2340,31.1,29.6,0.19,48.4,66.28708133471414,14.083997926927152,58.38653896394999,3.1803788454001425,7.0167220994732995,46.083702391588034,53.46751124070365,35.14182959239669,75.30775670136173,10.212040264368733,12.429596740459644,8.680723185065753,13.116559715787231,29.969915404962546,1.1252516791050746,12.629534953601691,56.957488890626024,2.525399825436395,6.301591350389481,46.232689562484545,53.59176188012074,33.38270300393751,72.22695045753527,24.053790221791164,11.496757329394777,10.152651200208958,14.103910881791997,32.32280449764008,1.0884692599464114,74.58964957486174,72.15145036440389,77.26964736826162,77.26624124946036,81.42047177868545,73.08588463534569,2.141635019722306,74.68723701268195,74.69415653660067,76.8048451595226,72.52883342138357,1.089183118104251,2.5824103555796682,4.615626619162853,0.5570512139621258,97,69,198
2025,20242025,312,UCF,Big 12,37,19,18,1505,71.9,42.8,2318,991,49.4,1354,669,33.4,964,322,77.6,832,646,1374,921,453,11,458,0,11,635,440,504,1082,2950,35.9,33.0,0.17,49.7,44.8,2387,1069,51.7,1491,771,33.3,896,298,73.3,735,539,1432,957,475,21,476,0,9,699,406,539,1366,2975,30.8,33.2,0.18,51.0,68.63553127107501,15.236301654355978,56.000176498887974,3.725971554487468,6.3102682746339225,45.89994317861206,51.29446083780153,35.16299139686095,72.71996470036393,12.315275566398244,11.52191130422618,11.326364135415337,13.252983069304369,36.46686067479595,1.126609690425997,13.980651943801883,56.48221481246368,2.9682834700796463,5.713356201996831,45.52234104552061,52.9291493270246,33.91977712594149,72.23033021177464,24.56207108834839,11.080869700828242,11.387287467450136,13.375221680167929,32.477967952664905,1.117416973530209,77.32545463752966,76.69450762956266,75.79670967227182,75.77165223249038,80.05466000353206,71.59976559734785,2.1555505423718024,77.23852857139978,77.24113859830923,79.3393983770186,75.12371456394958,1.0780505629028962,-1.4418188991279663,0.7152616265134668,-3.523948966601722,219,113,293
2025,20242025,313,UCLA,Big Ten,34,23,11,1360,65.3,46.4,1960,909,52.8,1245,657,35.2,715,252,71.0,634,450,1110,744,366,20,360,0,7,589,272,632,982,2522,32.3,33.0,0.16,52.8,42.7,1765,753,50.7,970,492,32.8,795,261,75.1,599,450,1068,753,315,25,514,0,7,593,259,388,854,2217,33.9,29.5,0.23,50.1,65.05239572926615,15.557732816959524,56.92283429305128,3.194678110504753,5.341223666956848,46.110506581798326,51.52154832719633,35.78041007145314,74.04723265167628,10.147008911172593,9.562158965381878,9.018855213148722,14.043991426636175,29.686204043747715,1.1519713427523117,15.223719935738057,55.55129800865882,2.987911347070538,6.603844866035095,44.09144470912724,53.03307383036385,33.2282359907921,72.23473905954837,22.543595991404462,12.107372215085013,8.469316361994188,11.263019150145793,28.3397033134237,1.0928432007065498,74.93849565749748,71.09206836240031,76.7930146442097,76.8043021034291,80.96515186077242,72.57274012829103,2.1478163630587064,72.01618919647036,72.01448242479137,74.12749251489244,69.89770328978426,1.0817658408622306,4.776825447739341,6.837659345879985,2.67503683850677,57,86,94
2025,20242025,314,UConn,Big East,35,24,11,1420,63.7,47.5,2008,954,57.0,1150,655,34.8,858,299,79.1,618,489,1251,859,392,39,389,0,8,642,302,432,1246,2696,30.8,31.3,0.17,55.0,42.1,1889,795,45.8,1243,569,35.0,646,226,72.9,775,565,1041,711,330,17,359,0,6,563,279,407,992,2381,41.0,31.7,0.16,48.1,66.45855183430766,17.386301636972206,56.989945196860425,3.4864893289751024,5.88240598807006,46.687716343228516,55.36921382855062,33.86694370875266,72.04204661331123,11.577008705882617,10.964245487578363,9.13575766865882,13.265394433694745,34.73657479892632,1.1483960087973042,11.40606183209768,52.899148800390556,4.637585098299423,6.711197345883788,41.664801959130955,47.4551567927573,32.48738156663104,72.22783790551918,24.27873317199803,11.784937661007833,7.8850451349958,11.83513989025127,28.37392508626236,1.0241459106925683,76.32073567696767,68.06325409165628,78.5945161091117,78.60196092554315,82.87187847116216,74.33387560684085,2.163245154316927,67.448636407738,67.45193795491326,69.5882719733885,65.32584361798813,1.0793514975387737,11.145879701373701,13.283606497773661,9.008031988852721,6,45,8
2025,20242025,315,UIC,MVC,31,17,14,1260,68.5,45.5,1827,831,52.3,1111,581,34.9,716,250,71.9,619,445,1119,791,328,13,375,0,6,548,311,431,1028,2357,33.9,29.3,0.17,52.3,44.6,1850,826,50.8,1186,603,33.6,664,223,71.0,579,411,1043,749,294,20,357,0,6,539,233,404,1018,2286,31.3,28.2,0.17,50.7,66.81793818840086,13.962697962094937,54.65355261372634,3.7158717566812833,6.536187438118217,44.58044704732621,51.27470939428282,31.988042116163005,73.16343529795299,12.393554671530149,11.982004448023925,10.46714688739038,15.251612179925356,34.940794474559894,1.0878837538021924,15.517781597403738,55.40747105261378,3.6127892279570433,7.442754952610912,43.65437264028427,51.81811682767259,34.00466992515332,72.22809934276098,23.292809837779394,13.276622275797859,9.05948994262985,13.099488741287669,28.341225146936626,1.0643112207574548,72.69014941772039,71.11508136179307,75.40578546809368,75.38913655401483,79.64602899747396,71.13750283973813,2.1700822697990136,71.7490245430578,71.73543308327032,73.85415896645324,69.64233716168037,1.0742957609120654,3.656760925035883,5.791870031020721,1.4951656780577594,73,125,84
2025,20242025,316,UL Monroe,Sun Belt,32,7,25,1290,63.3,40.7,1920,782,44.7,1262,564,33.1,658,218,71.3,593,423,1155,795,360,16,374,0,7,448,271,436,894,2205,30.9,31.2,0.18,46.4,44.9,1982,890,54.7,1085,593,33.1,897,297,70.7,481,340,1195,834,361,17,364,0,4,495,411,440,1064,2417,24.3,30.2,0.18,52.4,69.43973029572247,12.295302111570551,53.73340060836341,3.6712149491075414,7.043030144940723,42.19955015245605,48.26102458274368,33.18024695235,72.24588807360234,9.623438030370748,11.902476890982747,8.68368687361582,12.736755696950953,28.05375371775631,1.0306546492662332,17.251888268546935,57.979269651594066,3.261710524921326,6.1699218066089765,47.684933508039656,56.42719107939692,34.70271934133772,72.21689078782705,22.979514109815725,11.343982987677206,10.888333864985624,14.38438331099837,37.10674092770173,1.1662115992263302,71.56838087307966,80.98141891801956,71.21188747472418,71.1989142497556,75.41610209201944,66.97746486624447,2.148236512148475,80.87622027409955,80.87112751783246,83.02934546026525,78.77121544302794,1.0801259480427743,-9.664332799375373,-7.613243368245804,-11.793750576783466,354,288,356
2025,20242025,317,UMBC,Am. East,32,13,19,1300,68.4,48.5,1917,929,54.6,1176,642,38.7,741,287,69.2,598,414,1027,789,238,11,364,0,7,491,383,481,1146,2559,31.2,23.2,0.16,55.9,46.3,2034,942,52.5,1328,697,34.7,706,245,69.7,564,393,1230,844,386,22,409,0,8,489,208,410,1234,2522,27.7,31.4,0.18,52.3,67.07154746622327,12.401303187815419,57.447652329699594,2.6584568822471573,5.720767455003586,46.31148987462009,53.48252228773422,34.69293507716711,74.57011019246363,8.596968010324227,10.048441183683995,9.828179838335174,13.174704974097136,32.98114608256481,1.12316700344116,11.417107100741525,53.45707597942515,2.6330863717798945,5.240913882719427,43.77862179330711,50.47079012411676,33.46129219258547,72.20870889604677,25.93760730497098,10.412334087374473,6.953116847119812,11.338785699746886,32.65035453948865,1.0485934450173842,75.33254898379951,70.33078502025405,74.02537551009617,74.01828124770941,78.23760236707564,69.77227286326261,2.153352944262148,69.63587994710689,69.63212069316376,71.75829393988447,67.5043318430422,1.0903784133669046,4.389495562989282,6.479308427191171,2.2679410202204195,61,173,31
2025,20242025,318,UMass Lowell,Am. East,32,17,15,1290,69.3,49.7,1843,916,57.3,1204,690,35.4,639,226,77.2,628,485,1145,871,274,13,401,0,9,428,269,397,1242,2543,34.1,23.9,0.18,55.8,44.0,2040,898,49.6,1317,653,33.9,723,245,69.2,477,330,1059,723,336,18,333,0,10,574,311,411,1144,2371,23.4,31.7,0.15,50.0,69.00053495884231,12.652176975771635,54.46425959506768,3.7078982146528747,7.6326785047045025,45.40196564593992,51.255921979383466,33.54727264692275,68.42374430942004,11.295706699154813,12.185881445230619,9.203303485053654,11.723394842291498,36.75362627442601,1.072675110997616,13.681525382962311,56.10260952959961,3.0792413436497847,5.492859879918247,46.58838706673896,53.22562114068884,33.94412845218388,72.22238882148176,24.26233647805031,10.275993820592866,10.201532973388936,14.975708811734922,36.95849538571113,1.1156528162241235,74.01515649587105,76.98064114780351,72.9757194938069,72.99550440603926,77.19151585145917,68.64879987465798,2.1759615988103254,75.98607862359842,75.98995317083192,78.0898353481716,73.88954009100864,1.0747708800527789,-3.01035912979151,-0.8983194967124319,-5.240740216350659,262,229,243
2025,20242025,319,UNC Asheville,Big South,32,21,11,1295,70.0,47.3,1993,942,54.5,1261,687,34.8,732,255,71.6,686,491,1125,763,362,16,334,0,8,619,421,522,1172,2630,34.4,32.2,0.15,53.7,45.1,1864,840,51.9,1144,594,34.2,720,246,69.1,758,524,1165,794,371,24,438,0,11,576,336,364,1092,2450,40.7,31.8,0.19,51.7,65.55336985633866,10.833705145925158,55.1842972221366,3.0290921075797743,6.399770726981139,45.12048937356854,50.843595899223786,34.38140779732899,69.59145519012348,10.076708042893046,11.834905891548459,7.968553183052118,11.407417290177635,32.1614950688353,1.0767691139938416,12.869497291941414,55.34502610095074,3.4569610542510856,5.492104066649927,45.10380020682973,52.76509349522976,33.75834685543391,72.20857951526854,23.82318654742422,10.740250962298678,10.798335049174256,14.141873229510367,33.837428015856304,1.1014302842681414,70.58584397952038,72.20246679560171,70.96532947468879,70.97148786286533,75.21761492328608,66.77933694011061,2.1615811426034806,73.0746761506407,73.07362300428788,75.18264534006194,71.0113921368938,1.072220540739943,-2.1093466759519117,0.034969583224139456,-4.232055196783193,237,297,129
2025,20242025,320,UNC Greensboro,SoCon,32,20,12,1280,64.9,44.2,1850,818,49.4,1060,524,37.2,790,294,73.5,547,402,1173,824,349,14,316,0,3,520,229,394,882,2332,29.6,29.8,0.15,52.2,40.0,1794,717,47.0,1046,492,30.1,748,225,71.7,604,433,1079,748,331,24,350,0,5,503,173,339,802,2092,33.7,30.7,0.17,46.2,68.36878534996352,12.546196351791178,56.08926993331943,3.210619686736442,6.151947097070192,44.76931133860016,51.123070301647,35.018068042643314,71.11845361047082,10.067330764809915,10.556960598419414,9.011896389028411,11.924513854708044,29.250536511554404,1.106640310718329,14.306602489118678,57.97138964135635,2.252691319506056,5.730223334992734,46.73917215613423,54.2663720075517,35.29612947159606,72.21924894212067,24.222400731313915,9.961965103795922,9.377751894178594,12.494197912918976,31.89513897533965,1.1580208317975336,75.65965386311836,79.17247767995178,74.51911810995644,74.52780242449447,78.7442943399959,70.30966061070724,2.1520809412850617,78.28288168034044,78.27288603646991,80.40629559704243,76.19189498426566,1.081544487029462,-3.7637635703840004,-1.6620012570465263,-5.882234373558418,278,158,320
2025,20242025,321,UNC Wilmington,CAA,35,27,8,1415,62.5,47.0,2067,971,54.7,1309,716,33.6,758,255,75.0,765,574,1358,922,436,17,385,0,4,585,357,487,1240,2771,37.0,32.1,0.17,53.1,42.8,2045,875,50.0,1166,583,33.2,879,292,68.2,611,417,1110,759,351,22,404,0,5,644,354,412,1006,2459,29.9,31.6,0.18,49.9,65.79091551812677,12.856180991831652,54.90437996964505,3.0325824182523733,5.556633531393443,44.00942400140516,49.92033531325091,33.74474433176452,68.84450773251258,12.501748135223613,10.166034841819345,7.907031889167709,12.955949397589727,30.481852902882636,1.123978932870877,11.868225148542418,53.27907946638495,2.5909854313712213,5.374974438503889,42.456186322720505,50.900157863051,32.45507966705701,72.23298693423857,25.570491948046655,10.170698418655533,9.70821983764228,12.204577219771492,27.77896310385814,1.0497861704597562,73.94760301666214,69.06639325281564,77.712898454811,77.70901140119264,81.9590548950249,73.43688732647375,2.1735894657145574,68.34786974868864,68.34781260248718,70.45280603651028,66.26159746742134,1.0706823684695992,9.36502870612236,11.506248858514624,7.175289859052413,17,58,18
2025,20242025,322,UNLV,Mountain West,33,18,15,1320,61.8,44.0,1826,803,49.6,1195,593,33.3,631,210,71.7,654,469,1119,813,306,25,352,0,2,528,273,456,1052,2285,35.8,27.3,0.17,49.7,42.4,1851,785,50.5,1048,529,31.9,803,256,71.2,593,422,1161,816,345,20,388,0,4,590,233,367,918,2248,32.0,29.7,0.19,49.3,68.47879203813835,14.100153418217193,56.657778218593755,3.077289455160191,6.563208057773235,46.45396193539643,53.84049725532765,34.45282294791245,69.51308805033625,10.529470924071155,12.029054210729358,10.709142807993361,14.669914591127222,36.272109691817604,1.1056870357301853,14.68569710873898,56.81102454584581,4.305595541541162,7.194823316538547,45.68568917455887,52.22570308147311,34.56451875673412,72.22554455917286,23.836636826312795,12.3271856666817,9.606493356878405,14.274722817096656,33.84543595879808,1.1115093366139146,75.71611257903301,76.11481671043337,74.9737321666597,74.97055173182824,79.15451429300583,70.71674133103107,2.154830921493758,77.85476053266311,77.85686554135421,79.9364577421241,75.73513293155918,1.069610749784626,-2.881028366003406,-0.7819434491182733,-5.018391600528105,257,138,316
2025,20242025,323,USC,Big Ten,35,17,18,1410,68.0,48.5,1975,957,54.8,1288,706,36.5,687,251,74.1,702,520,1110,810,300,18,431,0,5,622,272,499,1172,2685,35.5,27.0,0.18,54.8,45.5,2014,916,53.4,1235,659,33.0,779,257,75.0,696,522,1128,777,351,16,431,0,5,630,329,525,1114,2611,34.6,31.1,0.18,51.9,69.94657228692017,14.637986382456562,55.59927182573133,3.264605102635007,7.189710660540996,45.0133289652154,52.08061431187358,32.686032077434895,72.11333348619901,10.952258392426561,12.445764686429616,9.843535226322635,13.266170040733321,33.11030644596793,1.0875914153358164,14.59591418541403,55.28134742615682,5.0282701936008625,6.223366916740302,44.106730525609365,52.14877283058098,33.01274568365475,72.24240514967103,24.64073130361973,11.751535732275697,10.512101322914146,13.429641680663805,31.871506739513897,1.103640604690204,76.0732915514205,77.19587733474366,76.38615132480147,76.36383463472552,80.62210405660608,72.22309296580653,2.145732705967664,77.5474955600405,77.54060882264736,79.67730936521407,75.40809821532476,1.0863535661999184,-1.161344235239028,0.9447946913920049,-3.185005249518227,209,94,302
2025,20242025,324,UT Arlington,WAC,31,13,18,1255,61.6,44.6,1793,799,51.3,1034,530,35.4,759,269,66.1,658,435,1132,771,361,22,418,0,12,560,344,388,972,2302,36.7,31.9,0.22,52.1,43.2,1880,812,47.0,1237,582,35.8,643,230,73.4,635,466,1098,731,367,32,360,0,9,574,332,455,996,2320,33.8,33.4,0.19,49.3,67.46103045255828,11.372712039799953,54.29792609663845,3.4251553370390493,7.199217141575182,44.07073417890489,50.717896605715865,32.20515769871719,71.95805446637509,11.308764877007302,13.533596325395568,10.290029518371723,12.891338816993434,33.48357610500879,1.027530611323554,11.84788317696409,53.39271772379837,3.447853665069833,7.106070959830339,43.57910163503569,51.22076707943748,31.505614328269413,72.22174358703836,24.136707544718305,12.059952431745478,12.203221711268611,14.511525878648097,31.85314609210464,1.0265255727627738,69.31827386143411,69.25047292447931,70.54940693144258,70.55858220784064,74.76827279256793,66.29765967738312,2.1625768264640435,68.92032378370871,68.91930849200082,71.06873905033946,66.76873100018445,1.1002481312829073,1.6290831477338656,3.6995337422284678,-0.4710713228013219,130,310,24
2025,20242025,325,UT Martin,OVC,33,14,19,1350,62.9,41.9,1997,836,50.6,1048,530,32.2,949,306,69.9,682,477,1301,848,453,32,433,0,5,556,373,472,980,2455,34.2,34.8,0.2,49.5,42.4,1902,807,51.0,976,498,33.4,926,309,71.3,631,450,1156,808,348,34,436,0,4,545,323,520,846,2373,33.2,30.1,0.21,50.6,67.8950980665677,13.239461643367529,53.70952189444766,3.15932204474375,8.03076721127221,42.79227499261128,52.52055107026014,32.15242448253434,69.46853742581956,12.492632728542985,13.565940797796292,10.528793537581453,13.603706279572217,28.97035160143133,1.0412805951896738,12.472602834372351,52.48633937395826,3.900047287923888,7.913897526829862,41.86412870623422,48.39680315012639,32.782373580305574,72.21458283630992,24.597286298480032,12.926737163500462,11.22894064870005,14.74998864509104,28.0801559745165,1.0133388966532308,70.69784812521688,68.80074376293862,72.76598978656648,72.7491606432237,77.07016294395162,68.47231717952658,2.1899479830556245,67.88211692926514,67.88484477941213,70.01102900808011,65.76684316860776,1.0844394538178053,4.883872857301341,7.0591339358715,2.7054740109188202,55,236,13
2025,20242025,326,UT Rio Grande Valley,Southland,31,16,15,1240,68.7,44.4,1965,872,56.2,968,544,32.9,997,328,70.7,433,306,1165,800,365,21,417,0,20,510,447,480,976,2378,22.0,31.3,0.2,52.7,43.4,1920,834,49.2,1240,610,32.9,680,224,73.1,550,402,1156,786,370,12,396,0,12,440,346,442,1046,2294,28.6,32.0,0.19,49.3,67.40130846860407,15.301090731524944,57.57377266454996,3.2531028018481307,6.48868238191699,46.19916396265266,54.49966887490158,34.952198400919734,75.21492479463976,9.427219374577973,12.16227578592144,8.46056066278435,12.804946817227217,30.858335841012476,1.0927513731704932,13.968746904238394,53.348209483889796,2.915521759473633,6.102458685654205,42.90393415460843,50.51092583155781,32.760646188402795,72.21498829299277,24.75385665367527,11.12745689783344,9.60778650404789,13.251335633122164,30.346356960747475,1.0537618538269653,73.65287238255509,71.02492776223936,73.37395704516899,73.38153419892674,77.61524195298351,69.12745983221322,2.174579455826802,69.87154009130715,69.86980966809092,71.96996814640664,67.8000371050462,1.0640494396175748,3.5024169538618395,5.645273806576867,1.3274227271670185,75,207,34
2025,20242025,327,UTEP,CUSA,33,18,15,1325,66.8,43.9,1880,825,48.9,1194,584,35.1,686,241,71.5,701,501,1030,734,296,23,391,0,7,596,463,590,1076,2392,37.3,28.7,0.18,50.3,44.7,1787,799,52.8,1071,565,32.7,716,234,71.7,702,503,1210,856,354,23,528,0,7,556,297,424,1018,2335,39.3,29.3,0.24,51.3,67.37895133150772,11.505857166358775,53.4228774093409,3.0042738489426193,6.322757836953641,42.573437780850746,48.1381668727767,33.868092922270264,70.98187019180685,9.499814000148966,11.480383944960089,9.355053481139867,12.847251019492745,26.297489809382522,1.0257793239802826,13.087136468077137,56.1099880909613,3.431454341300022,7.039695551541566,45.067712114388435,52.303596576369806,33.8227113058785,72.22284812640154,22.896661142587256,11.91652140041939,9.882296523226422,13.649647626890468,31.25565723654333,1.0971157875180273,69.11593514733435,73.92251125220592,68.76770365196826,68.76610436280134,73.02020531126571,64.57467378368965,2.1535420293378467,73.25146186369759,73.25506069553884,75.38611727924241,71.12111830240146,1.07510973399778,-4.483758211729324,-2.3659119679767002,-6.546444518711809,297,340,138
2025,20242025,328,UTSA,American,31,12,19,1250,69.8,42.3,1929,816,47.2,1076,508,36.1,853,308,79.2,553,438,999,668,331,23,337,0,9,565,469,567,810,2378,28.7,33.1,0.15,50.3,46.3,1738,804,52.8,1071,566,35.7,667,238,73.1,733,536,1177,820,357,22,470,0,6,455,397,386,978,2382,42.2,30.3,0.22,53.1,68.51366685206365,10.820721006694955,51.12932964081403,4.111761547893536,7.676817196606803,40.91529601332854,47.232763433254874,31.667097009949423,71.37349090881031,11.608414669188846,12.044822674099882,10.329892850692016,10.883176833950202,29.130791935209608,1.001084094993343,15.654916500896343,56.48743997194902,4.052102626501444,6.3854132820221325,45.35854639996541,53.30018490369779,34.09966092849586,72.22638009477087,23.276175431072872,10.621990452118618,13.921191580179432,15.154615085579183,34.12704555418537,1.163342105214837,68.58794217527354,79.70483343166772,68.29901801666796,68.30885971392482,72.5801026098998,63.91346921531505,2.200920806275359,79.22006818188697,79.22515432104578,81.31464092605113,77.11616802205884,1.072298509693593,-10.921050165219015,-8.73453831615133,-13.202698806743797,358,344,339
2025,20242025,331,Utah,Big 12,33,16,17,1325,68.2,44.6,1961,875,54.0,1101,594,32.7,860,281,64.1,721,462,1311,894,417,14,409,0,5,613,277,420,1114,2493,36.8,31.8,0.18,51.8,42.1,1975,832,47.6,1179,561,34.0,796,271,70.1,658,461,1145,794,351,16,358,0,8,596,272,417,928,2396,33.3,30.7,0.16,49.0,66.29964729015421,13.609316807637391,55.72656580308808,4.0183510960196465,6.1074194321315876,45.20048152909782,51.75141009663997,34.443399746068124,73.55817364386257,10.152196093819787,11.516289196330106,9.488253951563438,11.13529442281125,32.44846562807034,1.0872365144721583,14.180439222051133,56.85847499061214,3.3081482925064414,5.550147588109337,47.19761900224786,54.07683683530078,33.97952341333416,72.2219333580399,23.57442347792249,9.559355888721077,10.367840533184006,13.801091679196338,38.049884674094656,1.1493747242742174,72.08339743048074,76.20313882359886,71.7921997973192,71.78765072628707,76.00708799382427,67.49914511149946,2.156958069304713,77.75738977553493,77.754865697083,79.88904241445863,75.65489830692705,1.0709268994213443,-5.965189978215733,-3.881954420634358,-8.155753195427593,320,267,311
2025,20242025,329,Utah State,Mountain West,34,26,8,1360,66.8,48.4,1970,953,57.9,1128,653,35.6,842,300,70.2,726,510,1176,781,395,11,364,0,3,617,444,577,1228,2716,36.9,33.6,0.16,56.0,44.1,1855,818,51.9,1043,541,34.1,812,277,72.1,649,468,1080,735,345,36,468,0,5,617,196,420,942,2381,35.0,31.9,0.21,51.6,67.28761926588297,16.6499702265773,58.917125272111164,3.3583901401700262,5.7899689892030155,48.28018153432242,58.143914955178275,34.06970272393306,71.3898513922707,10.758698016604116,10.57131158217632,12.555749048310714,17.117061393838746,37.76493132811127,1.1841914527206494,12.062028340440936,54.938555694121526,2.9337399888217184,8.135231108851844,43.34173146449434,49.4216646446509,34.14481002454646,72.22726913317969,23.471324661568737,13.436197885276938,8.318309971766052,11.907676708258741,28.62732773344775,1.0591156312747112,79.6814236085799,71.26536935575805,80.87541261512743,80.87663975410243,85.05816640259883,76.626400316553,2.16741465025842,71.1470796015932,71.14740651717874,73.2520880343538,69.01228454954142,1.0814201259196576,9.728333013534225,11.806078368245025,7.614115767011583,16,16,62
2025,20242025,330,Utah Tech,WAC,33,7,26,1325,66.7,42.5,1908,810,48.2,1170,564,33.3,738,246,69.4,631,438,1090,758,332,16,417,0,1,635,265,388,926,2304,33.1,30.5,0.19,48.9,46.9,1886,885,53.1,1293,686,33.6,593,199,71.1,758,539,1201,854,347,19,397,0,6,570,286,458,1170,2508,40.2,28.9,0.18,52.2,66.47224349898002,14.486018298790478,56.93589922450067,2.8590442653907617,6.995222492988132,46.443893998251326,54.28809628024076,34.59018636292399,72.74725200123854,9.57273758071038,12.27507819847447,9.34689122069668,13.788939406758683,32.37499256788264,1.0881497023256164,13.53350551130558,55.17223153321789,3.056275165550047,6.897971648932711,45.424244606565104,53.138137482285096,32.593993938882406,72.22383394153785,23.60816215173649,11.960776724672371,10.203711530471965,14.198817908856624,37.78992127956419,1.0978979548271344,72.33175197633099,72.97974019030144,73.27016753499274,73.26786875727822,77.46972450329753,69.08910098361821,2.1484005881239203,75.7228962560668,75.71715935257131,77.85015502619117,73.61303568209719,1.0816827992512124,-2.4527287210740667,-0.3804305228936471,-4.523934698478982,249,213,233
2025,20242025,332,Utah Valley,WAC,34,25,9,1370,67.0,46.8,1948,912,52.9,1336,707,33.5,612,205,68.9,806,555,1299,930,369,20,415,0,12,559,416,426,1298,2584,41.4,28.4,0.18,52.1,41.4,2006,831,45.2,1342,607,33.7,664,224,70.7,617,436,1133,802,331,23,406,0,9,669,335,423,1032,2322,30.8,29.2,0.18,47.0,69.22721063479274,16.9339648405903,57.718085573352866,3.1919912941401654,8.008657619496088,48.206158709703104,55.8627950443222,33.918741506456655,70.37568646632151,11.032132344254856,13.773685706561219,11.473875116672343,16.274427751212478,39.44485479193218,1.104579405101267,13.12874382328529,54.81741909789213,4.734253467236832,8.72581263094138,44.10467714021633,49.20237459632634,34.21199918570382,72.22726523946605,23.680813586261667,14.191679499261546,8.90458315896321,14.71687599762926,30.75184053409971,1.0379103099953717,76.46695113979946,71.85163565007262,77.88728657192355,77.88424224205367,82.19971678907541,73.60164880461028,2.1858677603900727,72.26789871044649,72.26767026764036,74.38051468293499,70.17266953380198,1.0809821264969224,5.619387861477065,7.819202106140423,3.4289792708082985,45,55,103
2025,20242025,333,VCU,A-10,35,28,7,1405,64.3,44.5,2088,929,54.5,1086,592,33.6,1002,337,74.3,670,498,1336,873,463,12,393,0,18,634,434,572,1072,2693,32.1,34.7,0.17,52.6,39.1,1911,747,43.8,1241,543,30.4,670,204,71.6,703,503,1169,790,379,28,481,0,17,601,246,421,940,2201,36.8,32.4,0.21,44.4,70.20830568107345,13.792581230781442,57.520849125831774,3.0904196518610685,6.402688926090466,45.48856670378583,52.767567704203636,35.08834546081106,72.22226093528919,11.034395612336068,10.810720795144373,11.13905754817373,13.561077772670158,32.45539810737106,1.1531911057483455,13.259505126329886,54.10981569412437,4.0568012272105465,7.1453103479190885,43.96374013110997,50.14344122743073,33.62219687320703,72.21661421737541,25.012750964263468,11.67201640345603,9.640728788717889,11.901925284293952,33.35629156370752,1.061146767388098,80.96359366107494,74.50131661726654,79.10434531071137,79.10027676671291,83.33510128720975,74.90333803517099,2.1481885071484403,72.67911368281193,72.68300459356489,74.79737514656347,70.59055957680216,1.0662494769495083,6.425231627899436,8.537726140646285,4.312778458368825,32,38,114
2025,20242025,334,VMI,SoCon,34,15,19,1365,64.2,42.6,1954,833,51.9,1022,530,32.5,932,303,76.1,687,523,1180,841,339,25,408,0,4,550,282,453,984,2492,35.2,28.7,0.19,50.4,44.4,2017,895,53.3,1089,580,33.9,928,315,65.4,584,382,1232,859,373,24,426,0,2,589,310,439,1020,2487,29.0,30.3,0.19,52.2,67.30985397560163,11.885644955530598,52.92079474622915,3.034466868959234,6.040800963976118,40.90782815397437,48.763490848878234,32.74247058237629,72.50091880698905,10.019032417169967,10.644709839779564,8.144061271310871,11.940403088700837,24.285618241940135,1.0349159541035649,17.013268695079844,58.83078803111447,2.3713225549930086,6.662571701824123,47.31941980282441,57.050267759958196,34.55877382855199,72.2224429282397,21.97256258032661,10.953919900028577,11.00369859909811,12.75779455606315,32.93662270718641,1.1861761471926067,69.66004174773138,79.8413432568761,70.182558594799,70.1625371804607,74.48933650490099,65.9253794596858,2.1810588970382603,79.88955942589448,79.8942666469249,82.00047449666846,77.78305261045304,1.0727419923311439,-9.70700083109547,-7.51113799176747,-11.85767315076724,355,319,346
2025,20242025,335,Valparaiso,MVC,34,15,19,1375,67.9,42.7,2044,873,48.4,1261,610,33.6,783,263,79.0,671,530,1172,832,340,15,331,0,5,559,232,430,1022,2539,32.8,29.0,0.14,49.1,46.2,1951,901,52.9,1239,655,34.6,712,246,70.6,659,465,1209,900,309,24,402,0,6,587,234,359,1166,2513,33.8,25.6,0.17,52.5,65.65398059583174,11.964115025764762,53.53994049669782,3.2026640958195656,5.428283176647922,42.48928685632386,47.322548719853515,34.47856143419504,70.85428773634955,11.708844687493833,10.800585399620934,5.890199866219019,11.887633855659459,26.958041461286726,1.0666476585248295,12.932311065667644,55.07403655357697,3.527532055001203,6.057264088684016,44.724591416741674,52.01108407653,33.06157855532523,72.22055717564992,24.037068898639316,11.43801483440686,8.169931433387225,12.523126688271796,33.61996274655077,1.0780203019036387,70.02966467537851,70.77632398309417,71.51551673223702,71.51865133909834,75.80328935662546,67.29727623593217,2.1791771647742433,72.93118666783225,72.93388969230371,75.03075183677711,70.827618084121,1.0744767834366264,-1.4156699355952327,0.772537519848342,-3.530341848188826,217,277,124
2025,20242025,336,Vanderbilt,SEC,33,20,13,1325,67.2,45.0,2033,915,53.5,1211,648,32.5,822,267,74.6,680,507,1143,765,378,19,336,0,8,592,382,601,1190,2604,33.4,33.1,0.15,51.6,45.9,1840,844,51.5,1146,590,36.6,694,254,71.9,709,510,1144,820,324,18,460,0,6,575,264,414,1090,2452,38.5,28.3,0.21,52.8,70.06340544913712,15.57588357939566,58.75621077492626,2.8896957182350107,5.665479765469548,46.36696368973929,55.848818920072326,34.71382763109245,76.75574315738889,10.727991855899475,9.895211450169734,11.288890118143248,15.91053790584867,33.76722673243776,1.1898105459323536,12.12397991426142,55.27300491832588,4.151531219508589,7.562169119367288,43.71202830207461,50.16923972030074,33.90830346454168,72.23476183148703,24.29129698513858,12.16981660440545,8.933901420965766,11.746464472112018,30.710580147613236,1.0888767603983633,83.36217868731768,76.29041394793347,80.30621447408159,80.32404115028501,84.45252029287492,76.09177721145397,2.1355824768308267,74.54273113911249,74.54452545034991,76.65036349845562,72.42132074476015,1.0704857308853164,5.763483334969095,7.802156794419304,3.670456466693821,42,25,187
2025,20242025,337,Vermont,Am. East,33,21,12,1320,64.0,43.4,1789,776,51.3,1014,520,33.0,775,256,72.0,543,391,1125,834,291,33,370,0,1,454,221,428,936,2199,30.4,25.9,0.17,50.5,41.7,1834,765,47.9,1129,541,31.8,705,224,71.5,492,352,1087,795,292,23,353,0,1,502,233,440,932,2106,26.8,26.9,0.17,47.8,63.950108052447234,12.531683271819716,56.45847267159161,2.870750194306975,5.737343691951439,45.62211821102895,55.12335918184111,33.716064420080414,72.2929095590901,8.980245886993673,9.842311431668902,5.221964111039078,11.500195962087744,30.56340506080771,1.112364042844988,11.791696204927279,55.23676829307357,2.810242080519377,4.942175658460526,43.77770961868025,49.83955870188986,34.31087323779527,72.22810617801191,25.286843898344188,10.03716821708488,6.714493248859091,11.281915636489456,27.270450387240885,1.0697391967035896,71.13580073359402,68.40993721713266,72.99128466216142,72.98666520620696,77.23170541721875,68.7094858655204,2.1672755524119833,70.18669740536012,70.18259539591638,72.31923761075606,68.05848310213996,1.088626375245258,2.804587256801298,4.912467806462686,0.6510027633804469,92,228,43
2025,20242025,338,Villanova,Big East,36,21,15,1445,61.6,46.0,2015,926,51.3,1134,582,39.0,881,344,79.6,588,468,1231,887,344,26,352,0,4,566,207,424,860,2664,29.2,27.9,0.16,54.5,43.2,1993,860,50.5,1080,545,34.5,913,315,69.3,605,419,1131,791,340,20,364,0,3,551,311,337,928,2454,30.4,30.1,0.16,51.1,67.59060733980961,15.113668907737354,56.39438075228253,2.7697725631379218,5.534229633222058,45.34558690906541,53.50075317583444,34.38582009925758,70.403590920547,11.349887428591632,10.487674482956242,9.004674703018555,14.386827639432052,31.08981178320407,1.1366728045123553,14.0790640250744,55.42097482359838,2.340519017808849,7.144894920504058,45.40101751612488,52.52430048625748,33.54528415810192,72.22320685242019,22.9329622015646,12.18647462966694,9.013531672531427,12.569381712021187,32.264062078993376,1.0749396545031804,76.82840520363477,72.65582410151507,77.37193039987149,77.37092053058993,81.66854745460323,73.11480025996592,2.172563678714154,71.60517558372642,71.60899751494813,73.71377611863184,69.51605021046775,1.0693523304970103,5.766754816145067,7.954771335971387,3.5987500494981646,41,67,78
2025,20242025,339,Virginia,ACC,32,15,17,1280,60.8,44.6,1656,739,49.9,947,473,37.5,709,266,75.3,437,329,937,721,216,25,323,0,6,490,131,356,770,2073,26.4,23.1,0.17,52.7,44.2,1732,766,50.6,1061,537,34.1,671,229,75.5,498,376,1054,750,304,16,309,0,4,438,213,394,982,2137,28.8,28.8,0.16,50.8,65.88978034918726,15.84515088411617,57.56127289092974,3.27928889154557,6.472219965143635,45.93332540089247,54.059265553833114,35.18251524978477,72.28991456921325,12.754065090199719,10.985175138215018,10.879887185959207,12.570023778141358,32.71751156235624,1.1744686021117139,12.372628963638995,52.51757852797628,5.684691771337704,6.357313642068979,41.48557814868419,47.07532439222475,33.21096896832948,72.24454751509369,26.177079594165708,10.572299161040807,9.289740221001821,12.516096886622353,28.29880383046784,1.044448095869051,77.38547822015784,68.81845562293864,80.80228393595158,80.81705179240527,84.98993378800542,76.54173118820688,2.1606526495018503,70.58657578029108,70.58522992896783,72.7119995335852,68.48811527018493,1.082935688741218,10.215708155660494,12.277934254420217,8.053615918021947,14,17,51
2025,20242025,340,Virginia Tech,ACC,32,13,19,1295,61.3,44.2,1778,785,50.3,1059,533,35.0,719,252,71.4,548,391,1066,741,325,23,430,0,3,544,162,375,902,2213,30.8,30.5,0.22,51.2,45.5,1820,829,54.6,1071,585,32.6,749,244,75.8,579,439,1029,723,306,14,346,0,6,479,249,497,1008,2341,31.8,29.7,0.17,52.3,67.44244061638032,14.004057816828615,56.15593197861344,3.4161099755557545,5.780063784608298,44.95864427314505,51.49686954185978,34.555160020549174,73.43918812369965,10.825603312775728,10.712988094575797,8.47449620879508,14.165827593935886,32.732103833195225,1.124922661547844,13.117930820750711,55.297732194562066,3.1727207960830017,6.401510798880262,45.30450239738545,54.08132765711636,32.86485886689282,72.23122769268463,23.679214755105654,11.859900647270084,6.418160714440262,12.124824150607429,34.53834565809698,1.0943638561048243,75.86752979946097,73.80656937806259,75.56749141142244,75.58252421682612,79.83001737401648,71.28138000769447,2.1725554068449457,74.33251846419611,74.32786497277864,76.43579381152686,72.2394067875449,1.0745656721255556,1.234972947226325,3.394223562489614,-0.9580267798504281,142,120,177
2025,20242025,341,Wagner,NEC,30,14,16,1215,61.3,40.6,1635,663,44.9,1015,456,33.4,620,207,70.6,483,341,1042,705,337,21,352,0,6,513,215,436,734,1874,29.5,32.3,0.19,46.9,42.2,1444,610,49.3,811,400,33.2,633,210,72.1,538,388,897,697,200,24,377,0,7,442,255,357,670,1818,37.3,22.3,0.2,49.5,65.90599714877827,12.317639358988389,54.25976734880951,3.5399058979275,6.936583914211912,43.591260749184855,48.5608841989621,34.83732637377386,72.68628128576917,11.360288263175871,11.70827096020792,7.894657135970659,11.874880735361058,30.347063660792355,1.070399390177644,13.474169904888122,55.16687967695315,2.633739354630639,5.66879344721236,44.552947144101644,50.604515783014094,33.69776795511536,72.21897130485387,24.372897786776768,10.551021074359713,10.202787291014326,13.99120360121093,31.692150837122476,1.0850179746979203,70.5457391571018,71.50919154681431,71.45304018262456,71.44533943250593,75.68636638888314,67.2130335337289,2.1567733304424124,72.46228934382559,72.46447564415152,74.5576337551895,70.36811994346428,1.074559397053446,-1.0092491612010264,1.1287326336936445,-3.1550864097353752,203,281,111
2025,20242025,342,Wake Forest,ACC,32,21,11,1280,62.9,44.3,1782,790,52.9,1154,611,28.5,628,179,75.6,644,487,1061,777,284,18,362,0,10,529,237,449,1028,2246,36.1,26.8,0.18,49.4,40.2,1835,737,48.2,994,479,30.7,841,258,77.0,578,445,1134,776,358,16,427,0,5,579,275,409,794,2177,31.5,31.6,0.21,47.2,69.10404156183421,14.16917675191704,56.93576079284947,3.023656594531779,6.363209742972603,45.093723421858634,53.692885200338125,33.83764572219023,75.5512740092284,10.257777734565034,11.17633005473445,8.642180452994296,13.97268948721884,31.36601530514026,1.1167959054754173,14.78068527580763,56.36622830066861,3.467959793866374,7.441552786395961,44.6135077096813,54.306746678743686,33.634434410524854,72.23103545864474,23.224440381541417,12.151358542431078,9.210035886729045,13.642003378194667,31.027206934063525,1.1090967901079984,77.1751106680595,76.64307067972004,75.83909810707698,75.8354761949044,80.04200863156852,71.65419639649991,2.1530638286141275,74.67714517181523,74.67552739776991,76.81120905785346,72.56446378794915,1.082476115521763,1.161952935261752,3.2307995737150605,-0.9102673914492385,144,112,197
2025,20242025,343,Washington,Big Ten,31,13,18,1250,65.5,44.5,1771,788,50.1,1138,570,34.4,633,218,68.2,623,425,1011,715,296,14,373,0,2,570,228,382,992,2219,35.2,29.3,0.18,50.6,46.8,1757,823,53.1,1138,604,35.4,619,219,75.0,632,474,1056,778,278,13,367,0,6,536,240,423,1012,2339,36.0,26.3,0.18,53.1,66.35774340575954,13.776142752355145,55.55438564716082,3.4537587461886607,5.939190274103135,45.7295089259503,53.522187042503646,32.58807883755158,75.02178405386408,11.559664914313911,10.753358166025421,10.66617073189215,11.500962442723276,35.8670770072362,1.125420882998487,13.042804333190746,54.67045549043046,3.9749254681139083,5.868958011073062,44.25218636831679,51.05944057387675,33.67836376264925,72.22614438001607,24.969023274158065,10.206244449506103,8.0222447855136,12.070960679321205,30.44518875088112,1.09482042880132,74.68039017749693,72.64981308978162,74.67711762276231,74.6782855288302,78.95443029051016,70.44502067902384,2.1635929219849017,73.6168125018684,73.63091591640998,75.69263340471515,71.51864907444508,1.0667409740535907,1.060305120893915,3.2617968857950075,-1.0736283954212382,147,149,158
2025,20242025,344,Washington State,WCC,34,20,14,1365,67.7,48.8,1989,970,57.5,1159,667,36.5,830,303,69.8,635,443,1165,820,345,15,493,0,27,653,337,463,1180,2686,31.9,29.6,0.21,56.4,44.9,2110,948,52.3,1293,676,33.3,817,272,72.2,693,500,1151,748,403,28,418,0,21,619,400,565,1216,2668,32.8,35.0,0.18,51.4,67.76691827691931,13.5949730037869,57.44407462752222,3.161970567615239,6.815834212693305,45.95644244047997,53.77170026250069,35.217703345771504,73.71813324959905,9.797310591485271,12.465685959985084,8.97000964448523,11.986518117956011,29.94055259852685,1.1035244437019096,13.608682713241402,56.87331706964668,2.9896633071678744,5.728379779222831,46.043272518506605,52.55683607310142,34.133592032619916,72.23571899847435,24.142246477502947,10.335238757540983,9.793908360079788,15.065424400254402,33.12355575787481,1.125566582463082,74.78245079293015,76.27617860900705,73.60823067584786,73.61010838796372,77.82318118491597,69.34636895409396,2.162838937540172,76.66621685543303,76.66618306826534,78.74945062571568,74.60336459514879,1.0595024018565935,-3.0579861795851713,-0.9262694407997145,-5.256995641054829,264,193,264
2025,20242025,345,Weber State,Big Sky,34,12,22,1370,64.6,45.5,1903,866,52.2,1176,614,34.7,727,252,70.3,653,459,1140,851,289,19,373,0,11,607,309,395,1040,2443,34.3,25.4,0.17,52.1,43.6,1910,833,49.9,1103,550,35.1,807,283,72.3,683,494,1174,843,331,13,382,0,13,579,326,430,968,2443,35.8,28.2,0.17,51.0,70.22934499285638,12.94800837234981,56.25113535551586,3.9597233546785846,6.4277186755958695,45.73866403881518,51.85830770504997,34.06512091810683,72.16716719120922,11.132804585785214,11.232139772228306,11.698893780850359,13.262317585286599,37.00661381998527,1.12013785473397,13.939621603772308,57.64513511540554,1.9498617114928105,6.845265898488345,47.25070542296787,55.81466739575508,33.57421951180206,72.22659917979516,24.15130090442159,11.512178858508642,9.957733698201464,13.253927447177334,35.93989053695237,1.1164276840450336,78.66654783967003,78.40598498237432,75.76256201291184,75.76056083735506,79.94999446141377,71.5659606329319,2.142492687853062,77.77935050849008,77.78926094799233,79.910551258159,75.67620113840348,1.0825863435603316,-2.01678849557824,0.03944320325476269,-4.11024050547158,234,114,313
2025,20242025,346,West Georgia,ASUN,31,6,25,1240,63.5,43.5,1848,803,49.2,1291,635,30.2,557,168,69.3,528,366,1016,721,295,20,350,0,6,494,293,375,1096,2140,28.6,29.0,0.18,48.0,47.7,1771,845,56.6,1003,568,36.1,768,277,71.3,644,459,1126,829,297,18,363,0,6,475,385,408,1052,2426,36.4,26.4,0.19,55.5,68.69071065073537,12.730122082753617,53.9755261231991,2.7621104644571854,6.690896161142002,44.49994940969426,50.196308561532156,33.591124025371606,71.28445477507921,11.538989272247493,11.318564361465123,10.227865773524254,12.1192618201329,34.3952225767155,1.0704916637661115,14.296015199229071,57.13729716830522,4.35363145215326,6.452404823971501,46.736039947663315,54.791370755212384,33.91852666453796,72.2263210854174,24.386898177314098,10.718728303353203,12.91809098751538,13.45419483236843,38.17021974589669,1.124269244580272,73.53283312978226,77.2268533729843,71.91853284416904,71.91172503652943,76.20814944814767,67.72494322982699,2.156682685183429,78.1613744497767,78.15636235769995,80.29889621667586,76.05873009767375,1.0788058783523153,-6.242841605607666,-4.0907467685281915,-8.333786867846754,325,262,319
2025,20242025,347,West Virginia,Big 12,32,19,13,1300,62.5,42.5,1842,782,50.9,993,505,32.6,849,277,72.0,472,340,1064,776,288,29,344,0,4,532,295,477,874,2181,25.6,27.1,0.17,50.0,40.9,1780,728,47.3,1131,535,29.7,649,193,74.0,574,425,1171,825,346,22,411,0,4,460,226,361,930,2074,32.2,29.5,0.2,46.3,63.86815326091394,12.71638721149908,54.913097384945914,3.5327401128573976,6.333911025907937,44.314362063724204,52.55567488420982,33.11107732930261,69.13835773477682,10.330670792891258,11.09878243937313,7.401352137076799,13.282825013787164,30.417929183339464,1.0823167716885125,13.153824431883518,53.81038685910853,3.042738538567063,6.314825963815396,43.072439486149044,48.726012774127604,33.74975668517015,72.22754038513584,23.91687549967228,11.441153912354219,8.520554989245557,12.736730688573452,29.10125182573326,1.0415431784759759,69.12557345105952,66.52143935076307,73.34650292203449,73.34319831397889,77.56515854862845,69.13834948217797,2.145236432237729,67.48086066701322,67.48376111391781,69.57343802729397,65.37608491242237,1.0695581999938388,5.865642255021271,7.9917205213344715,3.762264569755601,40,209,9
2025,20242025,348,Western Carolina,SoCon,30,8,22,1215,71.2,39.4,1828,720,47.9,936,448,30.5,892,272,74.4,508,378,1153,842,311,20,421,0,2,509,221,289,802,2090,27.8,27.0,0.19,46.8,43.0,1910,822,51.5,1064,548,32.4,846,274,74.1,611,453,1173,840,333,15,305,0,1,444,382,458,994,2371,32.0,28.4,0.14,50.2,69.32137935219322,12.404002777720407,54.831335308575966,3.0144046777864437,6.276814156964826,44.155508796435036,51.60668033439105,33.670100811599816,70.08155799211954,12.638852384255042,11.573543836879837,7.843912951085164,12.274250595524304,31.608491392930816,1.1148266882853808,13.108893276055397,57.69367583614072,2.620522311801883,6.01003568545147,46.266376977523755,53.70189181637102,34.582625553471736,72.22498315312198,24.493437286723058,10.514747367916762,10.335645694758117,13.468953071463762,30.7107472043651,1.1311672939578898,77.28132377058014,78.41407709524874,74.8943417020908,74.90784263542054,79.1636845919191,70.64644782313341,2.1662004891904387,77.27015273476667,77.2705288148985,79.39670948156675,75.15677647268551,1.076543360564627,-2.3758110326758697,-0.2330248896476519,-4.510328649552093,245,139,295
2025,20242025,349,Western Illinois,OVC,31,12,19,1250,58.2,44.0,1759,774,47.9,1098,526,37.5,661,248,69.2,483,334,1079,762,317,32,373,0,3,443,209,299,832,2130,27.5,29.4,0.2,51.1,43.7,1830,799,48.9,1178,576,34.2,652,223,72.8,536,390,1063,732,331,22,295,0,3,440,277,431,972,2211,29.3,31.1,0.16,49.8,66.90600494407012,9.168043504168736,51.22240835398458,3.6744097508477913,6.675624989735342,41.26710368187672,45.86662379966356,32.21921485064752,68.5301062207368,9.912652713760473,11.71907789174209,8.096998347643906,11.275950627539368,28.19344369534818,0.9864119637801556,13.587424933043536,56.997775974357346,2.359367085478374,5.437472125640642,46.97322800181863,54.28494639440544,33.766418204742074,72.22242515549246,21.88218732247278,10.502098253647143,11.500115824675735,15.638330327127374,36.625574583044674,1.1549890201557573,65.99688372556501,77.2757010928878,66.43011855288793,66.44260145575024,70.66957389316171,62.16077906773609,2.1767515067892353,76.29125654100348,76.29290986510807,78.39700059424501,74.16410753240228,1.0825753558111442,-9.861137988115544,-7.727426701083303,-12.003328464666197,356,358,256
2025,20242025,350,Western Kentucky,CUSA,32,17,15,1285,72.0,42.2,1997,843,48.4,1200,581,32.9,797,262,72.4,617,447,1188,891,297,15,352,0,2,585,332,448,1010,2395,30.9,25.0,0.15,48.8,41.0,1926,790,48.8,1074,524,31.2,852,266,73.9,739,546,1297,947,350,28,410,0,3,521,220,389,854,2392,38.4,27.0,0.18,47.9,69.95113193519238,13.091161408019568,54.304250599678056,3.9930920980360827,6.059478950350866,42.4932122723291,47.31092374404912,33.3526316411294,74.33500488750887,12.056523769057366,10.48487583465516,11.533830549947352,14.507306077020647,30.96665225561152,1.0980563698957178,14.288639312205847,55.91966962385241,2.5193928820121085,7.21636462082656,44.35424549695656,51.58556890913321,33.890484847750855,72.2122611742122,25.24392804001122,11.960294383386524,8.25346526525636,11.822871134914287,29.69773437052541,1.0871577173341163,76.81028600285376,76.04791291960134,76.48396750832148,76.47923587284983,80.79933134520138,72.22662801387793,2.1681512668152294,75.94241507937701,75.94317796655426,78.05943875226103,73.8413050486945,1.0698256858563493,0.5415524289444704,2.7398925929403504,-1.614677034816566,160,92,239
2025,20242025,351,Western Michigan,MAC,32,12,20,1280,68.5,42.7,1992,850,49.6,1330,660,28.7,662,190,67.2,616,414,1206,784,422,20,352,0,4,574,378,432,1148,2306,30.9,35.0,0.16,47.4,46.7,1859,869,54.7,1097,600,35.3,762,269,69.3,615,426,1114,811,303,15,378,0,3,552,366,408,1074,2433,33.1,27.2,0.17,54.0,68.07344615970472,12.83210903019579,54.91136518450684,3.9180484666176643,6.529376601045428,44.042411005668306,49.341316639887005,34.6019090185472,73.45467386733601,10.751207485248502,11.71413954538813,10.605646747851253,11.93265245070565,30.398545202526314,1.080984764809296,14.593339776489202,57.16547024830812,2.684352309506035,4.61544545234275,46.01348007835927,53.87131313222883,34.38763820891135,72.2183589774351,24.83497997172351,9.7727116964512,11.239265485847444,14.246391939019967,32.618870411205904,1.14797454770708,73.58635818670668,78.14658356604929,72.07238293800964,72.07346203247285,76.28336130793959,67.85434905436523,2.154024073627842,78.61212889588793,78.61525481443005,80.71691215672912,76.49671565722142,1.0739557353838083,-6.539745957878296,-4.433550848789537,-8.642366602856185,327,258,326
2025,20242025,352,Wichita State,American,34,19,15,1370,69.1,44.6,1986,886,50.2,1433,720,30.0,553,166,72.6,686,498,1282,893,389,13,377,0,5,501,338,421,1312,2516,34.5,30.3,0.16,48.8,43.3,2034,880,49.3,1244,613,33.8,790,267,67.0,560,375,1160,802,358,26,356,0,3,535,270,405,1018,2485,27.5,30.9,0.15,49.8,67.72182048972938,11.712005949225649,53.872169773335365,3.403403356263503,6.181199525940511,43.93101104998949,49.49154186110372,33.50810712298832,69.84885030422197,13.928803130149525,10.590605326126617,7.668296897445954,12.787957992723529,34.437435647189616,1.1163290286547576,11.553503259906336,52.943618277362816,3.597717579886853,6.12264833455058,42.91136010190954,49.02925455145156,32.895680498673066,72.21285107233906,26.343436233782022,10.992653455851697,8.822063778516103,11.841658290235213,30.661832412436965,1.0422615079921118,75.59983408603146,70.58384674759644,75.47583231147185,75.46928370563904,79.77775772533036,71.2133966741021,2.1932401455780015,71.34788700802211,71.34509922371824,73.43285542856249,69.2709483522914,1.0643422379436114,4.127945303449735,6.34490229676787,1.9424483218107014,64,124,68
2025,20242025,353,William & Mary,CAA,32,17,15,1280,66.4,45.3,1858,842,56.3,898,506,35.0,960,336,72.3,646,467,1102,804,298,17,407,0,9,571,463,438,958,2487,34.8,27.0,0.19,54.4,45.1,1898,856,53.3,1106,590,33.6,792,266,71.5,653,467,1146,810,336,25,413,0,7,589,392,444,994,2445,34.4,29.3,0.19,52.1,71.00258223736002,16.812251639179806,58.42656801831268,3.258585110277412,7.075508484513787,46.849447455114756,56.52613025544798,33.397019556183785,73.1855126187232,9.055641712356437,12.050948186901397,15.03560166366575,15.825084467715907,34.97042406333226,1.115231573573034,14.408400529678236,55.581650978436684,3.7182088285890127,7.701391591348557,44.527524985452956,52.671208460418235,33.677195628637996,72.22030166232248,25.128314901981106,13.677399535419136,10.183034679282535,12.685352713180263,32.34646277628396,1.0743706107798778,79.18432151631977,76.28308764530098,78.95560053234159,78.94551659625884,83.35747997073109,74.69877848662924,2.1960029032456023,77.34543624390135,77.3412482261608,79.44577368303659,75.24073399478334,1.0749443917054775,1.6101642884402452,3.9117062876945,-0.5419555081541034,132,41,296
2025,20242025,354,Winthrop,Big South,34,23,11,1375,72.7,47.4,2063,978,55.8,1259,703,34.2,804,275,66.8,970,648,1311,891,420,19,446,0,14,673,404,579,1374,2879,47.0,32.0,0.18,54.1,43.9,2088,916,49.4,1291,638,34.9,797,278,72.4,747,541,1231,841,390,15,489,0,19,787,303,510,1152,2651,35.8,31.7,0.2,50.5,71.2962980576373,13.753650154945142,55.67241675191858,3.615144273894278,5.795260303814364,43.44269805851258,50.61629338522314,33.3847330763258,72.57195941303002,12.837412965270062,10.756819738662804,10.108834389446207,13.565027294679062,32.4348988402288,1.129115575344928,12.064213062717055,55.874644487729334,2.8610808062473385,6.649641112504931,44.54113033502429,52.80415254257542,33.346516612165956,72.22665057211451,25.67993803715638,11.998949727056576,9.406353944437967,11.907620019089691,31.588107352418625,1.0830143048935714,80.50176060131261,77.21491068237695,79.11217258015182,79.11903548064066,83.41576359255754,74.85389622659908,2.185455501305075,76.07609891235317,76.07790541761787,78.15356124952939,73.9567715323148,1.078417817924883,3.0360736677986466,5.26220234302815,0.8971246942842726,86,36,248
2025,20242025,355,Wisconsin,Big Ten,37,27,10,1485,67.8,45.4,2184,991,55.2,1132,625,34.8,1052,366,82.6,746,616,1350,1003,347,14,356,0,8,612,264,429,1148,2964,34.2,25.7,0.14,53.8,41.6,2252,937,46.9,1372,644,33.3,880,293,72.9,624,455,1259,893,366,12,369,1,12,686,311,375,1044,2622,27.7,29.1,0.15,48.1,68.17245131707217,15.642441940863096,57.97043150288294,3.544628765651943,5.162447276695346,45.13438150669737,54.0164335766071,34.86393462496484,76.83176454852132,10.40033154397742,9.381006904220152,10.561464258071082,13.56375373035158,30.482161346581645,1.1797745862915574,13.908253244384287,55.33522819339009,3.1088996105648627,5.665260005503567,44.728285567326935,52.51001555633089,33.33027226249606,72.22662647491255,24.95938517197068,10.15139556796162,9.195892065210092,10.901587641003069,31.652648321562012,1.1065274741422302,80.42812554908016,75.43469036196403,79.33692192066943,79.3294103652843,83.58054201609394,75.10116758284875,2.1601633654814973,75.0678118618279,75.0758170360822,77.14303712655429,72.96800482322047,1.064117880288767,4.26911005884152,6.437504889539653,2.133162759628277,63,33,213
2025,20242025,356,Wofford,SoCon,35,19,16,1410,64.4,45.2,2068,935,55.3,1076,595,34.3,992,340,66.0,626,413,1330,882,448,34,383,0,1,592,282,428,1128,2623,30.3,33.7,0.17,53.4,43.6,1925,839,52.0,1028,535,33.9,897,304,69.1,679,469,1076,775,301,18,356,0,0,564,225,422,932,2451,35.3,28.0,0.16,51.5,67.30133413596286,13.87076012929761,56.15245567618346,3.2255116318669574,5.893748358383142,44.96556042439405,52.36587669467169,34.37889583743449,71.46956244669327,10.781481035201237,9.779079978288713,8.787569131055317,12.249188435523289,33.27491249826728,1.132760418050829,13.618854500221337,57.317052927220054,3.207871055147581,5.878639815618669,46.347917317829975,53.09909814773954,34.60364437999761,72.23632422740558,23.96033242453855,10.645673343943551,9.60723764115679,11.5992435343804,34.182559894400924,1.1274252126375293,76.23628739123183,75.87722094902733,76.9135561964168,76.88529809102492,81.15237752140452,72.7352148928956,2.156733363204752,76.72538724794127,76.73136155330045,78.82026466774066,74.61112981451355,1.0717879736328757,0.18816894847553556,2.3321128536638582,-1.875914921617948,170,81,267
2025,20242025,357,Wright State,Horizon,33,15,18,1335,65.0,49.4,1928,952,56.0,1202,673,38.4,726,279,70.6,521,368,1134,828,306,15,401,0,4,556,273,373,1148,2551,27.0,27.0,0.18,56.6,46.0,1953,899,51.4,1250,642,36.6,703,257,69.8,666,465,1078,751,327,15,336,0,8,536,287,436,1124,2520,34.1,30.3,0.15,52.6,68.21258850110219,13.21411967857755,57.8496475545429,3.447692172845971,6.662418104146896,47.35576693150866,53.776350023124024,35.474114987838156,73.28900514517659,10.813105022363015,11.26446320174336,9.096756537034985,14.110276003286645,37.11477892585234,1.1410186042678807,12.402068419825458,56.32597776646501,4.1420051278481065,7.045602994924022,46.05516594569908,52.85243781147743,34.06308851620105,72.23252947843032,23.654428834432508,11.581431038038687,10.168428654113656,12.729747020431041,35.775164187364474,1.0996511492056917,77.83183252502691,75.01005133553197,75.98076693592755,75.99718734815016,80.19425947879304,71.76563103172316,2.1579928222403804,74.88301665726104,74.87657647971047,76.99781537366707,72.77777050569064,1.0731424676767662,1.0977502786665099,3.196444105125977,-1.0121394739674798,146,109,203
2025,20242025,358,Wyoming,Mountain West,32,12,20,1285,65.3,43.8,1778,779,50.2,1068,536,34.2,710,243,65.2,534,348,1114,777,337,29,412,0,5,617,129,343,920,2149,30.0,30.3,0.2,50.6,44.6,1734,773,51.4,1081,556,33.2,653,217,72.0,714,514,1051,760,291,17,335,0,6,552,268,427,954,2277,41.2,27.7,0.16,50.8,67.85277047259738,13.983068194782861,55.953374463875846,3.544105206973235,5.937479753459069,44.58109838083371,52.318252824960894,33.32878754229821,74.03795778732967,11.580153220180012,11.22386759899918,7.79473690066914,13.332888032690695,32.5494621984236,1.1258418942334456,11.574259749899065,56.68051210451541,2.5613223584934213,6.609329649872058,46.021682335958104,53.40634725904754,33.471052289264854,72.22035908005267,23.523622359803845,11.475685816891863,8.38139594903431,12.65334323058052,33.09925097111714,1.096509602771549,76.39149163785625,74.40121439785685,76.39332899236071,76.40350052721608,80.55831381797323,72.23648499556285,2.143458441448754,73.92486172208157,73.92736054841298,76.00693082898046,71.80217726844388,1.0763539806579203,2.4684672702791346,4.551382988992771,0.4343077271189628,104,93,169
2025,20242025,359,Xavier,Big East,34,22,12,1370,66.4,46.7,1938,905,51.2,1210,620,39.1,728,285,78.9,711,561,1131,867,264,19,371,0,2,534,513,491,1098,2656,36.7,23.3,0.16,54.1,44.6,1981,883,50.6,1240,628,34.4,741,255,72.8,567,413,1112,816,296,23,418,0,6,605,300,397,1104,2434,28.6,26.6,0.18,51.0,70.20302844251191,16.817162019410627,55.05051541351919,3.6772592019457715,6.066558679393134,44.12655819053373,49.72229439355824,34.95265571320793,72.94972577256274,10.145461328652742,10.319179441287618,12.799445569775346,12.949246259151295,30.60526479490976,1.0930808468562518,17.675886973382383,57.182912801921226,3.8178085606093486,6.459630804789387,47.09256890865429,55.246325785438025,33.948200716571336,72.2152427130264,24.24108724429789,11.145041648869567,11.000377430147715,11.851994556987224,36.954852563071896,1.1234958479288482,76.73758578181445,78.87281096719296,75.01800571988798,74.99999292489119,79.32690970682856,70.72234621054245,2.1882942850479816,79.36463265911969,79.36565072291474,81.54111571834926,77.20974258427165,1.101881655947316,-4.346626939231712,-2.2142060115207016,-6.487396373729197,293,137,341
2025,20242025,360,Yale,Ivy,30,22,8,1200,68.6,49.0,1830,896,53.8,1239,667,38.7,591,229,72.9,573,418,1151,822,329,14,302,0,2,489,287,400,1146,2439,31.3,28.6,0.15,55.2,40.9,1766,723,48.4,926,448,32.7,840,275,75.0,508,381,951,668,283,25,339,0,1,517,340,322,762,2102,28.8,29.8,0.16,48.7,65.11046426832668,15.443542722469493,58.6016187935977,3.3526471560285778,5.5754057806195245,47.571209736416314,53.377880792044365,36.59882965601103,73.6920856514264,10.928258166554158,9.805520909383807,8.150303389009665,13.467414110733854,34.934456071125,1.1868530112677513,13.462856262358509,55.39509780210214,3.141379776374685,5.633157103310245,44.33226829034059,51.94849136666813,34.171758066394204,72.2261034571832,24.070936760733552,10.97155850863851,8.588410508429634,11.280776398448147,28.672819818847767,1.0954241550075337,77.27655058190484,71.32357530327997,79.37434905246985,79.36379928603402,83.56202045598671,75.06160051883937,2.162875657508224,72.39294048191769,72.3832366733843,74.51214025020855,70.32331321836357,1.0743106287264077,6.981408570552162,9.049880205778166,4.738287300475804,27,32,107
2025,20242025,361,Youngstown State,Horizon,34,21,13,1370,69.4,43.6,2028,884,53.5,1094,585,32.0,934,299,73.3,726,532,1239,864,375,24,415,0,4,624,405,528,1078,2599,35.8,30.3,0.18,51.0,42.5,2028,862,47.2,1351,638,33.1,677,224,70.9,702,498,1208,840,368,58,469,0,1,625,313,445,1112,2446,34.6,30.5,0.2,48.0,68.41677774628747,14.086954470387017,57.11940397650439,3.0117930280629768,7.177822171637199,45.567010009406395,56.11843079454282,33.924532531514544,72.56260888387875,10.34984550352206,12.649202711386462,10.610752284105455,13.507388598558306,31.525624538155068,1.0999877678112941,12.663844347969645,56.41022184730603,3.453995839360207,6.76427774689541,45.88141352856108,52.013479893239584,34.485438270150524,72.23434813477978,23.19998508648444,12.229906421535855,12.440871866292557,14.759644863275506,34.45701932631923,1.0936559460093633,75.25761863398017,74.82441578902838,74.30913314912831,74.3068769197844,78.55029119858736,70.06104946366497,2.156193285018586,74.11402017890472,74.11238429984675,76.17123433926311,72.02962872225409,1.0645657467207317,0.1951129702235903,2.379056859324251,-1.9685792585891164,168,166,172
