season,season_label,team_id,team,conference,games,wins,losses,total_minutes,pace,field_goals_pct,field_goals_attempted,field_goals_made,two_point_field_goals_pct,two_point_field_goals_attempted,two_point_field_goals_made,three_point_field_goals_pct,three_point_field_goals_attempted,three_point_field_goals_made,free_throws_pct,free_throws_attempted,free_throws_made,rebounds_total,rebounds_defensive,rebounds_offensive,turnovers_team_total,turnovers_total,fouls_flagrant,fouls_technical,fouls_total,points_fast_break,points_off_turnovers,points_in_paint,points_total,four_factors_free_throw_rate,four_factors_offensive_rebound_pct,four_factors_turnover_ratio,four_factors_effective_field_goal_pct,opp_field_goals_pct,opp_field_goals_attempted,opp_field_goals_made,opp_two_point_field_goals_pct,opp_two_point_field_goals_attempted,opp_two_point_field_goals_made,opp_three_point_field_goals_pct,opp_three_point_field_goals_attempted,opp_three_point_field_goals_made,opp_free_throws_pct,opp_free_throws_attempted,opp_free_throws_made,opp_rebounds_total,opp_rebounds_defensive,opp_rebounds_offensive,opp_turnovers_team_total,opp_turnovers_total,opp_fouls_flagrant,opp_fouls_technical,opp_fouls_total,opp_points_fast_break,opp_points_off_turnovers,opp_points_in_paint,opp_points_total,opp_four_factors_free_throw_rate,opp_four_factors_offensive_rebound_pct,opp_four_factors_turnover_ratio,opp_four_factors_effective_field_goal_pct,adj_pace,adjoff_assists,adjoff_true_shooting,adjoff_opp_blocks,adjoff_opp_steals,adjoff_field_goals_pct,adjoff_two_point_field_goals_pct,adjoff_three_point_field_goals_pct,adjoff_free_throws_pct,adjoff_rebounds_offensive,adjoff_turnovers_total,adjoff_points_fast_break,adjoff_points_off_turnovers,adjoff_points_in_paint,adjoff_points_per_poss,adjdef_opp_assists,adjdef_opp_true_shooting,adjdef_blocks,adjdef_steals,adjdef_opp_field_goals_pct,adjdef_opp_two_point_field_goals_pct,adjdef_opp_three_point_field_goals_pct,adjdef_opp_free_throws_pct,adjdef_rebounds_defensive,adjdef_opp_turnovers_total,adjdef_opp_points_fast_break,adjdef_opp_points_off_turnovers,adjdef_opp_points_in_paint,adjdef_opp_points_per_poss,adjoff_ppg,adjdef_ppg,OffVoA_MeanRating,OffVoA_MedRating,OffVoA_975PctRating,OffVoA_025PctRating,OffVoA_SD,DefVoA_MeanRating,DefVoA_MedRating,DefVoA_975PctRating,DefVoA_025PctRating,DefVoA_SD,OvrlVoA_MeanRating,OvrlVoA_975pctRating,OvrlVoA_025pctRating,OvrlVoARanking,OffVoARanking,DefVoARanking
2025,20242025,1,Abilene Christian,WAC,32,16,16,1290,67.4,44.4,1845,819,49.4,1362,673,30.2,483,146,71.5,666,476,1083,727,356,14,476,0,9,671,359,581,1164,2260,36.1,32.9,0.22,48.3,44.6,1675,747,51.5,1098,566,31.4,577,181,69.6,825,574,1074,762,312,28,547,0,5,570,306,459,1032,2249,49.3,29.1,0.25,50.0,67.69920004393985,12.546511312776794,53.604731728841095,4.026315345434738,7.879100219101257,43.26306359178011,48.98895675216393,32.56832163573393,70.94224341595148,10.7766631681547,13.60539475617729,10.77414158577742,14.75840494032898,30.145352517252743,1.013895827926116,12.588696481464362,59.39097622645886,2.796870627135356,8.86075236078511,48.639458167707474,54.02277773420851,35.96360906554318,72.22139793044128,20.84404069462591,15.074290757496334,11.839165228001253,14.707006597636388,33.26870212527131,1.0756457101719497,68.63993647848615,72.82035410933656,70.88366916864618,70.88320340420407,75.11361768696901,66.61518418701401,2.1668665089712547,73.41146323526652,73.40627235951013,75.6235908397817,71.2547423476847,1.1102023289622016,-2.527794066620345,-0.509973152812691,-4.639558160670688,250,301,147
2025,20242025,2,Air Force,Mountain West,32,4,28,1290,62.1,42.1,1616,680,50.5,833,421,33.1,783,259,63.5,572,363,956,720,236,43,432,0,1,571,174,336,768,1982,35.4,24.7,0.22,50.1,48.1,1758,845,54.8,1121,614,36.3,637,231,70.0,623,436,1096,802,294,17,327,0,3,558,302,535,1108,2357,35.4,26.8,0.16,54.6,66.61255771859838,12.34316431459717,53.03540834295338,3.4744377387845717,7.565799409224921,43.263099284541006,51.311149282776555,31.753269503418153,68.3543835878248,7.830915635582277,14.116852853986643,7.01058104565473,11.22903999005653,29.100976006454758,0.9525450254913961,14.988764614054997,58.78212414999747,2.5758563801763215,5.7782176601279085,47.878195898544135,55.06210941744254,34.97524525262623,72.22323165532676,22.50055038399322,10.363879863204117,10.853803530247758,16.67172102933759,34.32100026035308,1.1722074159481792,63.45146049010939,78.08373415301715,65.12978806033865,65.12131930963656,69.49905485632105,60.84210064610707,2.189154848320625,79.12239552072384,79.13024561730717,81.21728426101815,77.0015122410954,1.0758771298415875,-13.992607460385187,-11.718229404697098,-16.159411594988327,362,363,338
2025,20242025,3,Akron,MAC,35,28,7,1405,69.6,46.9,2259,1060,56.0,1222,684,36.3,1037,376,75.4,590,445,1348,934,414,13,414,0,8,623,462,555,1208,2941,26.1,30.7,0.17,55.2,43.3,2157,933,50.3,1333,670,31.9,824,263,71.7,692,496,1225,850,375,16,444,0,3,578,362,419,1140,2625,32.1,30.6,0.18,49.4,69.71414968064286,16.95476561404185,59.76448119893796,3.0451818308334717,6.4039067922013935,48.23791292865986,57.10604275543602,35.89863286817052,73.41320988232381,10.985500788855877,11.057214929959427,12.696761464346295,15.752959794868781,35.61085654679352,1.1991307156375512,13.41919306387811,55.43261977577522,2.995717551002151,7.051470922829736,44.26968289998541,50.62683935856614,34.427910768182606,72.21522582389858,25.24476450119032,12.691838935669212,9.28416719187734,12.461742642782218,30.510968257465198,1.0752733068567104,83.59637819661263,74.96176426180853,81.6772114562828,81.67990158732681,85.87340681042475,77.49339230113272,2.1424997883810617,75.40495563226906,75.40477955256377,77.52336528491219,73.30836426449437,1.0790488165202126,6.27225582401374,8.350041525512566,4.185028036638343,34,10,222
2025,20242025,5,Alabama,SEC,37,28,9,1490,75.5,48.4,2371,1147,59.7,1267,757,35.3,1104,390,72.0,932,671,1567,1108,459,23,469,0,1,702,500,453,1432,3355,39.3,29.3,0.17,56.6,42.6,2523,1074,49.0,1650,809,30.4,873,265,71.0,837,594,1364,902,462,12,382,0,6,759,346,459,1336,3007,33.2,33.9,0.14,47.8,72.82062015264418,15.955340964030654,58.3308452773806,3.7085875562152797,6.480587086514236,45.02863635596542,54.98497131167527,34.74937651921499,75.26741960720975,12.183801801013072,10.223041004863406,12.431016520211063,12.583694390541947,31.96324617272652,1.1964043527513928,14.032438400583482,53.776842771861475,4.579810643301976,6.432187839273476,43.680378404154624,49.555566575091134,33.64102645458552,72.20458264404793,27.205122275330847,9.814081072529387,10.725395629159335,12.32816139477428,36.33475914075312,1.1108766446139795,87.1229069206793,80.89472617387851,83.00370832744355,83.00601487000552,87.33556256318167,78.68881788909488,2.1837964626588606,79.04735371851959,79.04640242485887,81.18833632242855,76.9321844350435,1.088500754643092,3.9563546089239594,6.147226240753113,1.7566334540513822,69,4,335
2025,20242025,4,Alabama A&M,SWAC,32,10,22,1300,62.5,40.4,1966,795,46.4,1159,538,31.8,807,257,66.4,738,490,1172,725,447,27,513,0,8,687,428,491,970,2337,37.5,38.1,0.25,47.0,45.9,1816,834,50.3,1141,574,38.5,675,260,69.3,853,591,1198,828,370,40,514,0,6,599,441,555,1040,2521,47.0,30.9,0.25,53.1,67.35134285119412,11.606979624375226,55.18332715444301,3.1580150614343006,6.1778456923914105,43.77276049628345,49.01717157181814,34.54868313138015,73.05897925393708,9.515118022174315,11.269244089525728,10.485123971927818,13.124022067595982,28.5422593071131,1.065166446828095,14.256770498432427,56.25763612892312,2.8535983644290424,6.30424669620796,45.45548267322486,52.149065554131056,34.61503971413134,72.21941305750295,23.815721829375462,11.301687181632294,12.683637410286632,11.724145030308748,32.15289986690448,1.0999921514353646,71.74039055390726,74.08594852494588,71.48975304349146,71.47602630880024,75.68107394288577,67.27993333718611,2.151248304184879,73.91295082181315,73.91343344459683,75.97940667492716,71.84813279993568,1.0604033784228841,-2.4231977783216934,-0.29833273204138777,-4.5681994627495754,246,278,167
2025,20242025,6,Alabama State,SWAC,36,20,16,1445,68.8,40.5,2290,927,46.3,1312,607,32.7,978,320,68.6,665,456,1303,886,417,17,327,0,2,662,482,588,1026,2630,29.0,32.0,0.13,47.5,43.7,2044,893,50.6,1228,621,33.3,816,272,69.4,791,549,1426,1038,388,31,474,0,4,577,384,392,1056,2607,38.7,27.2,0.19,50.3,69.71587866443915,12.266275066859246,53.206000245445196,3.704681126992184,7.1604450718699875,42.59084730790658,48.69100465400891,33.005041820784655,70.39212227419625,11.842365510458599,12.57330395095873,12.324887270449569,14.178845247255605,30.332736601485347,1.0401642028624916,13.998659032685751,56.381703240721954,3.740542421969322,7.645382827870879,44.993801993513976,52.33789202925963,33.80297797737903,72.22173552277377,23.58817152065163,13.152735924069429,12.72995897902468,13.896585441957976,32.23815486244655,1.0906321918028816,72.51596135785452,76.03438155126102,71.58039077207367,71.59267263244647,75.78066865643684,67.34229276404405,2.146610926462484,76.15925935141271,76.16290134623983,78.25738500296822,74.06553802260969,1.0680173056101674,-4.578868579339044,-2.4767163465313757,-6.72324525856564,300,272,253
2025,20242025,7,Alcorn State,SWAC,32,11,21,1285,63.3,41.1,1833,754,45.0,1295,583,31.8,538,171,71.7,561,402,1077,707,370,29,415,0,7,545,310,421,908,2081,30.6,34.4,0.2,45.8,44.8,1795,805,54.0,986,532,33.7,809,273,72.5,585,424,1090,747,343,21,389,0,4,503,364,498,966,2307,32.6,31.5,0.19,52.5,67.8034546596328,11.914880820566621,53.11759601826854,3.7555011069731674,6.883643273655873,43.04383658999602,48.68187748923935,33.32288179804477,71.59588350421917,9.645722158358511,12.963555701943271,9.975314496182172,13.182478124776175,30.49563821953311,1.004577100721442,15.207229635054812,57.8346857184488,3.484340248694817,7.356572604464493,47.96528266717169,56.18804357725248,33.31898387351203,72.21856957624331,21.443051749423237,12.427974219311544,13.433866402385316,14.944247798178084,37.95639133827628,1.1372685543103,68.11379790087166,77.11073685800457,66.67314709971748,66.67291958998086,70.93643758749518,62.429824468281005,2.1727367446951864,78.43025154364899,78.43880398149034,80.54879354576764,76.31394869879334,1.082470410795773,-11.75710444393151,-9.61235595827246,-13.884124230512334,359,356,322
2025,20242025,8,American University,Patriot,35,22,13,1420,63.6,44.4,1893,840,52.3,1034,541,34.8,859,299,75.4,566,427,1057,787,270,31,389,0,4,626,311,503,966,2406,29.9,25.5,0.17,52.3,45.7,1863,852,52.5,1211,636,33.1,652,216,70.0,643,450,1129,834,295,24,418,0,4,548,244,455,1132,2370,34.5,26.1,0.18,51.5,67.10326181054293,12.748964740793308,55.581501644968625,3.185869414621488,6.1880081622542695,44.20302755306039,52.83978761173228,33.50372418367253,73.46641876080918,9.495961519404485,10.775970887706453,10.004082657381966,13.757874938568195,30.835319622340577,1.0867380551494836,13.555989266629442,57.64367273872598,1.8802661207614169,7.138417801425388,46.80120114289407,53.85457836556868,34.12700685666087,72.21994261292669,21.98799807273239,12.561039506250273,8.608942110113773,12.398572749651985,32.14667498842825,1.0910142467201038,72.92366823417605,73.2106146366914,72.43066190998228,72.42801676747926,76.6551836494936,68.23030533682528,2.1486577232047988,72.74929083147755,72.75274649222675,74.85635635918331,70.63466958207115,1.082443859996393,-0.3186289214952751,1.7988272903102853,-2.4043642452458727,178,244,116
2025,20242025,9,App State,Sun Belt,31,17,14,1245,57.9,43.7,1690,738,50.1,994,498,34.5,696,240,65.1,593,386,1144,841,303,15,335,0,1,414,184,326,906,2102,35.1,26.5,0.19,50.8,39.1,1861,728,45.3,1132,513,29.5,729,215,73.5,407,299,1113,773,340,14,294,0,1,522,188,325,872,1970,21.9,30.5,0.16,44.9,63.71067397192788,11.873300650805412,54.03533474222469,2.911151577472644,5.459560987099582,43.555922531071374,53.612541986335074,32.3209177954807,67.52771400444814,11.176054153613064,10.220494663383018,8.669948015203532,11.567806627901406,30.081174278623713,1.0849865984840024,12.25262597649996,52.869769694523995,3.4115409600837943,5.088017590884105,42.15874991180386,48.45180543494187,33.301636031092876,72.21655454371003,25.62716111625503,9.557076648164635,8.196045757298522,12.257270827932908,27.449439689725402,1.063826061128675,69.1252274399253,67.77707534340924,72.46710339353979,72.46540390210903,76.7553332235365,68.21402531530578,2.173681618753954,69.14781634521472,69.15082633861897,71.2505725087942,67.03271094761033,1.072219817928059,3.319287048325066,5.5047607147422895,1.1813143676954496,80,243,25
2025,20242025,11,Arizona,Big 12,37,24,13,1490,69.8,47.4,2268,1076,54.7,1481,810,33.8,787,266,78.0,813,634,1470,1014,456,8,421,0,11,625,509,512,1446,3052,35.8,31.0,0.16,53.3,41.9,2274,953,47.5,1335,634,34.0,939,319,71.7,678,486,1202,810,392,23,426,0,12,659,325,485,1060,2711,29.8,32.6,0.16,48.9,69.39721540143596,15.946815847010537,58.38317113631636,3.651708921468493,6.28658187674365,48.58311920464339,54.06461734574283,35.01566481211572,72.53404034637101,12.538055644176577,11.02127383303262,13.799676021606123,14.40656791133355,40.859200699117665,1.1818125189035147,12.78943369919055,51.128027528265385,3.9972043041351917,7.181494737208407,40.97329964721535,46.56787536876816,32.88587635563435,72.21772326420032,28.506973453731113,11.608952382293602,8.843983756321348,11.974225474304783,28.046742948502303,1.0026532980942195,82.0144979384608,69.58134690080473,81.42795692562217,81.41363090762633,85.73670845744084,77.17229614595492,2.1845593066190436,71.12765358003678,71.12671209196397,73.25917027532365,69.00313185982347,1.0842828384240648,10.300303345585391,12.477538182117186,8.169164286131448,11,12,61
2025,20242025,10,Arizona State,Big 12,33,13,20,1335,65.0,43.9,1892,830,50.0,1086,543,35.6,806,287,72.6,685,497,1122,833,289,15,411,0,28,570,382,418,910,2444,36.2,25.8,0.19,51.5,44.1,2024,893,51.7,1209,625,32.9,815,268,75.4,635,479,1226,864,362,19,377,0,20,598,426,492,1102,2533,31.4,29.5,0.17,50.7,70.12467592419577,13.644138968831797,56.00066897965123,3.4234114620280676,7.173874808641491,44.72450900416875,51.667436379000634,33.5366456139755,73.97162139473288,10.314982571437433,11.968947258735037,11.96387371799574,14.405404015179476,31.64046802993525,1.0853757272761764,14.955118446218561,56.4878911564435,4.303214720179728,6.898434363972085,45.41110148796726,52.404526342440185,34.243832270357295,72.22951206158409,23.163674068640308,12.756708985117678,12.442950449932052,14.303611236072234,33.34595916638998,1.1120193356874888,76.11162113123017,77.97999553652463,75.02558185447614,75.03464510249314,79.21245535794694,70.8415103690877,2.1437841770506583,77.35503480577441,77.36184760920206,79.42858457633346,75.27594669029298,1.0670193732642594,-2.329452951298265,-0.2161292183865271,-4.434436321205283,243,136,298
2025,20242025,12,Arkansas,SEC,36,22,14,1450,69.6,46.2,2115,978,54.1,1341,725,32.7,774,253,73.9,752,556,1283,940,343,8,415,0,7,584,440,508,1258,2765,35.6,26.7,0.16,52.2,41.5,2208,916,47.9,1350,647,31.4,858,269,73.0,644,470,1280,878,402,20,440,0,5,626,303,442,1150,2571,29.2,31.4,0.17,47.6,72.06844064410606,16.475454560778303,58.98215860842027,3.0016455498653904,5.3701480965929544,48.52683017531278,54.931892998111,35.787246014452066,74.04198012388171,10.87629547077093,9.528668517627072,17.361489861276333,14.231576137491487,41.20973790937576,1.2054681125032272,14.67662464299726,55.74462867005631,4.761681488555366,7.1872372511230935,45.82233721270878,54.15229971544579,33.361579248047555,72.22333864459335,24.797254781956738,11.460488196012715,10.558602374779168,11.167904420059873,38.512240495691,1.1119503760211151,86.8762071143014,80.13652967346916,81.05111709640826,81.05730614508741,85.3169092869266,76.81215244812353,2.1673311962543345,78.57012245261687,78.57259270469181,80.6989731282598,76.43721022816493,1.0908210720146887,2.480994643791391,4.617936158666808,0.3749422199585979,101,15,325
2025,20242025,13,Arkansas State,Sun Belt,36,25,11,1450,65.3,42.6,2313,986,51.0,1269,647,32.5,1044,339,72.7,752,547,1466,985,481,25,376,0,7,659,415,514,1218,2858,32.5,32.8,0.16,50.0,40.5,2156,873,45.9,1414,649,30.2,742,224,70.4,793,558,1361,934,427,23,435,0,11,600,299,401,1060,2528,36.8,31.4,0.18,45.7,72.99750094920286,15.051882184494065,56.248042038695104,3.375595142226226,8.221852693194379,44.580686147668864,53.22059258203838,33.137742247190246,72.77750463373407,13.53720672893686,13.883515878748046,11.156117021435797,12.423828580515242,34.670191516991025,1.1110045813270217,13.765698352714946,54.90970703060479,2.9058041545199456,7.098952442823459,44.189821604254774,51.21718458411521,33.43495067524913,72.21576201457279,26.621934812484074,11.164151819666065,10.402293880499045,15.945872163368444,32.22967761895709,1.0717574568101076,81.100557979988,78.23561597081107,79.13345432329825,79.12421588948247,83.40710244882209,74.81546652604281,2.1837281309722005,75.7215205139832,75.72288358989229,77.85573303499899,73.59629953360349,1.0823604195876744,3.411933809315059,5.551369413823096,1.2191669924393267,77,36,233
2025,20242025,14,Arkansas-Pine Bluff,SWAC,31,6,25,1240,67.1,45.4,1838,834,53.3,1142,609,32.3,696,225,59.3,589,349,1051,745,306,12,449,0,5,588,220,408,1166,2242,32.0,29.1,0.22,51.5,47.4,1888,894,57.1,1047,598,35.2,841,296,68.2,759,518,1192,830,362,10,385,0,6,505,321,543,1104,2602,40.2,30.4,0.19,55.2,70.98784496841749,14.073851619949625,55.833661357962455,3.1419112847537405,7.260569947497902,44.49665460257112,50.65251226295387,34.12239293840838,74.36756058932534,10.042730430653242,12.846786963187693,10.0352634513409,12.950790933222159,32.044951970213546,1.0690339415451846,14.365898252805868,56.90606301189181,3.0669578769755788,6.8422820174206835,45.74072945802216,53.57422300811216,33.20641023453383,72.23253179025005,22.86041876282139,11.846430009851812,8.581505224002733,16.097617314666838,34.270014167511974,1.127572499327316,75.88841570838585,80.04394177289853,73.60397366997123,73.59707114568997,77.79109344306761,69.40236409109481,2.131761096167371,77.50883109712302,77.5044499553828,79.58782196558495,75.3839373095898,1.068675060687767,-3.9048574271517964,-1.7967285225173413,-5.981573218494987,284,193,301
2025,20242025,15,Army,Patriot,33,17,16,1350,67.3,43.7,2042,892,52.6,1172,616,31.7,870,276,68.1,523,356,1155,819,336,19,331,0,4,514,314,429,1118,2416,25.6,29.1,0.15,50.4,45.8,1986,910,54.2,1154,626,34.1,832,284,70.0,527,369,1228,896,332,21,382,0,5,511,269,343,1072,2473,26.5,27.0,0.17,53.0,67.36716506086839,14.316553613244356,53.526009531365865,3.214200190163779,6.946157747038941,41.97450991222182,51.02667430648388,33.09398073245098,72.23212775372997,10.942584403108933,11.751754246847574,7.351570058448779,12.162173117403807,27.73842108936721,1.0495274605788716,14.267290125513362,58.45299907140646,1.9302658548959466,5.664648483399192,47.10595070256243,55.623455295538946,34.46248989471454,72.2300046930161,23.503789260025563,10.797461747454328,10.3079239692403,14.317760094142393,33.03139806832633,1.143946812961932,70.70368967273089,77.0644537696608,71.65723556955479,71.65614350099074,75.95710033858039,67.35998165422475,2.1700395663539824,77.62530824800598,77.62339759719434,79.72518650268273,75.53973150292772,1.0685358468784938,-5.968072678451193,-3.7680861641023427,-8.179749848702969,320,271,306
2025,20242025,16,Auburn,SEC,38,32,6,1525,68.0,47.6,2344,1116,55.7,1388,773,35.9,956,343,72.7,795,578,1423,974,449,14,359,0,13,703,367,577,1340,3153,33.9,31.6,0.14,54.9,40.8,2192,894,46.8,1418,663,29.8,774,231,73.0,848,619,1276,865,411,33,458,0,7,673,351,428,1172,2638,38.7,32.2,0.18,46.1,68.44088046039019,12.880699135245202,57.49267895261285,4.065296375126385,6.502233033372107,45.80090605392123,53.771698244977976,33.96675321393765,73.6510525680725,12.495325324761506,10.43034607724394,11.551439609616931,13.924224859968826,34.09939069918583,1.1818168454285205,14.341682595727061,57.487857293383634,3.97930044794424,7.24098745385932,46.185107065871705,52.65310274657197,35.03469982135365,72.23184150035193,23.192102431696302,11.29770408035901,10.663369703030348,12.947340448640436,33.301802116171714,1.138766486959797,80.8845854440488,77.93818100631395,80.52682681742759,80.51983747010789,84.75731985666401,76.24157681071237,2.1676283650741826,77.6407426236763,77.65482509321406,79.75174169001151,75.51762362205505,1.075510855395799,2.8860841937512873,5.005578166652498,0.723953188657319,89,21,307
2025,20242025,17,Austin Peay,ASUN,33,14,19,1335,59.1,42.2,1980,836,47.5,1170,556,34.6,810,280,71.9,570,410,1085,759,326,22,327,0,6,589,284,470,1034,2362,28.8,30.0,0.17,49.3,46.5,1867,868,51.6,1191,615,37.4,676,253,72.7,664,483,1233,894,339,22,390,0,3,486,329,399,1156,2472,35.6,27.5,0.2,53.3,69.35325173407126,15.180513403457894,57.13087478438724,3.2294336189880446,6.517446523732292,46.073106092634255,53.01468388441712,34.53934916391751,72.70604064573887,10.42257134279919,10.983452523173916,11.668411248803613,14.688032087384574,35.48039316831142,1.1287047975977382,13.699940252691276,55.62707495469751,2.511945368112802,7.995693220116336,45.223082748436255,53.4655459144269,33.42552886898189,72.21680976735804,24.523426334785814,12.44542530114233,10.082510442967372,12.451472200771716,33.50248596573003,1.0704764176300252,78.2793479612499,74.24102046728194,77.82757441614223,77.827986273038,82.07460151056421,73.65591582283368,2.1438984941069315,73.85819174333142,73.86902039850261,75.94986576886973,71.74245052981706,1.0704612992749836,3.9693826728108093,6.124735741694479,1.913465293016614,68,56,162
2025,20242025,18,BYU,Big 12,36,26,10,1465,65.8,48.2,2106,1015,58.4,1101,643,37.0,1005,372,71.0,632,449,1313,921,392,22,422,1,12,568,345,503,1192,2931,30.0,29.9,0.17,57.0,43.2,2048,885,49.6,1094,543,35.8,954,342,72.0,604,435,1109,783,326,16,409,0,14,595,298,531,888,2612,29.5,29.4,0.17,51.6,70.35709892494314,12.979536587304105,57.40300528933169,3.2236905529207847,6.401226445943909,46.524815825665385,55.11573072906083,33.89598727334764,73.9556131477194,11.810564055372662,11.044537513608802,12.427101318001021,13.715688586912616,36.39276317040069,1.1616164932604376,14.885766063514533,55.30541097938428,4.108614083808382,6.937342722849754,45.03555288130573,51.103579668904764,34.46620488021757,72.20524940049609,25.35590395767473,11.43966113983218,9.671894617380019,12.279411031819759,31.98047072170113,1.0896114528314247,81.72796652917016,76.66190077661157,77.44664186405859,77.45794000946765,81.63880369752694,73.21061919125049,2.1465584906581894,76.37753748767119,76.36808550506834,78.47808732153521,74.27114057987849,1.0794981495105198,1.0691043763874006,3.1607163759917256,-1.060521388628004,147,64,258
2025,20242025,19,Ball State,MAC,31,14,17,1250,63.8,45.5,1718,781,52.0,1077,560,34.5,641,221,70.4,785,553,1101,809,292,15,363,0,10,508,230,352,1012,2336,45.7,26.5,0.18,51.9,44.4,1867,829,53.4,1117,596,31.1,750,233,72.5,564,409,1062,764,298,19,313,0,4,619,315,425,1012,2300,30.2,28.1,0.16,50.6,65.17238204604419,12.407407131052645,52.477618735900414,3.520064563831891,5.66462330288104,42.114508191687975,48.19030213920323,32.56246675696268,71.52015539648876,10.066777058409865,10.916494902457861,7.734167536899211,12.67400169355381,30.28101960414773,1.0242028996636752,13.390549237463201,56.59511362949314,2.7281028040170665,7.314728645810019,45.237009496485435,52.87453253151725,34.06382398021047,72.23798234484153,22.43721998212255,12.242857684646099,8.254826549034934,12.172690383609792,30.456319396911812,1.0874355922004593,66.7497426695473,70.87076786535465,68.69969466420795,68.68770590400057,72.95066908268873,64.49182373616824,2.1580510860689084,71.47261084392792,71.47407179978435,73.57047629824633,69.36115558571362,1.0779854886279687,-2.772916179719971,-0.6198072155576,-4.869331849545375,255,342,73
2025,20242025,20,Baylor,Big 12,35,20,15,1425,65.3,44.5,2125,946,51.0,1279,652,34.8,846,294,74.7,640,478,1256,802,454,24,378,0,2,571,351,532,1180,2664,30.1,36.1,0.16,51.4,44.0,1938,853,50.0,1140,570,35.5,798,283,70.3,646,454,1137,788,349,17,440,0,6,584,327,414,986,2443,33.3,30.7,0.19,51.3,69.17404900981262,14.560815933393528,56.81180117323603,3.3082146181849623,6.702579200807401,46.2014825314901,54.30967560378163,33.88653440851753,73.19774434946636,12.201100863002864,11.346847780337766,10.850002517142766,12.860591711019092,35.57450496430182,1.1526471482279914,13.72738088737181,56.45180480291579,3.7534313011669496,6.341223662586286,46.2731590660881,52.96696638315765,34.13943002504671,72.2324865193543,23.759731129638052,11.037954606947546,11.138518206103608,14.128370045921924,35.08325553990201,1.1171391705231064,79.73327032254383,77.27703973254678,78.0858867965621,78.09128095472681,82.28283846607687,73.85427302769394,2.1439549813991405,76.38900083219264,76.3895644805057,78.48278147399871,74.29978043672612,1.06773009978123,1.6968859643694572,3.8000569920781544,-0.44550740903218866,127,53,259
2025,20242025,21,Bellarmine,ASUN,31,5,26,1250,60.5,46.7,1743,814,55.1,967,533,36.2,776,281,77.3,444,343,908,703,205,36,370,0,7,527,268,385,1032,2252,25.5,22.6,0.2,54.8,48.1,1781,857,56.4,954,538,38.6,827,319,75.5,597,451,1046,763,283,18,320,0,3,461,282,455,988,2484,33.5,27.1,0.17,57.1,67.2796433109344,14.71323076874973,61.321815567989276,3.0684680300497456,6.195766777452935,49.69762060008906,58.79307281107877,35.6952284084945,76.5572434012086,7.253447419859642,10.576545887377527,7.799445337038501,12.729163811474827,36.440026536960985,1.1728959726410566,16.783882355695848,60.42422731259458,2.102921856045375,6.020800875258699,48.14060690818464,56.66624888612449,36.01689123787081,72.22323028807726,21.65437523080053,10.43603496986686,9.212784587108937,13.269421495414118,31.369963622536822,1.209138270340511,78.91202268012177,81.35039154210975,77.95905436208733,77.95530770552693,82.28607617961042,73.72950388763952,2.179843141432459,80.62885621706508,80.63509416474807,82.7464018953306,78.52869838729136,1.0830407543227705,-2.6698018549777487,-0.4603257157201881,-4.799194499651833,252,54,354
2025,20242025,22,Belmont,MVC,33,22,11,1325,66.0,46.5,2033,945,53.0,1128,598,38.3,905,347,71.9,530,381,1142,825,317,16,371,0,0,515,280,461,1070,2618,26.1,27.8,0.17,55.0,45.9,1997,917,54.5,1132,617,34.7,865,300,72.6,544,395,1185,848,337,17,409,0,4,517,209,413,1132,2529,27.2,28.4,0.19,53.4,69.17617492612933,17.59063577669366,61.09594363173089,3.0941972038461083,6.790192427413154,49.70380177268666,58.517161643204986,37.158823783129996,69.85431725638541,9.224383641477619,12.53256832928887,8.033743649977948,14.632326246288617,35.25030251712103,1.1704067384899275,13.435023716693046,54.78245590494319,3.4233082977266194,6.117421050384353,42.76068402522045,49.579465106457036,33.962351878436685,72.23178301659249,25.954798229278634,12.186636246301743,7.965789420799981,14.278515766263729,26.915805998442515,1.0614224687821079,80.96426127649974,73.42514637099515,80.33138365172141,80.3486744593922,84.62141492842979,76.03119871655433,2.192534089769335,73.91966178949738,73.92644466040161,76.01817799342976,71.80883162499619,1.0789995709220022,6.411721862224027,8.603236935000027,4.222367091558141,33,24,168
2025,20242025,23,Bethune-Cookman,SWAC,33,17,16,1320,68.8,42.8,1870,800,48.4,1236,598,31.9,634,202,69.0,671,463,1175,841,334,28,448,0,22,531,365,410,998,2265,35.9,28.4,0.2,48.2,43.0,1968,846,49.8,1242,619,31.3,726,227,72.5,637,462,1185,824,361,20,384,0,16,582,423,503,1092,2381,32.4,30.5,0.17,48.8,70.31056647071748,13.526903798374878,55.83807464674798,2.985409615837559,7.738168682804557,46.10461877315789,52.21296296751893,33.1650608869378,70.80196651581421,10.393639906195153,13.156170309743123,14.220026163501739,13.467647595345076,35.71942761303962,1.0676135516586667,12.902769471581028,54.53400541064017,4.297231344221714,6.75254983708935,44.41834905361262,50.4142608831815,33.39873659680458,72.21427976499471,24.96957744413176,11.473713020644992,10.979274980496662,15.130533340220955,35.330320703946015,1.08366084615207,75.06451358893545,76.19280795508907,74.40534760153068,74.38931409338613,78.67579034526767,70.17024156847617,2.1699278634122896,75.3817713742977,75.38540289617517,77.44950515375885,73.28684398987458,1.0649505990239243,-0.9764237727670206,1.226285191508822,-3.1166024213984116,201,162,221
2025,20242025,24,Binghamton,Am. East,32,15,17,1295,64.1,46.1,1735,800,52.0,1102,573,35.9,633,227,69.3,583,404,1148,864,284,20,430,0,4,525,239,332,1086,2233,33.6,24.7,0.21,52.7,42.6,1895,808,50.3,1149,578,30.8,746,230,71.5,613,438,1053,745,308,12,289,0,6,517,352,511,1020,2287,32.3,29.2,0.14,48.7,65.16161878062466,11.685249253294716,55.730324146533455,3.184634601273239,7.035195039250629,45.043159744454655,51.357216405180594,33.71877247764951,73.2677111798378,7.514212204846714,12.307256460280685,7.3091115295767315,11.395114933530763,31.758538154902325,1.0310252931200126,13.410800385855087,57.044647672686054,2.9827910742093007,5.399664172269379,46.663296930207345,53.605775031790735,34.73506413662422,72.21576601444418,24.015089716131428,9.50184106066449,10.022256769378968,13.78567784428116,34.51090631260033,1.1417123860658933,67.18327710346806,74.39582725794311,69.19644396663588,69.19130110322052,73.464872013232,65.00764235400142,2.164114520077502,76.16770350932637,76.16595750988031,78.25608477518486,74.08072149903415,1.0649469105282339,-6.97125954269049,-4.791212761952863,-9.073079145032736,334,336,254
2025,20242025,25,Boise State,Mountain West,37,27,10,1485,65.1,46.5,2064,959,56.7,1197,679,32.3,867,280,77.9,788,614,1343,954,389,38,406,0,2,591,282,461,1262,2814,38.2,29.0,0.17,53.2,43.5,2045,890,49.1,1279,628,34.2,766,262,68.8,618,425,1058,783,275,22,404,0,1,673,277,411,1068,2467,30.2,26.0,0.17,49.9,66.0404341885878,12.528828485038222,57.176778981758666,3.2290987279990038,6.091890649510431,44.70959913405438,52.16877193711871,34.01766772073805,76.66017982558007,10.567573251637436,11.549375611925363,7.826378009319945,11.912203289352085,30.584355790565546,1.1374787634699703,12.33598383876402,56.07062961263709,2.3593203919308694,5.076436842228732,46.00495369401727,52.8812888420025,34.03501423238715,72.21706300621321,24.590734372748187,10.287995907024946,9.795718462699517,14.089724277612085,32.048483723911296,1.0936996437062674,75.1195914198548,72.22839934226567,76.36654720228861,76.36472110700765,80.59430908938305,72.15698228284542,2.156958042672231,73.16870549323946,73.17106483878206,75.22273772057996,71.09588392221053,1.0575596923024682,3.1978417090491575,5.371571368803089,1.0610983606348867,82,95,133
2025,20242025,26,Boston College,ACC,31,12,19,1275,66.1,43.2,1811,783,47.5,1214,577,34.5,597,206,71.9,570,410,1065,747,318,18,368,0,5,572,190,342,974,2182,31.5,29.9,0.17,48.9,45.6,1802,821,51.3,1155,593,35.2,647,228,71.7,668,479,1105,785,320,10,330,0,6,519,224,419,1048,2349,37.1,29.0,0.16,51.9,66.95723170733893,11.829654179257814,51.752371314490595,3.3628917713894935,6.308685856700233,42.08711663762443,50.419432580229014,31.487472995644016,66.94157537382684,10.694342884001225,10.470366705015545,6.743485426713626,10.596063225479558,28.856079915636442,1.015279519257697,12.73665170148879,53.927306345985095,3.903124062737546,5.270515284316158,43.78227823395391,50.767276308230386,33.44897918162664,72.19863179363729,25.363008637827132,10.268342958661243,9.004447199577728,11.221860396500112,31.597946887126714,1.0680659615987858,67.98030601865331,71.51474006949167,69.22511563902414,69.21719275125474,73.43637467441864,64.96612860366623,2.163493274150946,71.29522710049918,71.29347606850172,73.39189159234343,69.21899081127346,1.060849926151348,-2.0701114614750367,0.04448308207521734,-4.2528622076072224,235,334,65
2025,20242025,27,Boston University,Patriot,32,16,16,1300,63.3,43.8,1752,768,51.2,1012,518,33.8,740,250,66.3,546,362,1125,776,349,24,423,0,4,516,168,339,894,2148,31.2,31.0,0.21,51.0,44.9,1707,766,50.8,1011,514,36.2,696,252,74.8,544,407,949,715,234,18,349,0,4,516,262,456,854,2191,31.9,24.7,0.17,52.3,63.95438229012285,14.131630925847423,59.692150050965665,2.9046457730441397,6.895995622329181,48.25902034561047,56.29224430877984,36.30596676438071,72.14139436796076,8.852965165492396,11.51201468308256,6.115385912674236,11.54783170420899,30.65462952430863,1.1410673484207563,13.098943524134835,56.56524326925574,3.333555881590748,5.158481513883549,45.85502681152443,52.51610471867226,34.72854452057531,72.22645033671463,23.874140645303054,9.173846449460443,8.085935383291247,13.537127899753811,30.666822456153312,1.1325039176842209,72.97625741967786,72.42858849663848,77.07226767411868,77.07294676498812,81.33204063386768,72.84450687814076,2.164740994408332,74.04909653050876,74.04994072725438,76.15131968051907,71.94615853851704,1.073217890908247,3.0231711436099147,5.180720953348612,0.8983483396237233,87,73,171
2025,20242025,28,Bowling Green,MAC,32,14,18,1280,67.5,44.4,1740,773,51.0,1045,533,34.5,695,240,74.3,588,437,1027,747,280,24,369,0,5,529,314,393,952,2352,33.8,27.3,0.17,51.3,44.9,1748,785,54.6,987,539,32.3,761,246,77.8,531,413,1037,760,277,12,372,0,5,505,271,431,920,2366,30.4,26.7,0.17,51.9,69.62060884369512,13.079185216272576,55.94600418514092,3.6084317622495323,6.4291375786614555,45.63507963563842,51.95713107158917,34.07089176262426,72.3594892574636,10.13599253691629,11.733138229900307,14.045664056354175,14.551185238112785,36.21876156362138,1.0887182030751166,13.172476162069126,55.436220274803055,3.4353216131027544,7.8776990332713215,44.33459461433837,52.211076232905334,33.738353241588605,72.21878172123735,24.815373437945958,12.763929943198821,10.392129493905188,12.413364493629093,30.339492822700038,1.0490554177699232,75.79722415730332,73.03587689591899,72.95519402996753,72.94965636620122,77.11554115164859,68.75724532120984,2.145599521805016,72.17262522601597,72.17184116144117,74.29327577749442,70.08131842729625,1.0818727809832043,0.7825688039515626,2.8222653741541706,-1.3240731060864164,150,229,96
2025,20242025,29,Bradley,MVC,37,28,9,1500,66.1,48.3,2056,993,54.7,1169,640,39.8,887,353,74.7,648,484,1272,967,305,17,427,0,6,619,353,506,1042,2823,31.5,24.0,0.17,56.9,40.5,2113,856,46.8,1214,568,32.0,899,288,72.9,734,535,1223,845,378,23,412,0,3,633,290,461,1008,2535,34.7,30.9,0.17,47.3,67.46382341268269,13.287199217878689,55.605935253280336,3.2404151081558386,5.451165276500653,44.00791846237147,49.58689122175897,34.66493463444861,73.16655040261486,10.098785492565069,10.203646096335882,9.311870081005784,14.133018613097454,30.33107963208322,1.0987016809613068,13.881127421136824,56.82536453224707,3.191873215291067,7.285378600061409,45.73282461636054,52.111172737005276,34.82195623099399,72.2165420763849,24.003818492503356,12.98687464035266,8.30086604412198,11.242386271928297,30.23261102830922,1.078618322855309,74.12261618759123,72.76771606279453,74.42810491356543,74.44334684860428,78.61454625104804,70.2078787335972,2.1514749681349827,74.99850249612324,74.9910569882188,77.14067180048227,72.8939966112957,1.074491082665454,-0.5703975825578027,1.4738744505657735,-2.686117877698507,188,160,210
2025,20242025,30,Brown,Ivy,27,14,13,1095,64.4,44.9,1611,723,52.7,953,502,33.6,658,221,63.2,448,283,978,683,295,16,313,0,3,426,293,289,900,1950,27.8,30.2,0.18,51.7,43.0,1625,698,49.0,1015,497,33.0,610,201,70.7,475,336,964,664,300,20,294,0,2,387,188,360,832,1933,29.2,31.1,0.17,49.1,67.18988740759632,14.57262874669779,53.3306782456492,3.37876082572352,7.301522730196678,43.97312746539901,51.45982816410656,32.050986972659985,70.25316079571478,10.382585798670895,12.8009475692372,9.072177147617332,13.094403606109612,33.24173019632462,1.0187213858105844,13.5016035689692,56.1023674158748,3.682762821563476,7.2061855354613495,44.497227729380654,52.82996078327626,33.50983335895694,72.22982564802271,23.673043630437913,12.460090358510273,10.0022247430551,13.972360657972738,28.879122191607294,1.0755985257342275,68.44777521232365,72.26934383985933,70.24570946461962,70.26444204030796,74.49606465866982,66.03224568847789,2.1572616284883552,72.96566832398324,72.95780347665914,75.07290917649955,70.8487056285459,1.0723681962096638,-2.719958859363615,-0.576844517829727,-4.816459940068015,254,317,125
2025,20242025,31,Bryant,Am. East,35,23,12,1405,70.6,45.4,2231,1013,52.0,1440,749,33.4,791,264,71.2,653,465,1387,937,450,12,402,0,26,546,382,469,1346,2860,29.3,32.4,0.16,51.3,41.9,2178,912,47.1,1402,661,32.3,776,251,71.5,643,460,1254,864,390,20,410,0,16,583,356,419,1132,2598,29.5,31.1,0.17,47.6,64.45466641889654,12.026260333001158,52.91521329575532,2.7749895659913713,7.515447565595857,41.42846015344395,49.644404686619545,32.282030354877456,74.80079824239658,9.884332762423066,12.76658347150716,6.149928724888352,10.969355138943873,26.279548985174024,1.0031677658890805,13.404096584124703,56.01572201328008,3.8495377700864575,6.093998527912903,45.793410951809285,51.712113047563435,34.675068822765596,72.21960267873905,23.250336758913754,10.04722212293903,9.542080881262747,14.009853110273427,34.08557621646408,1.1140901607800247,64.65884371257039,71.8083096736513,67.90490083298116,67.92997864046137,72.21261226034002,63.629281091985405,2.19497920938936,72.91381657317179,72.90662485203092,75.02911488679837,70.82265246900882,1.0757822696996175,-5.008915740190631,-2.8165026264583446,-7.193371377023411,305,348,122
2025,20242025,32,Bucknell,Patriot,33,18,15,1380,64.5,46.6,1850,862,54.4,1091,594,35.3,759,268,66.4,679,451,1117,836,281,27,433,0,3,588,226,419,1120,2443,36.7,25.2,0.2,53.8,43.2,1934,836,49.0,1148,563,34.7,786,273,68.6,684,469,1125,800,325,24,395,0,6,605,197,486,934,2414,35.4,28.9,0.18,50.3,66.24915873437554,12.956502104288772,53.67309319167195,3.5316331876825333,7.264651839390169,42.739367431453324,50.716191266562646,32.35274956314142,74.57239469467207,9.54223865850635,12.594371020624585,7.401766808775446,12.914119705848291,29.541514246970667,1.0210002294017353,15.519819172960366,57.80753823814356,2.1503104028218645,7.046736533321903,45.83520864943114,53.26475125250573,34.75070272599163,72.22952495744946,22.71412986900055,11.996894392118973,8.891326832999372,14.443005858523616,29.276894715699083,1.1216477985934505,67.64040626546941,74.3082230530804,68.8410948071275,68.83909760144756,73.06555029079587,64.55654920848187,2.158200555984668,75.54950250839522,75.5484570427511,77.64478999874005,73.44619866926006,1.0741065934224654,-6.708407701267717,-4.579239707944183,-8.889649460778188,330,338,225
2025,20242025,33,Buffalo,MAC,31,9,22,1240,70.5,42.6,1821,776,52.3,1020,533,30.3,801,243,70.0,616,431,1069,783,286,11,451,0,3,516,384,373,1024,2226,33.8,26.8,0.21,49.3,47.0,1947,916,53.1,1238,657,36.5,709,259,72.1,578,417,1199,855,344,18,389,0,9,534,420,524,1162,2508,29.7,28.7,0.18,53.7,67.35657228297164,13.746009660772879,58.50728970615449,2.787169006463886,6.620116928826207,46.30857889598355,53.43769006045852,35.95419903053966,72.80739139921663,9.308240892050641,11.091500736163646,10.822824099381503,13.776320808131574,29.677490909865448,1.1342961941205194,15.668742008360732,57.611007395137875,2.903356008271867,7.333620289087037,46.81394339180353,55.140166867654635,34.07986060637625,72.22690814480073,22.828134296268754,12.01858960888195,11.170860395428825,13.193522741660233,33.80202868741712,1.121958452432346,76.4023035895784,75.57127559975032,77.53850553939265,77.54087436989877,81.82211577203867,73.26233130068061,2.171305106643453,76.89225435862471,76.89451498259228,78.98031430497115,74.79951698278127,1.0669815036189882,0.6462511807679334,2.8418014670675262,-1.537185682100656,156,60,277
2025,20242025,34,Butler,Big East,35,15,20,1405,65.1,46.0,1944,894,52.4,1136,595,37.0,808,299,74.0,715,529,1220,924,296,19,384,0,2,477,196,299,1038,2616,36.8,24.3,0.17,53.7,44.2,2252,995,51.5,1416,729,31.8,836,266,75.4,480,362,1214,838,376,10,271,0,2,625,344,443,1282,2620,21.3,31.0,0.12,50.1,69.35756610249402,15.096385441949563,55.54428652961285,4.170969383611918,6.753993346096574,45.043927708466505,52.007862930184906,33.32627281725453,72.4496069543582,11.98219191762108,11.501816432295584,11.481110038616812,12.604267396776487,35.998843327457706,1.1128254971611742,15.217886309223706,55.30517461913547,3.233807424969355,6.504713392308691,45.53211915488855,53.14664573487891,33.70405812729211,72.22220642383968,25.07975519641455,10.894507896191502,11.098353831222566,13.81454135588915,36.804470031039244,1.1032119251691237,77.18286797989691,76.51609402497718,76.93627202597244,76.92357594490767,81.18276819708346,72.75754714431582,2.160078266919358,76.50396229118371,76.49864061018167,78.66703668352986,74.39746611423021,1.0771242715841067,0.43230973478873125,2.515731513553604,-1.6399189699143903,163,78,262
2025,20242025,35,Cal Poly,Big West,35,16,19,1420,74.6,46.2,2187,1011,56.7,1073,608,36.2,1114,403,76.6,585,448,1221,869,352,12,550,0,12,631,528,563,1140,2873,26.7,28.8,0.21,55.4,45.9,2242,1029,53.8,1347,725,34.0,895,304,75.7,712,539,1324,903,421,30,501,0,7,593,441,619,1226,2901,31.8,31.8,0.19,52.7,74.75187289970947,13.525731634522,56.580451178376414,3.3336736570861456,6.993715177731245,43.58592060077655,53.757448604083166,33.47892740197912,76.22908468212594,11.213097905816825,14.420592220756,12.615569440020664,13.945627070515114,31.898358693893694,1.0859592857496039,15.267533678053287,56.775799277766914,2.4794343808707477,6.507810992260696,45.98135987736288,53.859789745273375,33.94239451524161,72.22257161453778,26.064440350890642,12.374527443296323,12.677674469153907,15.92085267636772,35.69936552622645,1.1157831526512931,81.17749050261367,83.4068804106266,73.21152865308194,73.21681108508707,77.54839407738146,68.80964046644408,2.2341450131516645,82.02367914860022,82.02294025855045,84.16571260376824,79.90733508047411,1.0854914586702216,-8.812150495518281,-6.617318526386782,-11.097694614030033,346,214,361
2025,20242025,36,Cal State Bakersfield,Big West,33,14,19,1330,64.9,43.8,1944,851,46.2,1371,633,38.0,573,218,77.2,666,514,1173,750,423,28,416,0,11,671,295,486,872,2434,34.3,36.1,0.19,49.4,45.6,1750,798,53.6,1023,548,34.4,727,250,74.7,782,584,1040,731,309,15,430,0,8,617,326,465,944,2430,44.7,29.7,0.2,52.7,72.2959551662184,11.330411944568938,52.89641641909978,3.604531648003286,7.292093569477901,42.58911285642804,48.475778606828804,31.176923395920042,72.78408351131922,11.216840135413149,13.324881484973055,11.237830113682474,14.121828086974883,30.418661650085383,1.0187326405348978,14.917855941392709,57.65406320918522,4.570734241349532,7.206764333078517,46.33319726759171,53.5165675320084,34.65113463201695,72.22277397356466,23.186843945713292,12.722773091383724,11.843167768631552,15.933120600656526,34.79273347014305,1.1380811932913708,73.65024930647427,82.27866692570929,70.50225345128926,70.52404806767456,74.75458834751414,66.22933374214607,2.1825269774477567,80.45955239581792,80.45906004546862,82.54326082134119,78.36690241033794,1.0690970869702288,-9.95729894452866,-7.788672473827049,-12.137568668191875,357,311,352
2025,20242025,37,Cal State Fullerton,Big West,32,6,26,1280,68.0,40.2,1701,683,46.8,1126,527,27.1,575,156,74.2,677,502,1063,761,302,15,473,0,9,569,313,364,922,2024,39.8,28.4,0.22,44.7,45.8,1869,856,54.7,1024,560,35.0,845,296,74.5,627,467,1129,808,321,22,364,0,9,605,387,540,960,2475,33.5,28.4,0.17,53.7,71.22511737525231,14.946717769304787,55.88637725635175,3.107092882684003,6.250306486148555,44.56186365304942,52.161655614856556,33.56017326935545,71.03770205091661,9.694561523311883,11.497588487927308,15.346504308605727,16.06782707008238,32.08148305664241,1.0859825181200813,16.174257028841954,57.658705522441224,2.9323551334884126,7.614834228194004,45.94518401733965,55.66152431039633,33.87414249963115,72.23308800933825,24.903442270193004,14.0958215296353,10.490626365267353,13.725227314854536,32.79912891285056,1.0970804131838743,77.34923232057486,78.13968119911175,75.5743690704259,75.57812898498878,79.8708960477854,71.37472614667006,2.1599843496326017,80.54825273053636,80.55299605578287,82.68036730936994,78.41909228712795,1.0897863444172389,-4.9738836601104595,-2.809471261584548,-7.044366140457896,303,119,353
2025,20242025,38,Cal State Northridge,Big West,33,22,11,1325,72.4,46.8,2035,952,52.3,1401,733,34.5,634,219,72.5,727,527,1322,900,422,13,452,0,12,679,411,590,1290,2650,35.7,31.9,0.19,52.2,40.4,1830,740,45.9,909,417,35.1,921,323,76.5,788,603,1045,767,278,32,487,0,15,632,388,470,684,2406,43.1,26.6,0.2,49.3,73.12851560347747,16.278630258462407,55.07541936945944,3.899542311875778,7.641976261382124,45.668426946024674,52.62001191704824,33.38212333301299,68.9903902757968,11.843249122648107,12.886749865945488,11.611764322916935,14.238636417570623,39.02259646345937,1.0847305150782642,15.25801307775203,56.16629059226745,2.8481070470791656,6.607748288825349,43.88530325343791,52.3073021056258,34.01358808970938,72.23592244375317,27.01119843794691,12.25254939090385,11.923182765434726,14.70812087556011,29.436361587370076,1.0860819891900646,79.32473239746899,79.42356369314149,75.86971606618465,75.84920301542385,80.09594645593718,71.68407567906766,2.1511704136117262,78.89022159804989,78.89762744382286,81.04497414024858,76.75096368682556,1.095841027684178,-3.02050553186524,-0.9490276843114032,-5.066888007757896,260,111,332
2025,20242025,40,California,ACC,33,14,19,1360,67.5,41.9,2002,838,48.2,1246,600,31.5,756,238,74.6,778,580,1238,795,443,15,383,0,9,545,293,458,1066,2494,38.9,35.8,0.17,47.8,46.8,1945,911,51.3,1307,671,37.6,638,240,74.1,637,472,1154,832,322,7,375,0,5,635,277,462,1080,2534,32.8,27.9,0.16,53.0,69.70126240574814,13.851620254774254,56.70858392972886,3.618937945118555,5.6521071029987215,44.552673708973686,50.776909158023564,35.12592247695662,75.13164898734722,9.201246116443656,10.871307461317986,9.238738397521622,13.176229880958385,28.061070879265728,1.1005727167144475,14.63846497298889,54.43679268701218,2.997472760454604,6.006606688649005,44.23882138438439,52.688273622288484,32.92219089721053,72.19385687404748,25.00902676535176,11.197707794475686,8.921301850268236,13.13212901432633,33.49238116595821,1.0766297698726652,76.71130772432082,75.04245410373487,74.01163017220927,74.01162714028337,78.30682076295552,69.72787968492574,2.1880226044719095,73.48865865241054,73.48616254986621,75.57580083147302,71.41847414323563,1.0756197601352997,0.5229715197987304,2.731019931482507,-1.6905944583098886,161,173,150
2025,20242025,39,California Baptist,WAC,32,17,15,1295,62.4,42.7,1915,818,48.6,1244,605,31.7,671,213,75.7,569,431,1152,768,384,18,386,0,0,552,211,424,1114,2280,29.7,33.3,0.19,48.3,44.9,1820,818,50.3,1250,629,33.2,570,189,68.4,608,416,1092,769,323,19,395,0,8,536,236,421,1096,2241,33.4,29.6,0.2,50.1,67.8552657927615,10.896498480958586,53.97224023153622,3.6026625980234313,6.546774803758686,43.936725489588035,48.76449888196245,33.92115024396308,71.79202899949863,13.145425572661297,12.034586864854559,8.3152844251609,13.798838991644622,35.04843889368205,1.078112713473372,10.800251154103679,52.46765867210477,3.017969092676392,5.764919539749137,42.313923898677025,48.34752946366149,32.35414685017333,72.22363690954502,25.92619165225716,11.70393235079696,9.35948450837312,12.544324184041212,30.16712317681725,1.0127746781526525,73.15562472729097,68.72209497422672,71.8395614069674,71.85129073620746,76.09788376229407,67.60377420193323,2.1666443813121052,68.48742023483605,68.48241206838404,70.62065770669278,66.34455668467145,1.0885456374188114,3.352141172131354,5.477226055601292,1.2592175172617885,78,266,21
2025,20242025,41,Campbell,CAA,32,15,17,1285,63.5,43.9,1804,792,52.1,1059,552,32.2,745,240,77.1,547,422,1016,752,264,20,335,0,7,516,299,501,1010,2246,30.3,26.0,0.16,50.6,45.7,1758,803,54.4,1110,604,30.7,648,199,68.3,533,364,1101,810,291,32,417,0,8,528,237,339,1090,2169,30.3,26.4,0.2,51.3,68.50430314236205,11.91492459040149,55.46127973935493,3.586574447174668,6.7149351211887565,44.600505515347116,51.610089820568625,32.767172292286986,72.70600737107505,11.64723129445317,12.113347976176026,11.90422171688522,14.172714867019266,34.83124983947593,1.0964122454247176,13.91989372877782,57.3335770719272,1.9372418025995994,6.5358504751832776,47.574253669420656,53.70809377885635,34.13335296193199,72.22869303421331,22.741710311964077,11.926978381968823,11.439818135076372,14.401859500755329,38.597214603440825,1.119873411430926,75.1089568295727,76.71614765773528,74.82449530842433,74.83373051378587,79.01043442442882,70.56550475719035,2.1555874424366035,76.94513757179274,76.9402833837612,79.075549406486,74.82665753666333,1.0804347522704172,-2.12064226336841,-0.06511498205718169,-4.2611527794729795,237,142,280
2025,20242025,42,Canisius,MAAC,31,3,28,1240,65.6,43.6,1673,729,48.4,981,475,36.7,692,254,75.9,390,296,802,622,180,43,380,0,3,495,269,336,768,2008,23.3,22.4,0.19,51.2,49.5,1770,876,58.7,1046,614,36.2,724,262,76.1,556,423,1127,802,325,19,337,0,7,389,301,442,1094,2437,31.4,28.8,0.17,56.9,64.40502913933041,12.248492641849863,52.24188579557638,3.199858541662234,6.72689130199505,41.5074379168143,46.36213455046648,33.51175838603383,71.80010702207213,10.24719277120349,12.4602701431587,7.8692210339621536,10.877213431183453,25.803298147397996,0.997338904384529,13.744451558015111,56.06515994610984,2.720900999331222,5.199478742554694,44.9148389551699,54.33934648272043,33.41701503240844,72.22049192972669,23.24290366740118,10.573316891517964,9.49905534256769,15.055887051151707,29.302232826576002,1.1010195979597674,64.23364119867345,70.91119928957268,67.5410751088538,67.5383932550227,71.84106092570222,63.30016947263123,2.1659058939541316,71.3269577618572,71.32662608949806,73.44983988568728,69.19062288835053,1.088218799614812,-3.785882653003398,-1.6087789599850595,-5.8904534157193,279,351,66
2025,20242025,43,Central Arkansas,ASUN,33,9,24,1350,67.2,41.0,1995,817,51.7,1033,534,29.4,962,283,71.9,558,401,1180,812,368,21,408,0,3,448,219,387,936,2318,28.0,31.2,0.18,48.0,45.9,2021,928,54.1,969,524,38.4,1052,404,72.3,440,318,1215,885,330,26,386,0,7,492,370,504,950,2578,21.8,27.2,0.17,55.9,69.09856011341923,15.606931182617203,56.86652488488911,3.317402747121724,6.4654999247873395,45.33860297251718,54.38752471109048,34.6337912721595,71.24098819124954,10.45167555737831,11.021607822748667,11.268878941296075,16.338949513126586,31.950406415565695,1.1225623828370537,15.758167677860701,57.350414124527205,2.182830743025246,8.042607749836208,45.47639702121817,55.649746890069494,34.09978545139416,72.21973278530352,24.27861496244951,13.015202912449485,10.793668617279032,12.515028663378237,29.775652499014264,1.0822500801032182,77.56744429152928,74.781922217765,76.90341871312206,76.9130063690632,81.16062698910787,72.64945536056885,2.1504568007517855,74.92153114778591,74.92456105422605,77.04680791088614,72.77754084025594,1.0888818182953988,1.9818875653361516,4.113819078221724,-0.12808547968708694,117,81,205
2025,20242025,44,Central Connecticut,NEC,32,25,7,1285,65.9,47.6,1827,870,54.9,1173,644,34.6,654,226,74.2,466,346,1137,864,273,27,361,0,8,360,328,473,1082,2312,25.5,24.0,0.17,53.8,41.2,1871,770,48.4,1096,531,30.8,775,239,67.7,344,233,1027,737,290,25,393,0,5,423,202,345,910,2012,18.4,28.2,0.19,47.5,65.82509994325467,13.317999495851799,55.667000944699886,2.828426462986209,6.30408233217888,45.22150750706207,51.42349079385209,34.6570885601726,74.9012430826301,9.484106206380812,10.76309776816723,7.837728394207597,10.69611300353247,30.727760916040868,1.08243692602705,13.725540283148389,54.594050700069104,4.003943334586473,5.68248276225826,43.95566401605127,50.70403319181103,33.84319502751178,72.23758227113252,24.41972336860384,9.743120260519355,8.602850933154182,13.049891931197282,31.700347384354114,1.0972001347909384,71.25151883799994,72.22330853036601,71.40084100951351,71.41824452837854,75.66041469998585,67.1398357878099,2.163944937835891,71.9826571184064,71.98307516412125,74.0857452386687,69.8884091237839,1.0701790912335531,-0.5818161088928804,1.574669461317157,-2.748573335974001,190,282,93
2025,20242025,45,Central Michigan,MAC,31,14,17,1250,66.4,46.2,1807,835,53.2,1197,637,32.5,610,198,72.2,655,473,1120,789,331,18,380,0,8,514,383,464,1138,2341,36.2,29.6,0.18,51.7,43.5,1821,792,51.0,1029,525,33.7,792,267,70.1,551,386,1007,700,307,18,406,0,5,565,298,401,906,2237,30.3,30.5,0.2,50.8,68.44642486745134,14.23798104047886,55.697180328664885,3.2888425375921675,7.301374455913526,46.102050846301815,52.32103624260892,33.67822618457005,70.3505662604744,9.719379267088861,12.236933314413918,10.911752974398116,12.828071911699299,34.26690023895155,1.0689634696962043,15.528357442561962,57.1555513112018,3.8493408195181416,6.287575978878792,46.65518566355679,54.47338773354643,34.21337828988488,72.21052415795324,22.449411523102345,11.713002562755689,11.945015884749042,14.805958784285245,34.59862495885394,1.1318388310326644,73.16672781461135,77.47032151034122,73.58500810244838,73.57774461980632,77.7790588770318,69.33661377983599,2.1496450696066125,77.00224777293944,76.99999277256907,79.08783799163507,74.9031786100986,1.0734364161225756,-3.417239670491057,-1.3087791146032686,-5.566564830262621,271,197,282
2025,20242025,46,Charleston,CAA,33,24,9,1340,67.2,45.5,1962,892,52.2,1180,616,35.3,782,276,71.6,683,489,1189,882,307,19,377,0,2,513,339,443,1110,2549,34.8,25.8,0.17,52.5,43.7,2050,895,51.3,1229,631,32.2,821,264,71.5,536,383,1183,845,338,25,384,0,6,562,300,389,1118,2437,26.1,28.6,0.17,50.1,68.06999739199297,13.469581922319437,55.59767105476041,3.194335110459561,6.446374980860616,44.84117906943047,52.98660918229338,32.22158707485787,72.5349796205197,10.453067158485872,11.022052550435166,10.322666987347336,13.061017206709892,33.59414919264739,1.0960057822928855,14.282254355580665,53.59976660770622,4.283634244678722,5.834015741061205,43.11742822779436,50.69162102348259,33.36414842327932,72.21021550131087,25.808277945692247,10.375031016733828,10.200852770587636,13.183510603562695,30.60678623592094,1.0899876694230872,74.60511074228593,74.19545781493404,75.71933062918046,75.71226346423633,79.95523335029219,71.51590776351962,2.1549218700639434,74.3553016526572,74.35466977569928,76.4441101292731,72.25993601240664,1.0704979916791668,1.364028976523258,3.5111232210190906,-0.7440282488870196,138,115,179
2025,20242025,47,Charleston Southern,Big South,32,10,22,1295,64.8,42.5,1808,769,51.5,1041,536,30.4,767,233,66.2,810,536,1187,811,376,13,433,0,5,559,262,321,1010,2307,44.8,31.7,0.21,49.0,48.1,1955,940,54.1,1388,751,33.3,567,189,69.8,622,434,1100,798,302,17,310,0,6,636,339,479,1212,2503,31.8,27.5,0.15,52.9,71.51041881130136,15.509952359359225,56.39834912923575,3.22010194731497,7.52967185162297,45.33898245112943,54.53132514025127,34.69345806225099,67.66678178089718,11.204051720681619,13.32813203150926,9.25140109254132,12.690149242746514,32.65622741122253,1.092748676271235,11.194403433790376,53.370646562257946,4.534284271063335,5.28529470906954,42.88135621846551,48.319969512111186,33.15804407150007,72.21749262524327,27.92749373004606,10.077647855906363,11.09322412991104,15.351845287484446,34.07370159790224,1.0786615343083996,78.1429154956512,77.13553807403457,75.70176789296352,75.69029877453619,79.97412936111904,71.48444164551536,2.1765371588463234,76.93984102551622,76.9394367903465,79.11163726853594,74.80602947532437,1.0984735206374119,-1.2380731325526995,0.8624920925830963,-3.3215878298090047,211,117,279
2025,20242025,48,Charlotte,American,33,11,22,1345,63.0,42.1,1808,761,49.9,1063,530,31.0,745,231,74.9,768,575,1036,745,291,20,329,0,9,575,240,317,976,2328,42.5,28.1,0.16,48.5,48.2,1848,890,56.2,1209,679,33.0,639,211,68.5,685,469,1143,841,302,17,319,0,7,630,297,408,1186,2460,37.1,26.4,0.15,53.9,64.35474578797468,12.623572622392452,56.71466658440246,3.056625001316908,6.541425172906459,45.18784059176644,53.57306302486737,34.621308219875225,71.62770732745915,10.975173502898869,11.830127426614471,8.852816710940024,11.544321643833001,28.967186935664163,1.1096760120927562,13.290579599733338,55.47215165352838,3.3483121679199184,4.960045277489991,44.50208169290542,51.50858681008644,33.66183845671127,72.21599424470067,23.50171023662582,9.414265600455579,9.945417072213237,13.751393762296182,31.83199409879719,1.1330715134498877,71.41291766524284,72.91852920766325,74.56567934501952,74.5470691314821,78.79186698128345,70.35146326363179,2.1534532736186134,73.9384202747118,73.9436454977502,76.05296061169861,71.79530042307519,1.0782657712503922,0.6272590703077157,2.7389063695848392,-1.4438371594434045,157,156,170
2025,20242025,49,Chattanooga,SoCon,38,28,10,1555,66.4,47.8,2228,1065,58.1,1193,693,35.9,1035,372,77.0,677,521,1257,948,309,28,383,0,2,612,333,507,1248,3023,30.4,24.6,0.15,56.1,44.0,2223,979,50.3,1324,666,34.8,899,313,69.3,733,508,1272,898,374,24,423,0,2,619,275,431,1138,2779,33.0,29.4,0.16,51.1,66.60586180067787,14.277803580984672,57.50049284468475,2.6492542562635677,5.888988968582329,45.45633118643913,54.90473220712367,34.68883478119539,75.56998072194307,7.791323045158262,10.086354422513077,9.627370894001025,11.021280941784937,27.765054554486632,1.1081880664181198,13.657331929193031,56.188060766867494,2.6628073765459748,5.398671918736256,44.44046300416774,52.09550359742023,33.930963814333246,72.21783115544527,24.142996920903958,9.590929055632724,10.196248163372891,12.734670719913062,30.99075136563754,1.1402298431244213,73.81182120100571,75.94599135215381,73.5068521806496,73.49287787774298,77.7679785562764,69.33292637463174,2.165390216210932,75.49178619193832,75.48594277936665,77.61626118794797,73.39347292081736,1.0757945418916322,-1.9849340112887148,0.15171736832843408,-4.06054654618562,233,203,224
2025,20242025,50,Chicago State,NEC,32,4,28,1290,68.4,38.2,1858,709,43.4,1099,477,30.6,759,232,70.5,498,351,981,708,273,23,412,0,14,609,282,416,784,2001,26.8,27.8,0.19,44.4,47.8,1846,883,55.7,1119,623,35.8,727,260,72.1,682,492,1295,936,359,23,404,0,11,461,369,484,1122,2518,36.9,27.7,0.18,54.9,65.82735689367797,12.238740186422238,52.04148680275261,3.310989098237345,5.9180513347183865,42.031084320444634,46.576381479871436,33.17193737099378,73.36923481269429,10.524317805836631,10.719155766528958,8.72719296967336,13.374551598512923,28.60574218877607,1.0241260080223444,17.640544858526216,58.83865486382958,1.8754668739135012,7.928710610148945,46.67309998676427,57.957219048780225,34.39877709585651,72.22627063702714,21.298906326199965,12.959664854709397,11.22149264329077,12.98469186368256,29.900210302275557,1.1399519218698726,67.41550823418457,75.04002200256221,67.93629311122376,67.94572518447265,72.1190466774539,63.68559204317343,2.162005011619384,76.09730506527117,76.09940852146237,78.22610452861022,73.95417519457956,1.0873760999896833,-8.16101195404741,-6.107057851156327,-10.268583151406133,345,347,249
2025,20242025,51,Cincinnati,Big 12,35,19,16,1400,64.0,44.9,2120,951,52.6,1309,688,32.4,811,263,66.5,490,326,1218,823,395,22,361,0,5,497,347,519,1138,2491,23.1,32.4,0.16,51.1,43.1,1993,858,48.3,1303,630,33.0,690,228,75.4,496,374,1176,832,344,20,457,0,9,495,218,383,1048,2318,24.9,29.3,0.2,48.8,68.6096903787976,16.052543419395647,53.87582405016635,2.740595967507197,5.9987791354642646,43.259031535177066,50.23792287835447,33.69573499108541,69.9586776068071,11.04662277325408,11.802719281646523,10.896133621141917,13.759973874739096,27.70178915121309,1.0630807898575352,13.326562266452527,53.13370515979198,4.021009723858159,6.331225964391135,42.63573492989308,49.431002944127464,32.918218943742616,72.21262963464115,25.630681458272715,12.407804110898216,7.215897617254408,12.808731855218621,28.085361696109466,1.0238087278941008,72.93764383977307,70.2431998279249,73.32130235157396,73.33468386930898,77.62058457234505,69.04400767036768,2.182428673326705,70.62624462995234,70.62031844282177,72.74621944982506,68.51607941709875,1.0780216090278074,2.695057721621623,4.87436512251999,0.5279282532689251,95,209,52
2025,20242025,52,Clemson,ACC,34,27,7,1390,62.6,46.2,2012,930,52.2,1231,642,36.9,781,288,76.8,570,438,1202,819,383,15,358,0,1,518,242,525,1120,2586,28.3,31.9,0.16,53.4,42.8,1915,819,49.5,1187,587,31.9,728,232,68.7,533,366,1110,752,358,35,452,0,0,553,180,387,978,2236,27.8,32.3,0.21,48.8,64.70249006544736,12.78947771375146,56.33784235547122,3.306776317059835,5.79871795334567,45.12600736579957,53.296851295550915,34.0933222420185,72.27672258775284,9.628461894992657,9.704625779886447,7.679956204394411,13.324942328774195,31.37756909987918,1.1173330059603181,11.090412200032791,54.33498200873859,2.8447508648220046,6.266444023292422,42.854014467957526,50.31580168400255,33.46121760691549,72.22507222462842,24.59678591779344,11.386788884199673,7.21207996008182,10.83021821158858,27.004212151883124,1.048207818855693,72.29422771794393,67.82165598603473,74.62209310695614,74.64258613995301,78.8217265019721,70.39379941646628,2.1491218854670002,68.12586160268943,68.13021668663622,70.24597912087401,66.02860149977431,1.0776088123059182,6.496231504266717,8.575747381098083,4.365197916691969,30,151,16
2025,20242025,53,Cleveland State,Horizon,36,23,13,1445,64.1,45.2,2136,965,50.8,1444,734,33.4,692,231,73.0,644,470,1228,792,436,25,417,0,7,641,343,631,1244,2631,30.1,35.5,0.18,50.6,43.0,1896,816,48.4,1150,557,34.7,746,259,69.5,725,504,1187,800,387,27,546,0,7,574,334,411,1022,2395,38.2,32.6,0.24,49.9,70.68995982358533,14.646989175167178,57.90563234241193,3.7421151865525557,6.728248505970293,44.780473108486916,51.941617683761855,35.65641049831121,74.10487182176246,9.484294385441467,12.47211118865268,13.035816971184186,13.38505049675468,27.055944459690778,1.1099073407589348,17.011512943252015,59.36381141432384,2.7742453946981183,5.7631476375019774,47.98506698372239,57.33213491101058,34.83160056288025,72.23516161481429,22.459119404661294,10.978260633154482,12.486614468898999,16.0830126565428,36.72923677790925,1.2087732860608336,78.45930532615154,85.44813502746354,76.59141528358309,76.58095040651598,80.81657607611966,72.31219540382645,2.173202037431415,83.71039796900384,83.7079470046811,85.82534042104973,81.60526252257532,1.0774985962592587,-7.118982685420747,-5.008764344930071,-9.293067118748866,336,91,364
2025,20242025,54,Coastal Carolina,Sun Belt,32,10,22,1285,64.1,42.8,1728,740,48.2,1039,501,34.7,689,239,70.2,594,417,1171,850,321,47,382,0,9,567,155,231,870,2136,34.4,27.4,0.19,49.7,42.2,1855,783,48.3,1180,570,31.6,675,213,73.3,677,496,1102,771,331,2,224,0,8,553,310,444,814,2275,36.5,30.0,0.11,48.0,67.67791441667458,10.699528446267735,53.50088260740547,2.8584574131946123,5.812332926396367,42.20360639956069,48.173429349070965,33.70636836316513,71.67653949095451,10.320376996179638,10.789599089651816,8.051064742540161,10.48472992636474,26.186219893081287,1.051910588357485,10.249742532886088,52.58092742545486,3.1731650503398976,4.818285046110515,41.960864305547695,47.24736742591176,33.26999139768522,72.21763865982105,27.650001159050177,9.26895823343736,8.0811032671198,12.392687541838846,27.963780974844155,1.0674483182534829,71.19111477285168,72.24267592698243,70.04344895721735,70.04485639220347,74.31836033682988,65.8133890058353,2.170214344020116,72.39368338446535,72.39829377116585,74.52529049373196,70.25398196705989,1.091645210503845,-2.3502344272479974,-0.20693015690207517,-4.440592961224581,244,323,107
2025,20242025,55,Colgate,Patriot,33,14,19,1330,64.7,46.8,1897,888,55.1,1091,601,35.6,806,287,73.0,433,316,1063,808,255,16,372,0,7,492,290,409,1002,2379,22.8,24.0,0.17,54.4,45.6,1920,876,51.0,1162,593,37.3,758,283,70.7,499,353,1097,810,287,19,364,0,4,442,289,415,1010,2388,26.0,26.2,0.17,53.0,68.2647628396163,14.119278788230995,56.58908046899187,2.7660688641246844,6.0104064077753385,46.495532007780064,52.94506362087017,34.724082855840834,72.96570217177346,9.259614344041355,10.370811783137796,9.59474444022757,12.110455265315872,33.31457164396609,1.1033083184491315,14.291868610781673,55.90726583794947,3.0051676447519693,6.227794448527042,44.99125273945041,51.98009224742392,34.034303125258894,72.21324197848803,24.526472204248886,10.836890318332976,7.841172582828664,12.296217155050819,32.57894801869122,1.1059319763698616,75.31708069790581,75.49618408363673,73.6497463892978,73.64004656626236,77.91482515818346,69.42590298408216,2.1573934370805348,75.28809416722545,75.28544583896317,77.37607479576154,73.2044172975487,1.0595189560279274,-1.638347777927649,0.5387503624219221,-3.7785143134665446,227,189,218
2025,20242025,56,Colorado,Big 12,35,14,21,1410,67.5,44.4,1912,849,51.8,1198,620,32.1,714,229,75.0,685,514,1227,893,334,22,504,0,2,580,364,395,1092,2441,35.8,27.2,0.21,50.4,43.2,2028,876,49.1,1228,603,34.1,800,273,70.2,698,490,1160,808,352,13,390,0,7,641,391,537,1070,2515,34.4,30.3,0.16,49.9,69.44154007576374,15.026137447872863,56.81476961514808,3.5228656700397014,6.161205086273816,46.1270419124215,52.370719596436444,34.555906191533246,73.60986195809276,10.089499166415955,10.756184010610566,12.684110798520713,13.576987286791063,34.63040079668351,1.1208498802310076,14.251803366622823,57.09339115291047,3.2695481502323993,6.3209655275844945,46.17338252820003,52.368769230497826,34.6700181791227,72.22669167028981,24.403315836660475,10.909132240500726,10.42827221264436,12.461242412614101,33.249660011067924,1.131954484387668,77.8335418769765,78.60466269154674,76.22517706492712,76.23376757312292,80.4105123707171,72.02026768379841,2.1451622722209134,78.65271206298941,78.648297490824,80.75971652507066,76.55734249765338,1.0707101392002167,-2.427534998062285,-0.3492041543535578,-4.5370748138549715,247,101,327
2025,20242025,57,Colorado State,Mountain West,36,26,10,1455,65.9,47.7,1996,953,56.4,1141,643,36.3,855,310,77.5,631,489,1257,955,302,17,414,0,2,620,280,483,1086,2707,31.6,24.0,0.17,55.5,42.2,2025,854,47.7,1256,599,33.2,769,255,68.5,672,460,1147,815,332,25,403,0,6,625,250,441,996,2423,33.2,28.9,0.17,48.5,65.58034443789445,14.983075182060206,59.970381797494724,2.8073525412271336,6.664520912160605,47.06841941876258,55.66733002410205,35.658247533749474,75.21433582455946,9.241267177332388,11.713950654411828,8.77986635203977,12.481060068847444,27.61162341420976,1.1466234828271311,12.211544334306378,56.60556153419927,2.2883918548855204,5.504191163168409,45.79558779931247,53.883496222950555,34.09294146600475,72.21401376612702,23.33724924989716,10.227503814861826,8.313914996122657,13.472132043002079,29.95942216665579,1.1142067514208533,75.19596294438142,73.07006253320701,79.30850931420463,79.30646678152698,83.59119723096288,75.05165550148193,2.185194348799093,72.2515005998321,72.2517582995706,74.371058207938,70.12924744233135,1.0838247214101993,7.057008714372529,9.22013902302487,4.922408059150584,25,34,102
2025,20242025,58,Columbia,Ivy,27,12,15,1080,70.8,46.6,1655,771,55.1,996,549,33.7,659,222,73.5,480,353,940,681,259,10,295,0,3,415,331,387,996,2117,29.0,27.6,0.15,53.3,46.8,1655,774,53.0,962,510,38.1,693,264,73.3,405,297,930,685,245,14,324,0,5,432,280,361,858,2109,24.5,26.3,0.17,54.7,65.64307109018459,14.721538100610202,56.09559293129538,3.510876214766368,6.708322812915037,46.11617531777796,52.92712909800926,34.39481374262983,70.95583151563093,11.906948107850909,12.731255638100489,8.028366346604832,12.140357734066509,34.41125292582256,1.1034137960452224,14.71820279203145,55.96745207560125,2.936620385648384,5.934149502699783,45.417347977781,51.527693270736904,34.17743444604114,72.22840221334774,24.789845071078545,10.464794822876147,10.008284812922406,13.507401983805869,31.91839146049869,1.0990254767422951,72.43147025568697,72.14340749971849,74.6710608483899,74.67370864513717,78.86269559233999,70.45741043337651,2.1483591213617603,75.0611856937354,75.07008427881517,77.16997535623057,72.93818491628186,1.0726478958104837,-0.39012484534549685,1.6927202361094231,-2.480774482905346,180,149,212
2025,20242025,59,Coppin State,MEAC,30,6,24,1205,66.4,39.7,1644,653,44.6,1116,498,29.4,528,155,68.1,596,406,919,629,290,24,447,0,6,522,314,460,850,1867,36.3,31.6,0.22,44.4,48.4,1670,808,56.1,1026,576,36.0,644,232,71.6,620,444,1114,802,312,19,434,0,4,497,369,509,982,2292,37.1,28.0,0.22,55.3,68.6158996704728,12.072678785931236,52.2385423842408,3.8189081423075577,8.204923649792729,42.13274485362679,47.89389639658221,32.637618837013115,69.35418681300611,10.797885464700142,14.478551812491485,9.40843810523635,11.98639722674227,28.81441569845998,0.9778923921120578,15.941184574554956,58.20652314172821,3.5314379253402177,6.211751588924621,46.13773176696833,53.94294492179947,34.98928209282982,72.22246661579952,21.917288280873844,12.118368411038054,13.879595979317859,17.520625822583188,30.97633704357173,1.1398757370488253,67.0989662656796,78.21359921014843,67.63138042105395,67.63384147252299,71.88308850795235,63.379801067851425,2.18101951884679,76.71190648811351,76.71978468548824,78.83361290638685,74.57947407187693,1.079317031607516,-9.080526067059566,-6.950524398434496,-11.199673004025506,350,350,266
2025,20242025,60,Cornell,Ivy,29,18,11,1160,71.2,50.1,1769,886,62.0,905,561,37.6,864,325,75.5,490,370,1014,756,258,17,346,0,2,473,415,391,1072,2467,27.7,25.4,0.17,59.3,44.9,1810,813,51.8,1106,573,34.1,704,240,69.3,551,382,984,679,305,13,328,0,4,476,314,402,1008,2248,30.4,31.0,0.16,51.5,69.5864194407022,18.87368820928644,60.13204115963505,2.981515088847693,6.547304463558028,47.77441307603942,58.147375148950424,35.676154115964295,72.8708095699784,10.31959508398636,11.513219129840714,12.079810489973996,13.708611217178019,33.32811877544873,1.18551389135803,15.861633755369397,57.705257138605056,2.9649066171752634,6.039618021562685,47.06769623685223,54.08020984919235,34.72790681611049,72.21878806241195,24.02042945684705,11.185934343207235,11.625851572191227,13.812595755673328,36.25564593407433,1.1456578278945173,82.49566689681895,79.7222261473917,82.82883604775522,82.81724738122692,87.06437301214171,78.51467688426568,2.1844870019418803,80.35308440997103,80.35608633301587,82.47198516943891,78.24434502255747,1.0666644541557746,2.4757516377841853,4.592387842702806,0.27033186170821466,104,5,351
2025,20242025,61,Creighton,Big East,36,25,11,1450,67.4,47.7,2041,974,60.4,1043,630,34.5,998,344,72.8,584,425,1346,1043,303,28,440,0,2,400,337,334,1154,2717,28.6,22.5,0.18,56.1,41.4,2364,979,46.2,1530,707,32.6,834,272,71.7,406,291,1234,844,390,20,285,0,5,573,276,493,1154,2521,17.2,31.6,0.12,47.2,68.0909947415627,15.080555381087523,56.282380230243064,3.260341542081954,6.8090980777232515,44.57238314204037,53.954582635814695,33.92248269711648,75.0875043261472,9.544374932323537,11.389537391459784,11.200428702115882,11.680534075198523,30.018927448969805,1.0964362549244744,14.284720257264224,54.61318406590327,2.91103662285756,5.803471276058783,45.428102644424236,51.321590924695265,34.10440703719849,72.21123447289885,25.41393424955975,9.812758845887208,8.845422187014483,13.626437685348359,37.10719409881214,1.1027068654889804,74.65743526852108,75.08440737949525,73.96407048011669,73.95113414134067,78.17141169493205,69.69869441672421,2.1512501896404346,75.09229247377186,75.09535933308642,77.17433840946528,72.99521250298321,1.075538218229054,-1.128221993655174,0.9970732854667688,-3.296518086258999,207,177,214
2025,20242025,62,Dartmouth,Ivy,28,14,14,1125,70.9,43.7,1710,748,51.3,904,464,35.2,806,284,74.2,520,386,1062,812,250,17,322,0,7,417,272,339,846,2166,30.4,23.5,0.16,52.0,42.9,1785,766,51.0,1109,566,29.6,676,200,68.5,410,281,1020,763,257,15,292,0,6,483,197,335,1014,2013,23.0,25.2,0.15,48.5,68.75789095885382,12.655304786847283,56.4277062989875,3.053449777975029,7.063405787566748,43.76980341832078,50.67012808235385,34.96947456421111,72.59010449992428,8.68938107420552,12.18684164132601,7.706109819771682,11.327663439365748,26.272094422260565,1.0750645764744988,13.367405055622688,56.16385785636805,3.4268412447015466,5.3630711806236295,45.721650529387546,52.987502911600245,34.32105117872219,72.22721844151256,24.894148231196688,10.110090085754337,9.253374365739152,13.78850624682013,35.24156946315259,1.1232419395994013,73.91917292295996,77.23174680338711,73.73919227356372,73.74974832705016,77.93530208075015,69.50701977901689,2.1575337178476977,76.44823471944022,76.44304100792488,78.56061792899197,74.36807567115457,1.0641549373942056,-2.7090424458765057,-0.6253158482418257,-4.861055892137685,253,181,261
2025,20242025,63,Davidson,A-10,33,17,16,1320,65.8,45.4,1891,859,53.7,1105,593,33.8,786,266,74.6,548,409,1095,828,267,19,318,0,8,488,225,409,1080,2393,29.0,24.4,0.15,52.5,44.9,1889,849,51.5,1125,579,35.3,764,270,69.7,525,366,1116,820,296,16,349,0,8,526,242,381,1042,2334,27.8,26.5,0.16,52.1,64.84226548776648,13.325184800025463,55.102081920510415,3.0910146294904877,6.1591019929334125,44.80075722500046,52.01390414747981,34.61406737296938,66.43585631762495,9.74649430913823,10.61102570580298,8.02477107509031,12.798595672986762,28.562413152461385,1.0780093660347074,12.304516735047653,55.106659661599004,3.8234533281048377,6.397819397345593,44.922430801776294,52.1136568276297,33.38922991097575,72.20833795138738,23.15680343795863,11.338485268526632,9.778267302900078,12.527898999500618,31.74432590949597,1.0696461653432667,69.90056951072134,69.35828063115946,73.05214689466186,73.04497395338515,77.34135184413009,68.82468930750076,2.180734396799619,70.02578980428757,70.02710391516436,72.12456292430615,67.93840901126747,1.0674622222431625,3.0263570903742902,5.216788919823941,0.886280296233295,86,224,38
2025,20242025,64,Dayton,A-10,34,23,11,1380,63.2,45.8,1910,874,52.5,1126,591,36.1,784,283,74.2,718,533,1157,827,330,14,354,0,7,536,415,448,1074,2564,37.6,28.5,0.16,53.2,43.8,1935,847,51.9,1109,576,32.8,826,271,74.6,594,443,1117,783,334,27,403,0,8,611,307,385,1012,2408,30.7,29.9,0.18,50.8,67.69377378993416,14.02810574451949,57.066658248840646,3.4743999100208525,6.728816493928309,44.83931002060877,52.461540039187994,33.91468849618969,73.21958303829314,9.184595531335347,11.618366047564342,10.33088318401432,15.561727936609067,31.042150624220824,1.0898754448658965,12.445097716798768,55.35221445711575,3.750468395505195,7.910712713408006,44.342308188547335,50.68633311433303,34.57840645568107,72.21003220077701,23.98515925856079,13.822801815060977,9.388849201192176,12.608053755745772,29.687567094444194,1.037026760567507,73.77778182395585,70.20025494396502,76.30275699708989,76.30732272478734,80.48499670923196,72.07129512704255,2.1437800979129933,70.84136461738888,70.84356225135247,72.95917095824778,68.70874590197374,1.0874860775019137,5.46139237970101,7.525825750984183,3.362549225068804,48,98,54
2025,20242025,65,DePaul,Big East,34,14,20,1390,64.9,44.6,1976,881,53.3,1064,567,34.4,912,314,70.5,549,387,1170,859,311,26,426,0,2,555,289,397,1018,2463,27.8,26.6,0.19,52.5,45.4,2056,934,51.3,1329,682,34.7,727,252,70.2,587,412,1191,845,346,12,365,0,8,500,374,482,1182,2532,28.6,29.1,0.16,51.6,67.3008466713444,14.73934589351022,53.9893617499738,3.653219714800491,7.138021467492078,43.548155924854136,50.434530289748395,32.887923146705056,68.34476507642738,10.441313901758974,12.046024333847718,9.010980186180326,14.48239949230177,30.25101304264306,1.0508805697350734,13.997067255079774,55.14671571389695,3.3201439169542097,6.812312478240959,44.36033835941938,49.266554480710795,34.44069244987376,72.21867562534739,23.052755317262648,12.4385550380794,8.797854765612366,13.673646344185567,30.075002621759012,1.0634710208124336,70.72515209363522,71.5725001111157,74.14245191401213,74.13091874153233,78.37961454234429,69.96131907763281,2.1459400059012865,70.8692520236315,70.8692276047538,73.0237871604019,68.70955028906774,1.0957108032739757,3.2731998903806243,5.35582738194239,1.251768788565073,81,169,56
2025,20242025,66,Delaware,CAA,36,16,20,1440,67.7,47.5,2081,988,54.5,1232,672,37.2,849,316,78.2,624,488,1151,884,267,24,426,0,5,597,442,461,1202,2780,30.0,23.2,0.17,55.1,45.5,2214,1008,51.0,1454,741,35.1,760,267,73.9,704,520,1307,895,412,17,395,0,6,566,330,491,1282,2803,31.8,31.5,0.16,51.6,65.30821222321524,12.511058750206555,56.975966171726554,3.07973438772506,7.19943498869655,44.85237635474782,51.72032668397763,35.29373449196667,74.90031346490987,7.2708676371589345,11.839262410814309,5.72135836882402,10.018790995722426,26.379482697710365,1.057726334328723,15.131914504226009,55.89502933625308,3.0878572974888367,5.920472553957469,44.27168634464808,51.334625037599494,34.2729113536399,72.2467864523068,23.964081645972268,9.700844157365047,10.510495580483852,13.505321053682446,29.71564944347994,1.1313462185367722,69.07821591642376,73.88619893813156,71.13084416486436,71.13091198134464,75.39890722033314,66.84168079923883,2.17375048562758,74.60719378281736,74.60453070470335,76.74366536675466,72.51093568283498,1.0820101764523866,-3.476349617953005,-1.344758146421512,-5.669254883596153,272,292,193
2025,20242025,67,Delaware State,MEAC,30,16,14,1210,66.1,46.1,1889,871,48.7,1469,716,36.9,420,155,72.3,640,463,1122,723,399,12,379,0,11,546,414,523,1102,2360,33.9,35.6,0.19,50.2,44.6,1724,769,53.2,1035,551,31.6,689,218,71.8,659,473,1018,703,315,20,447,0,10,538,336,433,948,2229,38.2,30.9,0.22,50.9,66.4975292386239,10.737579983548446,50.56381504711979,3.8886193732352083,6.460645301550207,41.120823940729856,46.025327196323715,31.576502736629767,69.44846746779565,10.105917116681042,12.861587579304787,10.547896031239048,12.753611301834926,26.336964688555895,0.9568049818179111,13.799479093500004,56.39056860711125,2.2891548014385705,7.420041554022171,46.27741360948233,53.329569756596015,33.30016560160041,72.21599143828165,21.81803052238892,12.801326161603747,10.667740772619798,14.463324755341095,32.978737856678784,1.0793931740753941,63.62516725409755,71.77697915304958,64.18751718297713,64.19627181227591,68.39347472158828,59.95035808097816,2.159298217949341,72.12701633850557,72.13586111828629,74.24239099920892,70.03137882301426,1.0798404400325463,-7.939499155528438,-5.848916277620646,-10.081020742036102,342,364,95
2025,20242025,68,Denver,Summit,32,11,21,1300,67.5,44.9,1825,820,50.9,1156,588,34.7,669,232,74.0,600,444,983,704,279,22,404,0,10,718,293,452,920,2316,32.9,28.4,0.18,51.3,47.9,1709,818,55.6,1072,596,34.9,637,222,72.8,859,625,1090,792,298,9,413,0,12,571,342,474,1112,2483,50.3,27.3,0.19,54.4,68.26405915089077,11.839931524503747,57.56118939856409,3.047317665597115,6.02870854321974,46.148153113138584,52.73675022117319,35.48424058567794,75.08092663568429,10.385968878107564,10.268366956414292,6.953218780959062,11.964452459745733,31.36768654849976,1.1540449789950136,12.869983918637862,58.0333062847075,2.271457428301475,4.986337114368597,47.76974170644698,55.055825721082876,34.52721272054408,72.21101734128547,23.313668188667453,9.698349729181002,10.80963567700173,12.691860482996333,38.19350402115521,1.1806687939284144,78.7797947089041,80.59724438634015,75.53351904355489,75.5293333227569,79.80651554935214,71.2853974891174,2.160422694361962,79.87652137444287,79.87986957120607,81.99715291475424,77.77013227090696,1.0823329134941138,-4.343002330887984,-2.1906373654020967,-6.484734781789555,294,122,345
2025,20242025,69,Detroit Mercy,Horizon,32,8,24,1300,60.6,41.2,1897,781,44.5,1351,601,33.0,546,180,73.5,550,404,1197,819,378,16,415,0,8,605,248,349,886,2146,29.0,31.6,0.21,45.9,43.2,1868,807,52.3,990,518,32.9,878,289,71.7,732,525,1141,795,346,20,341,1,6,519,401,516,952,2428,39.2,30.3,0.17,50.9,68.33584568195744,13.40788858781138,55.00945284765886,3.32238764621637,6.289798571520345,44.52230778330942,49.346079486501516,34.80703326167478,75.97118970673108,11.784169810524777,11.245449913858014,11.282578526370882,12.405589735265657,31.626143513520024,1.1035677276810403,15.239076914954822,56.014815439524796,3.3174783533106744,5.984194052277772,44.96854149084565,52.976591925655114,33.643657221605906,72.21640716780404,24.616772018509785,10.498238762274065,11.942611555649457,14.214382142764748,33.34068847749221,1.122527190133247,75.4132339384,76.70884483874686,72.83011486857603,72.82768304541753,77.04390649492346,68.59727191050638,2.1624403358189133,76.98457925395141,76.98582922244961,79.0666095751833,74.8902328968592,1.0642811733630906,-4.154464385375377,-2.022703080259845,-6.292960986352824,289,232,281
2025,20242025,70,Drake,MVC,35,31,4,1425,52.5,48.2,1753,845,55.2,1111,613,36.1,642,232,70.2,741,520,1074,721,353,54,387,0,4,552,209,569,1116,2444,42.3,32.9,0.21,54.8,44.2,1635,723,52.8,1005,531,30.5,630,192,73.5,577,424,887,644,243,26,476,0,5,600,173,360,964,2062,35.3,27.4,0.25,50.1,68.66543712343166,13.359666146126457,55.46083742691505,2.978704166534699,6.1924832059872825,44.12426114017096,51.79988485267039,33.91236460178883,70.28950114049155,9.684350462917058,10.563847884375345,8.024315827915085,11.756958504524311,28.76851195292441,1.0898278107657526,14.761285474955171,56.15266658826168,2.9763470950868065,5.468318911936235,45.097958920629885,52.09211945920511,34.570420067445575,72.2049526576169,24.952883547743784,10.23827924927945,9.075642232120963,12.823157803228947,30.520683917012253,1.118060762390396,74.83350301550297,76.77213098009379,74.55555480546703,74.54001588026838,78.79050867728063,70.41980377445329,2.139151451068972,76.01120972853029,76.01593897297757,78.094995919452,73.9048858447998,1.0711013045244453,-1.455654923063264,0.6955127578286238,-3.4850820703465075,220,157,245
2025,20242025,71,Drexel,CAA,33,18,15,1345,61.5,45.8,1898,870,51.7,1192,616,36.0,706,254,69.9,469,328,1214,850,364,31,402,0,4,486,199,335,1070,2322,24.7,30.0,0.19,52.5,41.6,1944,808,47.3,1253,593,31.1,691,215,69.4,542,376,1081,723,358,20,313,0,2,474,305,413,992,2207,27.9,33.1,0.15,47.1,66.77253976203843,12.939847603241182,54.36948998534207,3.1329801969237074,7.075924287533515,44.095046327631614,49.90659914228361,34.23609583417503,67.00794594094042,10.630429986419493,12.257589431055182,7.955846520654815,11.587538627543859,29.323380623567047,1.0451227857456176,11.648326985742495,53.50709641671796,3.446181827740773,5.971135669025847,43.004945288966525,49.27635140039804,32.74228168030079,72.23060612662465,23.984623273562864,10.848713508508608,10.32003159650606,13.36442542205152,30.336847557693,1.0551357649048787,69.78550276741163,70.45409481645986,72.49364733156933,72.48965264560005,76.72959717328514,68.277834808329,2.1592209712664534,68.56493758379888,68.56616970873768,70.63991886645127,66.46418247613097,1.0724717324078075,3.928709747770455,6.089678306833875,1.813652332198032,70,241,23
2025,20242025,72,Duke,ACC,39,35,4,1560,65.7,49.3,2289,1129,57.9,1269,735,38.6,1020,394,79.0,752,594,1488,1073,415,14,364,0,4,618,440,593,1334,3246,32.9,27.9,0.14,57.9,38.4,2287,879,43.0,1410,606,31.1,877,273,72.9,572,417,1207,805,402,37,443,0,8,647,224,377,980,2448,25.0,33.3,0.17,44.4,65.68089538681077,16.034478833192182,59.202077500869635,3.1950821696117324,6.52251615221573,48.07570270246273,58.53854594302686,34.31645831366525,72.27866798338748,12.022288536817237,10.856731541155206,9.947772467684832,13.414203429393964,36.5089704912224,1.2018816047741496,12.449733825980557,51.385109056973604,3.367362153785582,7.133438241585282,40.90106861405051,48.06803040525299,32.83386002361414,72.21525759966951,27.047600934443068,11.531490848271101,8.595976516129445,11.63786235054447,26.239431219522224,0.9922038476176482,78.94065995050317,65.16883711776589,82.33928745006124,82.3299611415747,86.58791427026628,78.13860496002737,2.1627565461860114,66.29436499390016,66.30125683054585,68.42822074238579,64.16063074717982,1.0839065743270668,16.044922456161075,18.159693527880492,13.977974212847542,1,6,3
2025,20242025,73,Duquesne,A-10,32,13,19,1290,64.7,43.3,1838,795,50.1,1052,527,34.1,786,268,65.1,544,354,1091,717,374,17,387,0,9,564,364,460,952,2212,29.6,34.3,0.19,50.5,43.3,1684,730,47.5,1077,512,35.9,607,218,72.4,659,477,1065,750,315,27,430,0,7,521,337,411,908,2155,39.1,29.6,0.21,49.8,68.08596540687822,14.404983176850784,56.18440065740031,3.764351517584119,6.813282072796678,44.89416313552173,53.93723215582196,33.345154225233074,72.19965847461793,10.490218168052163,12.331361576482571,11.675099835887021,14.533782354404181,33.00947585243326,1.0954083930258207,14.193726372308637,56.978432587589744,2.9764381408543668,7.3190566055215225,45.52899877319757,51.793845736623204,34.654384083164864,72.2172968718119,23.93331386825208,12.620511608612077,11.498085482620791,13.874860859086526,30.41953719456973,1.0942973793289403,74.5819379539601,74.50629351382771,74.77888889259353,74.78685940839352,78.96448449547532,70.56837278210912,2.145595203322252,76.12124809701233,76.11796879796242,78.2481697103854,74.00574190782763,1.0806542781137154,-1.3423592044187984,0.7163147850899207,-3.4373691257185044,213,143,251
2025,20242025,74,East Carolina,American,33,19,14,1345,64.9,43.6,2015,879,50.1,1312,657,31.6,703,222,72.0,725,522,1227,801,426,16,359,0,3,516,453,449,1132,2502,36.0,34.7,0.16,49.1,44.2,1953,863,47.6,1266,603,37.8,687,260,73.6,609,448,1147,794,353,22,393,0,8,571,351,411,1038,2434,31.2,30.8,0.18,50.8,68.18065776607558,11.906137770287138,52.57226876380024,3.345253882270936,6.8059737229391,42.79146457327855,48.555818026641006,31.834115501683147,70.56495534890657,11.969292093553648,11.988600839856526,8.682004584114235,12.080345516092684,30.921040108707803,1.0361674220165054,14.883737111323018,56.19791893345181,3.8052207974970895,6.5073088739036535,45.54106252316084,52.50688312086346,33.870566183448446,72.22213684665493,23.78857521371222,11.361942090538365,12.412707470735285,14.563112494744889,32.05834497496359,1.1175143648028518,70.64657638886416,76.19286445529659,71.4596515866409,71.46488368203254,75.75644980627375,67.22940218801695,2.1599083905205787,77.05121096682471,77.05793420026814,79.13534757929156,74.94617934789338,1.0655830006935292,-5.59155938018381,-3.378897773017812,-7.716777159876429,317,279,286
2025,20242025,75,East Tennessee State,SoCon,32,19,13,1280,61.3,43.3,1881,815,49.4,1101,544,34.7,780,271,66.1,605,400,1186,782,404,28,347,0,3,523,328,444,944,2301,32.2,34.1,0.18,50.5,42.5,1764,750,48.6,1047,509,33.6,717,241,67.1,577,387,1066,744,322,16,408,0,3,517,258,396,856,2128,32.7,30.2,0.21,49.3,66.48589927593676,13.95458447255127,58.310179016071686,2.90423875179514,6.030217483207558,47.646034572998204,56.11727000504568,34.21305293307734,73.60022726424894,9.253041490677775,10.523915993218894,9.562416916095936,14.582444105148362,35.31560724430242,1.1380186701878672,13.20163162153131,55.482079068999646,3.2656476506636034,8.120923094112738,43.8459226496932,52.32788898293298,33.66350960385822,72.22024184751612,24.020429238239487,12.182794425949824,9.610103411288085,11.624848253155509,28.244208386053444,1.065991651377334,75.66219468024603,70.87341356246291,76.32958995017388,76.34268238040211,80.46036845799128,72.14345796399829,2.1284717559005335,71.05973961278613,71.0570063616226,73.18636677683273,68.99223500642569,1.0772040884916954,5.269850337387751,7.274001681158552,3.1512229575725996,49,97,58
2025,20242025,76,East Texas A&M,Southland,31,5,26,1245,67.5,41.6,1714,713,51.1,886,453,31.4,828,260,64.4,480,309,948,644,304,22,475,0,4,520,324,482,848,1995,28.0,32.1,0.23,49.2,47.4,1746,827,52.6,1142,601,37.4,604,226,69.2,637,441,1139,778,361,16,420,0,4,479,370,565,1118,2321,36.5,31.7,0.2,53.8,67.61486770028394,14.552533949192402,53.94644587661889,3.2110291779224283,7.055813774217327,43.211280853987205,51.9377377535585,32.67722844998594,69.34470656006846,9.404528530556401,12.776900198448212,9.216401589247054,12.274606486612363,28.951916859880814,1.0208777526127668,14.637264215592143,55.88833365225482,3.219563047951817,6.733758455398656,45.36515844873453,51.16551345706128,34.67559744822232,72.21071822186416,23.397484240339235,11.752373455363172,9.76839865436919,15.004907010293385,33.18920103934768,1.1017887542096945,69.02651418107543,74.49730084954915,70.63039324562467,70.62798712173128,74.88875125684115,66.39924711108941,2.1588114668775273,74.50199641950843,74.50185358641681,76.61334815776061,72.39297263036595,1.075098101740621,-3.8716031738837557,-1.7245969009194653,-5.993725519276538,283,308,184
2025,20242025,77,Eastern Illinois,OVC,31,12,19,1250,51.5,41.2,1801,742,45.0,1281,576,31.9,520,166,67.8,608,412,1094,736,358,26,385,0,2,577,295,487,930,2062,33.8,32.7,0.24,45.8,42.5,1680,714,48.7,939,457,34.7,741,257,70.9,642,455,1125,800,325,24,463,0,2,520,250,386,796,2140,38.2,28.9,0.29,50.1,66.47671882061896,11.593214549176347,52.3272202093524,4.001907360604549,6.415391226668933,42.114713530303185,47.13648366092914,32.94812666830963,73.864847994413,9.907926088854504,12.248546793309195,11.497922667037864,14.347143080053925,29.2245653112319,0.9957567325829384,14.183833456394314,55.497612891669064,2.996200705444908,7.247200012428218,44.40982083508606,53.112333724667565,33.20727045354835,72.22961438525478,22.444086927027175,12.629050811472338,10.22979037394243,14.76112769448834,31.64096342053492,1.084059646716592,66.19464032565426,72.0647283195584,65.67618763138779,65.6843203161855,69.91280354711186,61.445334213856206,2.156674171609995,71.74165482071561,71.74459293415553,73.83107675189657,69.62480704969897,1.0725429982297876,-6.065467189327819,-3.918273204784711,-8.179472835842766,323,361,82
2025,20242025,78,Eastern Kentucky,ASUN,32,18,14,1300,65.7,42.4,2081,883,48.2,1197,577,34.6,884,306,75.0,559,419,1183,752,431,19,315,0,2,536,330,490,900,2491,26.9,36.4,0.15,49.8,45.7,1902,870,51.7,1204,622,35.5,698,248,70.5,596,420,1197,832,365,21,416,0,6,500,312,333,1098,2408,31.3,30.5,0.19,52.3,68.27180790122016,13.949420630858246,55.9386282543659,2.8335044698975076,7.017096364683875,43.96246542766722,51.94107044481267,34.35761652309292,71.52772143077065,11.834934253842846,11.787463891643858,9.525106895175757,12.131025055226715,27.71871782227202,1.111569135706,15.172748581681558,58.60444665289705,2.9893239769444877,6.222458561910032,47.37790129568607,55.574986359144305,34.43729806487956,72.22130963035872,23.26337292565666,10.6683951776019,12.411323276246739,14.390656923852937,34.49514966898705,1.163484952172098,75.88883450184535,79.4332211506538,77.13462677821235,77.15724881167199,81.31441129743877,72.81538444125395,2.1707290883971075,80.05482438779727,80.05675448033472,82.14365912815359,77.97404507485027,1.0616990769452843,-2.9201976095849176,-0.8292478307148201,-5.1586606335963126,258,71,347
2025,20242025,79,Eastern Michigan,MAC,32,16,16,1290,67.7,46.0,1812,833,52.8,1122,592,34.9,690,241,73.7,608,448,1043,722,321,19,416,0,6,578,360,438,1038,2355,33.6,30.8,0.19,52.6,46.0,1823,838,51.7,1112,575,37.0,711,263,74.5,685,510,1077,746,331,15,395,0,3,585,321,466,1010,2449,37.6,30.7,0.18,53.2,68.18982749582884,12.596567407673227,54.417572246416796,3.6161087586695833,6.546961830351838,44.685064634820584,51.135493820675514,33.11218233166571,72.94945166820425,10.005694960083689,11.866687501851935,9.318147898122815,12.458340463818688,34.37302715346071,1.0455852822821938,13.373760278678166,54.74628300735231,3.9560051365973883,5.960412995691346,44.426682934874705,50.818635874640286,33.637906731981886,72.22309794698327,25.10580014307371,10.990377324792103,12.119556100473908,13.051609271936796,34.00506250865202,1.0850260360034159,71.2982800310003,73.9877382235559,69.50893432250982,69.49521316517658,73.70045874559528,65.30200441369693,2.136754084966641,74.590890060409,74.58720534008847,76.69446230835413,72.51761036613553,1.0624537388623698,-5.081955737899179,-2.9940035627588486,-7.215605952438594,307,330,190
2025,20242025,80,Eastern Washington,Big Sky,32,10,22,1280,65.4,45.6,1792,818,53.4,1128,602,32.5,664,216,77.8,554,431,963,690,273,15,401,0,13,583,298,460,1058,2283,30.9,28.3,0.19,51.7,46.7,1787,835,53.0,1106,586,36.6,681,249,73.4,676,496,1071,739,332,20,419,0,4,534,328,419,1076,2415,37.8,31.0,0.2,53.7,67.88668369033626,13.657909444202895,57.54211147792802,3.0969576365228804,7.131729330623881,46.99646937663182,53.79679316451929,34.94534850639108,73.81418051564258,10.260424801804604,12.133642482799896,8.219553636053671,12.988180940051612,34.02203451688033,1.1207040289730157,13.567371516612237,57.975466254274956,3.3803365310912756,6.105929918617384,46.99646652313942,54.97483395848204,33.91663116422843,72.22803068719959,22.477127096047386,11.464573750555907,10.176172843767166,14.318920777734963,34.48318710502733,1.1322750149791607,76.08087992537655,76.86639579236103,75.09772934135091,75.09753094492467,79.28640916456469,70.88317070963353,2.155183489690203,76.72668724437342,76.73355940405861,78.82009815102933,74.66349831969794,1.0665572744680956,-1.6289579030225099,0.46631101353536053,-3.780327610064404,226,133,268
2025,20242025,81,Elon,CAA,33,17,16,1325,63.4,44.2,1857,821,52.4,1072,562,33.0,785,259,74.9,710,532,1314,897,417,28,413,0,4,447,301,373,978,2433,38.2,31.7,0.2,51.2,40.4,2058,832,46.4,1170,543,32.5,888,289,71.5,506,362,1087,691,396,25,296,0,8,586,322,468,920,2315,24.6,36.4,0.14,47.4,67.35127056788288,14.540466038500432,55.930232172175266,3.5913449700337354,6.509063489219193,44.91010370342572,52.69992363479807,34.085146003646884,71.43464945298646,11.361540009809636,11.102329687239699,9.185632519026562,12.831361386211956,33.8518848862007,1.1169834415029618,14.968539501995918,56.848238419676576,3.0746690135372305,6.601713561653108,45.4784633133882,52.798814890367076,34.73053421900099,72.2165648593522,23.49328469784063,11.365793990395172,10.151622033811458,13.661025981004645,31.173160214211855,1.1353902984662412,75.23025398851095,76.46997919214911,76.37875293633532,76.37746241201046,80.5667356887411,72.17255301215832,2.1406100281703475,77.12090268681618,77.12055036358086,79.19459118490762,74.99815665762897,1.0703935637164126,-0.7421497504808627,1.372144503833482,-2.8256036454706503,196,94,291
2025,20242025,82,Evansville,MVC,32,11,21,1280,66.6,43.3,1759,761,52.2,1040,543,30.3,719,218,69.7,535,373,1054,809,245,17,377,0,8,527,284,356,956,2113,30.4,23.2,0.18,49.5,42.1,1824,767,48.8,1014,495,33.6,810,272,73.6,621,457,1153,828,325,19,355,0,7,505,293,421,850,2263,34.0,28.2,0.17,49.5,67.93874199691682,12.79132188228584,53.90740882882994,2.654421690754466,7.2772113495391295,43.15298853398314,50.46394694898417,32.809097809607906,72.71734730427909,8.242049441602315,12.662678219225201,6.090748553623293,11.78494366497387,27.5888207465088,1.0013295397229318,15.41006490399018,57.797395188515615,3.3586160187352654,5.32604822133113,46.319676416171646,53.62353337503824,34.94045922042988,72.22599480521427,23.17780602874889,10.790604222763855,10.414953959799915,14.570666311853142,32.199542508661985,1.1426258736824837,68.02906925312773,77.62856443111592,68.11763448910612,68.13491690204498,72.39762906485194,63.805173503388325,2.1831794941547917,77.19219149538414,77.19529200722769,79.29490199336126,75.11927314321396,1.0722949488313516,-9.074557006278013,-6.897272928509324,-11.314099639825635,349,346,292
2025,20242025,83,Fairfield,MAAC,32,12,20,1285,66.0,40.7,1925,784,46.3,1196,554,31.6,729,230,72.6,500,363,1053,702,351,17,331,0,9,522,342,433,914,2161,26.0,33.3,0.16,46.7,46.5,1796,835,52.6,1138,599,35.9,658,236,76.7,545,418,1164,851,313,20,397,0,9,495,291,352,1064,2324,30.3,26.9,0.19,53.1,67.35034756812068,12.194194235100296,53.13079192043171,3.84908653597721,6.0465212838870785,43.37443231022277,48.87366461916731,33.73500319062374,70.58718446213604,13.096559501461318,10.557361422443538,9.277624082904984,13.476439539685003,32.14263564634556,1.0909783284630876,13.643776780541735,55.26784975865394,3.403506397343274,6.3812609576431445,45.04215798069975,51.0994107849918,33.96592232112217,72.22814670318648,24.243141397925065,11.294185667820221,8.727304903172826,11.600484901567844,33.77589754836485,1.0778300695645724,73.47776961127629,72.59222980454564,72.39694156530273,72.40473623114747,76.55984418243501,68.12747392146333,2.1645240466287015,72.91763108234875,72.92043869773188,74.99631616716664,70.81820642489481,1.0672730104025647,-0.5206895170460228,1.5635280152683748,-2.6907325034314766,184,246,124
2025,20242025,84,Fairleigh Dickinson,NEC,33,13,20,1340,66.5,43.6,1946,849,50.9,1127,574,33.6,819,275,71.1,644,458,1112,793,319,22,386,0,3,532,289,464,1072,2431,33.1,28.7,0.17,50.7,44.1,1989,877,52.2,1259,657,30.1,730,220,75.1,587,441,1225,857,368,25,419,0,3,551,294,457,1120,2415,29.5,30.0,0.19,49.6,64.61911554136387,12.100127292198518,52.950019185533755,3.118102380442696,6.405594335878922,42.08708237833399,49.98538413349691,32.54646361430491,71.02010046033365,11.42130158345907,11.696707485202959,5.235512358587918,10.854025904783363,27.136894457218304,1.036960687387065,12.962579489901515,57.08524518829583,2.0329061458291524,5.2815364930728945,46.03965444434328,52.9442201152081,34.496706527635396,72.22301514980116,23.17295545781957,10.868505778865204,9.290037499517743,13.487489360699128,30.219343199562474,1.110563926049956,67.00748247011684,71.76365865349278,70.14454754211798,70.16611132216222,74.42452070790128,65.84714333751668,2.178251811354688,73.17503762056398,73.17259276753461,75.26095452082953,71.03697349013122,1.0703962180845494,-3.0304900784460074,-0.8364338129282487,-5.189830152614533,261,322,134
2025,20242025,87,Florida,SEC,40,36,4,1600,68.1,47.1,2510,1182,56.1,1413,792,35.6,1097,390,72.8,875,637,1673,1124,549,20,444,0,3,684,615,588,1464,3391,34.9,32.8,0.16,54.9,40.0,2441,976,46.3,1532,709,29.4,909,267,71.2,794,565,1336,876,460,26,469,0,4,705,319,439,1246,2784,32.5,34.4,0.17,45.5,71.37182930488152,16.441505577992842,57.46387564302717,3.0407544697804694,6.40516221337672,47.32211434480291,57.19958295889384,32.53089608981283,71.92443147038796,14.759946970497186,11.648388136724938,14.744899164965064,14.485436937997344,42.120979375397795,1.1914056418034367,11.66461697297198,52.621580065255,4.63297054079475,6.568550452594265,42.19652915792645,47.45292835775718,33.43923436890947,72.22120198552734,28.023635812324535,11.081851562357997,9.458823956176097,12.500083720707734,31.206930203050756,1.0280944838498747,85.0328000996677,73.37698401062352,83.0477796929993,83.05393927480111,87.41276441020969,78.73447303801798,2.209097995165369,72.69681080918053,72.68761120588282,74.83104456530779,70.57073706750337,1.0839877923703447,10.350968883818766,12.581719844901897,8.163735970514608,10,3,115
2025,20242025,85,Florida A&M,SWAC,31,14,17,1240,68.3,44.4,1667,740,52.5,894,469,35.1,773,271,71.3,596,425,1029,742,287,18,411,0,10,534,316,365,846,2235,35.8,27.9,0.19,52.5,44.0,1749,769,49.8,1120,558,33.5,629,211,70.1,685,480,1042,710,332,20,340,0,8,491,368,487,986,2334,39.2,31.9,0.16,50.0,69.14584914763552,12.948124664926334,54.00399514461045,3.322713132207013,8.021612381644044,43.505974318813855,49.95866499182452,33.43143704384553,70.17285953098867,10.755713540360588,14.287476932311186,10.057000505641065,14.138412217101148,31.176419545745983,1.0152402120516917,12.802982863503983,55.739731249977105,3.186672130035577,7.866566272371404,44.82651225388493,50.45908442766547,34.27890811425569,72.22815058840303,23.686726772864375,13.243756807823658,13.804025193788114,16.37814513148464,32.41025870500903,1.067458980393063,70.19964655113976,73.81035762954755,70.19948554510079,70.19991042595802,74.46949684722826,65.92878142767434,2.166070894648681,73.52203958352897,73.5262407484957,75.63833326122813,71.40717195313167,1.0739462206556554,-3.32255403842818,-1.1688364139998697,-5.478390525457328,268,318,151
2025,20242025,86,Florida Atlantic,American,34,18,16,1375,67.0,46.3,2059,954,54.0,1219,658,35.2,840,296,69.7,679,473,1255,877,378,5,389,0,9,587,380,481,1210,2677,33.0,30.1,0.17,53.5,43.3,2067,895,46.8,1329,622,37.0,738,273,73.4,689,506,1222,834,388,25,395,0,6,581,364,444,1084,2569,33.3,31.8,0.17,49.9,70.24734635542187,13.185200637364773,55.75268717533026,2.9951707029397596,7.259470363064647,45.4983178756896,53.43512290096275,33.38925435288447,71.07113074707125,11.22480419191152,12.293095850534858,11.599717801858393,12.72985725209544,34.466648180474294,1.0903916384993946,12.508962535865209,54.73235401632987,4.807213322453675,5.908288147610264,44.07815026827036,50.13000855836387,33.7984149167828,72.22303608403539,25.91235140041821,11.117199390388233,10.651492994583668,13.71666098360627,33.838850958805814,1.0736057469055196,76.59711909272292,75.41795475204343,74.34593596322513,74.33963424336838,78.53697241931187,70.14153896288794,2.1509264899439198,74.94160072703987,74.9474291870133,77.06225810645357,72.809918592873,1.0790826096858153,-0.5956647638147388,1.4747143128582962,-2.6683796299850684,191,164,207
2025,20242025,88,Florida Gulf Coast,ASUN,34,19,15,1360,61.2,46.9,1990,934,54.2,1225,664,35.3,765,270,68.5,461,316,1208,871,337,17,360,0,3,506,286,400,1198,2454,23.2,27.9,0.17,53.7,42.5,1951,830,48.2,1106,533,35.1,845,297,72.0,574,413,1089,776,313,26,319,0,2,460,276,416,958,2370,29.4,28.7,0.15,50.2,68.11806095540186,14.490670346847102,55.52908021234381,3.2766272751238197,6.5427670926673,45.58730226852437,53.25799053901594,33.682761778971354,72.13577330123233,11.10341673116021,11.326446302215007,11.300101266033124,13.042018289495672,32.711067956868234,1.0972834454774756,14.02368166505281,56.99558090875483,3.3969883086310935,7.295835304588414,45.07975798983368,53.02243568554376,34.10579208063773,72.22139593968784,24.417649858280384,11.329999012327315,9.955059712225593,12.89799026740246,30.585169751211982,1.1160095256758316,74.74482062438805,76.02040489679541,73.8852648737421,73.87526153350542,78.07076607724998,69.65450283890961,2.150464671541021,76.82152525268062,76.80927372751805,78.93358205947713,74.71612965684953,1.0757092322627166,-2.9362603789385133,-0.8628159822271471,-5.061626817939924,259,179,272
2025,20242025,89,Florida International,CUSA,33,10,23,1340,64.6,42.5,1932,821,48.5,1347,653,28.7,585,168,70.7,672,475,1158,781,377,15,451,0,6,560,363,536,1172,2285,34.8,32.6,0.21,46.8,44.3,1858,823,51.4,1127,579,33.4,731,244,72.5,676,490,1145,819,326,37,486,0,2,577,321,489,1018,2380,36.4,28.5,0.22,50.9,71.00162172071238,13.346594377546092,54.98786232971711,3.3892157443788022,7.566081733813657,44.8023734267,50.05600355783342,34.1404069126722,70.58247572502059,12.058727892675245,12.499807260943214,12.266936547559414,15.944121411417443,35.22864473545842,1.0783238308496326,16.172569556181653,56.39598241041327,4.130330628477459,8.284437862542696,44.931824283169426,52.19196317638432,34.56451139018276,72.21474990828506,23.724445640141926,13.831078151277023,10.258900322324193,14.17560031111854,31.078474496480467,1.0978856182913121,76.56274073041506,77.95165936253017,74.82502899716823,74.83492978182505,79.05254450080083,70.54193708616523,2.1683488604894166,78.06144557146321,78.05746017983458,80.16647261352503,75.9796821042135,1.0743444237232684,-3.236416574294978,-1.1139281127241958,-5.437745018048261,267,141,318
2025,20242025,90,Florida State,ACC,32,17,15,1285,67.0,45.4,1838,834,52.3,1219,638,31.7,619,196,71.7,724,519,1107,781,326,5,393,0,17,611,338,451,1084,2383,39.4,29.4,0.18,50.7,41.8,1864,779,48.9,1079,528,32.0,785,251,73.0,699,510,1136,772,364,14,431,0,8,608,240,416,936,2319,37.5,32.0,0.2,48.5,69.89846152004519,14.121819737823252,55.97321570907585,3.7406955625343703,6.722602538280751,44.17101761324171,54.25503282182889,33.451302600864274,71.31705384385313,11.38983166656228,11.161299363401822,9.854407169753506,14.959901402632356,31.435041635463094,1.1211005076090552,15.00529978723148,55.77899822701624,3.7278454791851865,7.586805053008953,44.600777832157895,52.52767584183766,34.0865634533673,72.21243080317088,23.846495584146027,13.185809599593705,10.753847086568797,13.027157300934048,30.694752440408656,1.1022706617968006,78.36320069121467,77.0470234382784,76.63862922583336,76.63421127761558,80.93831281454251,72.37834452536099,2.1861072148021097,77.06714195537374,77.07281701590632,79.15770412116815,74.93303695359366,1.0737542055903457,-0.42851272954038677,1.7806086933743615,-2.55469242823267,181,90,289
2025,20242025,91,Fordham,A-10,33,12,21,1335,67.6,42.3,2008,850,49.3,1172,578,32.5,836,272,71.9,668,480,1199,798,401,22,434,0,6,618,411,476,1040,2452,33.3,33.4,0.19,49.1,46.9,1942,911,52.6,1320,694,34.9,622,217,71.6,746,534,1198,852,346,17,396,0,9,578,363,450,1246,2573,38.4,28.9,0.18,52.5,65.76173569832494,12.998034353722579,52.89849342665035,3.2445737645415402,6.094538543421373,43.435768348114564,51.35314923826622,31.8284959718385,71.47304200135443,11.904688371856855,11.33022397818693,7.938672978974975,12.877846907892733,32.52485303710045,1.0471294290260718,14.446523024875702,54.48094415282548,2.4473866338137054,6.845779317540794,43.75397655205854,50.967046862423125,33.71094337934253,72.20970822135297,24.60498665916964,11.058386389812066,8.98550867734078,11.784439167108493,28.209422920792594,1.0554567319259596,68.86104875355043,69.40866664593275,70.15389529509123,70.15666347520647,74.37166564318461,65.84041232403361,2.1845208031187866,69.4778317545048,69.47525672506242,71.5979992191776,67.35297821556642,1.0810295310702167,0.6760635405864264,2.7736664240070183,-1.512565891532816,155,321,30
2025,20242025,92,Fresno State,Mountain West,32,6,26,1315,65.7,40.6,1927,782,45.6,1247,569,31.3,680,213,69.2,701,485,1101,770,331,19,412,0,7,494,328,450,1070,2262,36.4,30.1,0.19,46.1,46.6,2068,964,56.0,1178,660,34.2,890,304,72.2,485,350,1308,910,398,21,418,0,9,586,353,494,1196,2582,23.5,30.4,0.19,54.0,67.92131226769457,12.630170793721174,55.072153121336406,3.3730636860203695,7.185215278066378,44.26812228965353,51.910494453671,33.23829929353166,73.95355304516886,9.735404775573235,12.448268249851001,9.416226716311932,14.31341679295891,31.72370275683134,1.069464535415731,13.808209937061664,55.446650798934755,2.4075769361603796,6.641674632703602,45.014605560365766,55.079838667027516,32.737083738301116,72.22332065001194,24.38005671447892,12.437805665441092,11.890490897835829,13.518028452300769,33.10791515311084,1.088781152042805,72.63943466919677,73.95144461907961,71.23020908035933,71.2211559492028,75.4624774046799,67.01282303056149,2.157860680434289,75.20487247065188,75.19959310738832,77.33511054444422,73.08497086312444,1.0904657389826131,-3.974663390292548,-1.8726331397643179,-6.072147832562948,285,287,216
2025,20242025,93,Furman,SoCon,35,25,10,1415,64.7,45.8,2024,927,55.4,987,547,36.6,1037,380,68.7,681,468,1270,902,368,24,391,0,0,522,304,525,970,2702,33.6,29.0,0.17,55.2,42.2,2077,877,48.9,1266,619,31.8,811,258,73.5,586,431,1199,823,376,15,394,0,2,568,278,452,1086,2443,28.2,31.4,0.17,48.4,67.18838382242542,14.718095762023234,57.28280229072067,3.2817416401393587,7.320568201373852,46.47201416300032,57.78422953354435,33.892609156584754,69.78340618452722,10.154725602939651,11.93407788609609,8.892956773040712,11.172966797069542,31.90885746387062,1.1104083527779207,12.856767225042535,54.28211343940482,3.2669792843536634,4.876518662077418,43.95857848486254,51.76644177888322,33.43176045898496,72.20961232090745,25.807268333868098,9.659106615150563,9.555490373316347,13.615601912957102,31.49511045437195,1.086675938530069,74.60654260607011,73.01200004855265,75.29204858604002,75.2918735176188,79.50157673970064,71.03887443642793,2.157122750099581,72.61581371824363,72.6045751540702,74.71663890453843,70.49307759487237,1.0650615438449107,2.6762348677963956,4.784937835162211,0.545796841555557,96,129,113
2025,20242025,94,Gardner-Webb,Big South,31,11,20,1240,64.9,46.4,1774,824,53.1,1186,630,33.0,588,194,69.2,643,445,1128,773,355,18,451,0,9,584,233,352,1190,2287,36.2,31.5,0.22,51.9,45.9,1859,853,54.2,1153,625,32.3,706,228,70.5,692,488,1044,709,335,19,321,0,5,568,331,498,1128,2422,37.2,32.1,0.16,52.0,70.76322488908772,10.662368315540323,52.96274463166861,3.3946211060436227,7.744509932067265,42.89683394758828,49.376952871304944,32.86181092758606,68.26420338964905,9.037361294088713,13.321885971088298,9.630244549720562,11.66630995668674,31.151934976680348,0.9872551385809305,16.1107584638385,58.45768997671363,2.6557936695202953,6.200534192106707,47.8369408455526,56.688526340378985,34.16327352360414,72.22006582377776,22.65308915574405,10.967617630764092,10.977876186701797,15.331524994816299,39.38602313780691,1.1813067085949656,69.86135739430985,83.59307228329357,66.78065759671365,66.76725142375207,71.06159491541847,62.538918682096025,2.1573845960778364,81.58898902480273,81.5907333675938,83.69713724537729,79.46939019285172,1.0758618846340287,-14.808331428089076,-12.635542329958824,-16.930471510755694,364,355,360
2025,20242025,95,George Mason,A-10,36,27,9,1470,64.5,45.5,1908,869,51.5,1203,619,35.5,705,250,71.4,807,576,1310,946,364,26,466,0,20,595,279,539,1094,2564,42.3,27.8,0.2,52.1,38.3,2031,778,44.7,1096,490,30.8,935,288,71.5,632,452,1160,773,387,34,461,0,17,682,306,508,842,2296,31.1,33.4,0.19,45.4,65.45835941538174,12.557522649705687,56.49042147376798,3.387666216655148,6.322150420923979,46.07209172185374,53.19989157421396,33.19237245346877,72.02841607030187,10.038322235234451,10.598933030941666,8.892992650681327,12.22274801435765,33.39602860198648,1.1191827431723047,13.235122157001687,54.17185415569366,2.990698782377122,5.281449294614383,43.620987148943634,51.09718789118376,33.52267584752001,72.21113679538762,24.707186810154575,10.23166816726809,8.778408635363492,12.151392903747912,30.053107465530378,1.0768216411587903,73.25986625406559,70.48697801323331,76.01031891544547,76.00688957863997,80.29393714484604,71.7540993051467,2.157149275580095,70.39709993024299,70.40025108615137,72.49594415306109,68.27378818095758,1.072850673483453,5.613218985202479,7.797992991784952,3.4803111241891145,45,106,48
2025,20242025,96,George Washington,A-10,34,21,13,1375,66.9,44.6,1906,850,54.0,1106,597,31.6,800,253,69.4,770,534,1189,822,367,19,429,0,8,511,343,518,1162,2489,40.4,30.9,0.19,51.2,42.3,2001,846,49.1,1219,599,31.6,782,247,73.5,528,388,1185,792,393,18,450,0,7,588,310,497,1026,2327,26.4,33.2,0.2,48.5,68.74013097827036,15.192110924196717,57.33400512904101,3.3461624120292783,7.672450263212507,45.74093710955562,54.74154062273894,34.30586965435239,72.09111508793657,12.289101408601626,12.705372739825826,9.304456824640127,13.99004841380225,33.38854069966937,1.1360821354488364,15.443417123151285,56.18340813677139,3.4520148635397505,7.14366164463313,44.95373169480556,53.241167667843264,33.82090659761088,72.2214908013313,24.444182319288817,12.27673242350742,11.460897422722915,14.743927716143682,32.02233350079156,1.0782025476268968,78.0944347928261,74.11578434497767,79.10766485460661,79.10336161537822,83.36984944171553,74.92644850350962,2.161627996101155,74.67707341412302,74.67054579198737,76.77815205945227,72.57489152930395,1.0734199533077606,4.430591440483596,6.591697382263263,2.351556974205664,59,38,198
2025,20242025,97,Georgetown,Big East,34,17,17,1360,67.6,44.5,2043,909,52.1,1273,663,31.9,770,246,70.8,537,380,1193,820,373,18,397,0,10,524,420,496,1128,2444,26.3,31.3,0.17,50.5,42.7,1956,836,48.6,1172,570,33.9,784,266,76.0,566,430,1166,825,341,42,448,0,12,518,315,409,978,2368,28.9,29.2,0.2,49.5,65.72389144234073,14.589300212347334,54.77296161846313,3.4150170576349637,6.2876009103998625,44.21739745428034,50.98123758554977,32.56055684684835,73.6771508050043,11.053738823014863,10.78950802328222,11.578324069349499,13.104268768013076,32.611495338632,1.0931721495512448,13.859122008011482,54.880123506495224,3.5319177069046725,6.531568731499632,43.67374448455146,51.04365258793327,33.76684025941037,72.2183308841924,24.24685510510771,11.125855243522466,10.474771328149913,12.3014690059833,28.64827509187101,1.0943620029078587,71.84752768489628,71.92572947773867,75.56557639870542,75.55619361661005,79.85822970210816,71.33690830662277,2.170710099363618,73.18963621010576,73.18670756175666,75.26908809006835,71.11224523426823,1.0663433903316895,2.3759401885996567,4.5891416120398105,0.22466307235454508,107,120,135
2025,20242025,98,Georgia,SEC,33,20,13,1320,67.7,46.0,1870,860,53.7,1178,632,32.9,692,228,71.7,750,538,1203,812,391,19,427,0,8,549,336,459,1138,2486,40.1,32.5,0.19,52.1,41.3,1959,810,47.9,1168,560,31.6,791,250,73.7,593,437,1077,696,381,21,407,0,8,655,329,488,948,2307,30.3,35.4,0.18,47.7,72.90740141537002,14.396074012108839,57.66911732320108,3.543449722358597,6.924393788149307,46.1463388888083,55.81423630383909,33.701864191863756,74.26213499745592,12.576946445677923,10.976101093095117,17.908924723293723,17.027894991672312,37.47909463933194,1.1836076381201948,14.002601759740942,54.95763867804023,5.377231434728945,7.9952762397939185,44.586732376193346,51.41438822837067,33.755061010227536,72.22279876586909,24.75951959248377,13.260748214577482,11.96020599523199,12.612044243562249,35.886251795872866,1.094812180808019,86.29375719072705,79.81991114060689,80.61984512545537,80.61144072070852,84.84763215937694,76.34703152190596,2.1618714997399624,79.02315824429049,79.03377724228295,81.16821496242669,76.9089148091999,1.085712676070514,1.596686881164885,3.6794171969502543,-0.5618832872939379,132,20,334
2025,20242025,99,Georgia Southern,Sun Belt,33,17,16,1340,65.1,43.0,2063,887,49.9,1151,574,34.3,912,313,65.8,550,362,1233,811,422,15,444,0,9,648,350,525,1086,2449,26.7,34.2,0.2,50.6,43.5,1924,836,51.0,1159,591,32.0,765,245,71.3,825,588,1260,861,399,28,427,0,6,514,377,499,1026,2505,42.9,31.7,0.2,49.8,71.99303946489317,11.256099606530707,56.248000058745035,3.0215440699974305,6.535186636612178,43.72771968158282,53.08996310036905,33.524292825986926,73.73241928477579,10.681492924381386,10.786298278321603,9.874929544624399,15.480696609370499,30.647687591522303,1.111939894941519,12.72846767552067,56.92865490815134,3.5062453971300167,7.793638212891383,45.59111008159346,53.09507306805551,34.12748164599973,72.22603391961133,23.133198769421472,13.170456734566741,10.979304164254653,12.114694611662012,34.22145280847932,1.1145640951118962,80.05193273911394,80.24085688554369,75.1270715499494,75.11146518847292,79.38794264843548,70.88341834575775,2.1675640450053923,77.43096592775919,77.43362868619148,79.53074360922973,75.30144927037551,1.076676047623046,-2.303894377809783,-0.1428009607942471,-4.418030924617767,242,132,299
2025,20242025,100,Georgia State,Sun Belt,33,14,19,1325,59.2,45.0,1997,898,50.3,1322,665,34.5,675,233,68.6,656,450,1253,861,392,21,389,0,8,525,292,403,1088,2479,32.8,31.3,0.2,50.8,44.2,2136,944,52.2,1246,651,32.9,890,293,71.7,561,402,1186,789,397,17,308,0,5,554,358,482,1126,2583,26.3,33.5,0.16,51.1,68.48166828764707,11.62693801914044,52.21324862679368,3.050958971103591,6.1169054723535465,40.006382606493155,45.570613955342246,32.11454716978219,75.61011426037346,10.45081928430418,11.117521632211243,7.612810196066878,11.974465943578455,23.6538852892426,1.0221067166404227,13.53043973075161,54.87827359429807,3.1391678213262333,6.673282971701172,44.479665157998774,51.56639411704802,33.4951262059706,72.212179150774,24.036946928531965,11.378957150115982,10.120444828772225,13.516987169744231,33.60199095877584,1.0909665670385111,69.99557312354551,74.71121055684439,70.47401943305948,70.46805620179637,74.79203841984578,66.1969178467801,2.1981464622824998,73.52805232729189,73.53412196695452,75.60578208000946,71.43927419566958,1.0642275491561521,-3.0540328942324066,-0.8137436601636807,-5.242356348889487,264,313,152
2025,20242025,101,Georgia Tech,ACC,34,17,17,1380,68.2,43.9,2045,898,49.5,1292,640,34.3,753,258,68.7,627,431,1262,891,371,26,414,0,3,538,306,445,1102,2485,30.7,29.4,0.18,50.2,42.1,2079,875,46.9,1231,577,35.1,848,298,72.4,584,423,1212,855,357,12,375,0,5,555,400,446,996,2471,28.1,29.5,0.16,49.3,71.55593956272953,15.233435004834279,54.559212222523236,3.9876095237975004,7.739514520005002,44.48005489678511,49.38098547384426,35.21434107145887,71.18902351193707,10.56702699740478,13.18341702320415,9.185149758431955,12.283126185759425,33.07643353347572,1.0411781180763875,14.971328636453801,54.87696276558271,3.7458475834203493,6.09868697329284,43.537575344372705,51.00643267813485,33.79931878057803,72.21610640162362,25.858664120818972,11.173224755486007,10.694538162933119,14.259523837247555,30.247942977047117,1.097995226920515,74.50247849111045,78.56808009768987,71.14524838216597,71.14811341513968,75.42692802466966,66.87800733976123,2.1712497816872993,76.76259552309021,76.76111737705789,78.85375784758655,74.70217112846075,1.0673534824020605,-5.617347140924238,-3.4268298229168863,-7.824163788699522,318,290,271
2025,20242025,102,Gonzaga,WCC,35,26,9,1415,68.7,50.1,2212,1108,57.5,1469,845,35.4,743,263,80.4,678,545,1339,954,385,9,334,1,12,590,502,547,1488,3024,30.7,28.8,0.14,56.0,41.4,2104,871,48.9,1258,615,30.3,846,256,72.9,616,449,1148,798,350,39,449,1,6,617,248,362,1020,2447,29.3,30.5,0.18,47.5,70.39708324027352,17.544768161394913,57.61790556131573,2.8918550087359645,5.7494965993222795,48.78350416752053,56.51796868854538,33.34876188783728,71.42612217255684,11.784379149449274,10.075635897368146,13.867612701481226,16.463928712923583,42.29345539193593,1.1800276241353094,12.54697521385909,52.20077151133164,3.5278252126128655,8.006325950542683,41.31213566385759,48.106931668561785,32.699086876795924,72.22064725019327,27.052999247960496,13.58071134510607,8.276952834569666,10.624369180240132,27.247823976416733,0.9866402357460192,83.07050288207556,69.4565948040156,81.15296322502407,81.15361938155206,85.5203004235014,76.83154384737863,2.2115437187828753,69.92434863732939,69.93278531662972,72.03055893416222,67.81074074844626,1.072637267865895,11.228614587694679,13.489741489339181,9.020803098932362,6,14,36
2025,20242025,103,Grambling,SWAC,34,12,22,1370,63.7,42.9,1863,800,47.8,1216,581,33.8,647,219,72.9,620,452,1150,848,302,16,431,0,11,558,312,470,960,2271,33.3,26.3,0.2,48.8,41.8,1953,816,45.4,1281,582,34.8,672,234,73.9,589,435,1181,823,358,27,422,0,10,519,360,466,988,2301,30.2,30.3,0.19,47.8,67.57899215776553,12.423588590243666,54.552744001961074,3.978743393879275,7.898830478439083,43.27599228164774,50.1101222722528,33.27904821391554,72.93658728138598,10.264897238216356,13.947068635175553,11.16577869655974,15.089004640692666,29.345887110359712,1.0285633017599414,12.807813304558021,54.86082539484119,2.938285865697133,7.399533187987506,44.39851221162393,50.7442279138756,33.31501527293254,72.21666780669354,23.12831415422706,13.76972958288054,11.171758331287283,15.418320548397869,31.483488898867062,1.0460056022939006,69.5092713034005,70.68800439439832,70.45948129531659,70.47622359593895,74.61840256804072,66.16896337705569,2.157952928416468,71.34425717301438,71.33905829486962,73.47548246164429,69.21844057756341,1.0824204670862045,-0.8847758776977912,1.1429201063964314,-3.0494772005077238,198,314,67
2025,20242025,104,Grand Canyon,WAC,34,26,8,1365,69.3,45.6,1986,906,53.1,1309,695,31.2,677,211,73.1,873,638,1263,884,379,26,448,0,8,596,359,538,1188,2661,44.0,30.0,0.19,50.9,41.2,2027,836,46.2,1326,612,32.0,701,224,72.5,643,466,1148,788,360,21,507,0,9,689,327,495,1072,2362,31.7,31.4,0.21,46.8,66.89689663495534,13.035450676382274,56.511759869728415,2.9891097945714806,6.4779330739304495,45.49905234784004,53.86591438548858,32.90219435879884,74.38980231463482,10.558856888217456,11.930676044671763,10.57316882942002,13.601849662535118,32.929823586210006,1.1071042116291196,12.206336511293783,53.94961442245692,3.4509511339646535,6.628820524588463,42.73067004615763,49.22528382548251,33.41403219756721,72.22345685407191,25.47655325289764,11.916632874563856,9.271079912132997,12.948332083264683,27.477132759383593,1.0333618773304478,74.06183600947693,69.12870269427837,74.84545725185662,74.83004727221132,79.11202871130233,70.60834979536382,2.1568282501741813,69.91158249602503,69.90951711218096,72.01305780523835,67.83674111896202,1.0683248854016296,4.933874755831582,7.0989709060639825,2.7716086764017973,54,140,35
2025,20242025,105,Green Bay,Horizon,32,4,28,1285,68.1,43.2,1716,742,52.0,928,483,32.9,788,259,78.4,630,494,958,761,197,20,400,0,8,585,234,316,894,2237,36.7,20.6,0.18,50.8,47.3,1923,909,54.2,1152,624,37.0,771,285,69.0,677,467,1185,836,349,8,320,0,7,550,307,476,1122,2570,35.2,29.5,0.15,54.7,65.63097488628631,13.67889746473202,58.908941545198616,3.137374822141897,6.228157659503715,47.3579616881257,54.26571470746359,34.81913469997756,75.36176497315033,8.10767610983827,10.622326825025155,8.409377088179125,11.06290833388378,32.752436888461325,1.1324276782212728,14.512653171787944,57.2481750583583,2.853198634985362,4.766870471746089,45.60830393976483,53.030082278833255,34.65940486543001,72.22591709492697,23.359578015339622,9.241628864075453,9.589323389657775,12.373506693253567,30.90766413605797,1.148023653628061,74.32233250987586,75.34591158012593,76.89302441626182,76.86956940401795,81.15494178368702,72.65007042306073,2.167385938121349,74.89248265043784,74.8913259722266,76.9995691831897,72.80284147888142,1.0717385243331652,2.000541765823982,4.155372600497316,-0.1527710558206934,116,83,203
2025,20242025,106,Hampton,CAA,33,17,16,1325,59.9,42.6,2010,856,48.0,1269,609,33.3,741,247,71.2,604,430,1196,761,435,27,356,0,16,602,305,489,952,2391,30.0,36.4,0.18,48.7,45.6,1736,791,52.9,1095,579,33.1,641,212,71.7,718,515,1083,799,284,22,424,0,7,522,337,392,1020,2309,41.4,26.2,0.21,51.7,66.46585343911262,11.691759186857013,52.61717468715409,3.8426028281528093,6.295028292997171,41.992828046876355,48.77827054099551,31.53062193674605,71.90264829217361,11.880118160661885,11.412849772951052,10.49445224663123,12.729495398125035,28.113836699774698,1.0416750758456952,12.673737726491012,56.07500072263061,3.104085143280713,6.421486372428612,46.006953024978124,53.67080192691288,33.38143025317796,72.20603019130506,23.109401695780846,11.549950000103994,10.888735208646574,12.871944938347813,33.10129009495918,1.0852996421491357,69.2358229223365,72.13536695260582,71.50189713282063,71.48564706454891,75.7674031956884,67.36149034180217,2.1494405181411516,72.41314965446401,72.4068670278985,74.52150754428975,70.32091579904011,1.0718206757575766,-0.9112525216433767,1.245895651398655,-2.9594254572379413,200,277,110
2025,20242025,107,Harvard,Ivy,27,12,15,1085,64.0,44.3,1532,679,52.3,921,482,32.2,611,197,76.7,382,293,854,630,224,19,322,0,3,383,227,359,772,1848,24.9,26.2,0.19,50.8,45.9,1587,729,53.3,997,531,33.6,590,198,74.9,386,289,947,668,279,15,316,0,3,374,232,380,978,1945,24.3,29.5,0.18,52.2,64.90436653568149,13.922095774768156,56.99776923118584,2.7913707365544544,6.580172536537379,46.00764784003576,53.70916103631129,34.450413733509485,77.63963884474458,8.804928462362813,11.294907035447444,8.112006207952385,13.315285262491608,30.556940194981188,1.09189003332908,12.78710920070386,54.44937094337633,3.63100265019232,7.069484046281474,44.469673336902005,51.92241077399331,33.46853554443997,72.22442066947549,23.80102260552888,11.296907058207129,7.262950954585478,12.66216365035537,31.688624582103664,1.0512998911222258,70.86843093984808,68.23395347231899,72.00149140096208,71.99904149118126,76.2704583529653,67.74487698935003,2.168577436871885,68.47113593461097,68.47101083644728,70.59974051987687,66.34708970435166,1.0784710074007724,3.5303554663511107,5.670717833088432,1.3977872849983726,75,260,19
2025,20242025,108,Hawai'i,Big West,31,15,16,1250,65.9,44.9,1658,745,52.9,1024,542,32.0,634,203,73.8,650,480,1102,794,308,16,418,0,3,548,217,289,984,2173,39.2,27.9,0.2,51.1,43.6,1793,782,47.7,1210,577,35.2,583,205,74.7,588,439,933,675,258,13,278,0,7,601,348,512,952,2208,32.8,27.7,0.13,49.3,71.02455120704737,13.133368824716227,56.43765536792727,3.181680401919013,7.469505830630384,45.554118884056514,54.18224993894205,32.85678134263707,72.76079714693685,10.724881878020236,13.336473660622882,10.460594241209058,13.817950538655513,35.47033067893283,1.0892174995926738,10.936571377838824,52.94587705831926,3.678448931108746,6.483205556268658,42.96873570044795,49.347676215478714,32.60227650810598,72.21451340340286,26.73353969101803,12.008078443115293,11.021816568442878,14.090433375437897,32.697785451255825,1.021977440275244,77.36118407543195,72.58548903927625,74.56874488289874,74.55958190668929,78.82924240579321,70.33143077708021,2.1623451327872627,71.65912824268864,71.65532706229601,73.77046913766183,69.56767839951888,1.0710576686624624,2.9096166402101034,5.058773268131375,0.7637523775613317,88,154,80
2025,20242025,109,High Point,Big South,35,29,6,1405,66.7,49.2,2031,1000,57.6,1233,710,36.3,798,290,76.1,746,568,1261,872,389,19,363,0,12,634,392,515,1298,2858,36.7,30.8,0.16,56.4,42.7,1982,846,48.2,1279,616,32.7,703,230,69.9,702,491,1088,723,365,22,405,0,9,640,272,394,1044,2413,35.4,33.5,0.17,48.5,69.55267768701576,14.976238998852715,58.17076023988617,3.6143632869182167,5.429612873349617,46.54662472333189,56.00273779973214,34.03651314536069,73.30813994016636,11.325849587143544,9.732279447159087,15.029537279707009,17.201385253413555,36.33734948613669,1.186181320955754,13.526373431670722,55.14990044304464,3.4750943885288574,9.311621029529098,44.433534584888534,52.2713340818839,33.666118448072964,72.21433907223178,23.987764144666333,14.44922482992964,9.692676569694996,11.30700792096493,31.94718117701847,1.048557354694839,82.50208709479415,72.92997172744,80.43958679750388,80.43088640229975,84.65450089849361,76.23065077916677,2.1543530992521136,73.4580479093331,73.45866033351533,75.60594428061229,71.34359324186589,1.0813670919830536,6.981538888170775,9.048556617881317,4.887057537300876,26,22,149
2025,20242025,110,Hofstra,CAA,33,15,18,1340,62.7,42.7,1861,794,49.2,1059,521,34.0,802,273,71.5,477,341,1173,883,290,30,371,0,3,580,244,393,904,2202,25.6,24.7,0.18,50.0,38.6,1833,707,41.8,1096,458,33.8,737,249,70.3,680,478,1176,840,336,23,362,0,5,507,186,409,762,2141,37.1,28.6,0.17,45.4,64.7669868416575,12.771764285087203,56.11248210050918,3.465733339217272,5.491218338217766,44.314799755139525,49.450564334130725,35.68131601662776,73.98827450651842,11.847215124167874,10.79331964804121,7.57663791199886,11.895691846571127,28.001354230482708,1.1339933112776042,12.775208933871223,52.37557682589073,3.5575442154134005,5.250213975643389,41.19362257525659,46.739067896275365,33.100156039311784,72.22048254859764,25.558902817366484,10.366205767394487,8.106960710308154,12.052512734890563,26.46246586099534,1.053710418819139,73.4453298700442,68.2456488305766,75.33187558670672,75.34202390023509,79.62116508828088,71.06103178404554,2.180021306503961,69.44220070664228,69.44230758387559,71.56208117438806,67.30518987186929,1.082863341676471,5.889674880064433,8.05908391389282,3.755841912176251,39,126,29
2025,20242025,111,Holy Cross,Patriot,32,13,19,1290,63.7,45.6,1807,824,50.6,1052,532,38.7,755,292,72.1,398,287,1042,803,239,24,381,0,2,443,127,333,862,2227,22.0,22.9,0.19,53.7,45.8,1902,872,53.7,1174,630,33.2,728,242,68.4,469,321,1077,785,292,13,299,0,1,439,232,443,1122,2307,24.7,27.1,0.15,52.2,66.21367511738092,11.31208351388209,55.03823551759898,3.029294774417326,6.425203917542801,44.33684550646842,50.984038426671475,33.09853218721577,74.8147329727003,7.946997320128112,10.419032171383245,7.785075374094022,11.572584032683423,28.853802068636085,1.050796562363763,13.70176011407418,57.172581059106314,2.097529254421332,5.737947787916589,47.157072869232195,55.4270245611449,33.79835130286076,72.2257477213057,23.56251095064633,9.828127099882982,8.400582273896783,11.946471463738682,34.98155863915019,1.1230947033187602,69.5771021948149,74.36422781159969,69.9096633850712,69.88425991699242,74.18924617205427,65.6890703300118,2.160824770251639,74.39740251318784,74.40114329559151,76.4996296706154,72.28045674795287,1.0783035865372934,-4.487739128116644,-2.310383498561137,-6.591386417941067,296,324,181
2025,20242025,113,Houston,Big 12,40,35,5,1625,62.0,44.9,2384,1070,47.8,1556,744,39.4,828,326,74.0,649,480,1475,963,512,25,360,0,7,651,304,644,1164,2946,27.2,34.7,0.14,51.7,38.3,2054,786,44.5,1162,517,30.2,892,269,71.8,703,505,1263,877,386,38,529,0,15,635,249,375,880,2346,34.2,30.6,0.21,44.8,65.86908471796986,14.375611169990933,55.37682974066001,2.6986276315712594,5.098777059472027,44.64262394500164,51.574333657009085,34.526435442549705,75.34805037542368,12.323236291136654,9.02078585578863,8.174057852776325,16.15686821697039,28.993912232582066,1.1592438321935528,11.652827146460002,52.39478116514961,3.6310388750605878,7.295276707339268,41.247741480879924,47.162606490313294,32.95918829348803,72.21170004939987,24.16221842982524,12.920902149419689,7.481412044565123,10.522350686587485,25.581214940930415,0.9982942190179838,76.35833019154116,65.75672648595513,76.08492202990362,76.06930561758963,80.36767635084817,71.76613884939437,2.1880119155315523,65.00478248301818,65.00870581338022,67.08216998374279,62.90629032787132,1.0759671015429342,11.080139546885448,13.285506367105384,8.859848521523048,7,105,1
2025,20242025,112,Houston Christian,Southland,32,12,20,1280,64.8,42.3,1753,742,49.9,984,491,32.6,769,251,68.7,547,376,1000,704,296,19,374,0,3,435,312,390,892,2111,31.2,29.6,0.18,49.5,47.0,1782,838,53.9,1219,657,32.1,563,181,69.8,520,363,1133,811,322,22,381,0,4,478,310,434,1172,2220,29.2,28.4,0.18,52.1,66.18431180611965,13.78820344411368,54.51799409930683,3.296115782403542,6.7295801016919805,44.4985478843304,51.575399816255754,32.60814855711222,70.3077167954481,10.094120894961998,11.968323809450691,8.503547709344758,12.562457330102285,31.24638557447969,1.0489833967774949,14.038212017489224,56.91849802565129,3.627296657900462,6.437872366836044,46.96520172969978,54.41189181504913,34.06305798346978,72.22091166886841,22.08191249910188,11.475984007949826,9.45741886016809,14.032307337684026,33.629450140187465,1.112211702862646,69.42624421176424,73.61096613667667,72.50996234173614,72.51278908088042,76.74046049031973,68.32537143381981,2.1522377836431477,73.87783484350099,73.87227173689195,75.98224415361132,71.76668520910627,1.0716655611513795,-1.3678725017648503,0.7582163367084149,-3.44131377528646,214,239,164
2025,20242025,114,Howard,MEAC,32,12,20,1290,70.7,46.5,1837,854,52.6,1104,581,37.2,733,273,73.9,675,499,1087,767,320,26,477,0,5,613,368,413,976,2411,36.7,29.4,0.21,53.9,45.7,1907,871,51.7,1259,651,34.0,648,220,76.5,753,576,1083,741,342,11,377,0,7,597,434,576,1082,2538,39.5,31.6,0.17,51.4,68.5673304106467,14.781830937121422,56.19522545100957,3.7998580995921394,6.061559370670114,44.89192428461322,50.080128107290825,34.66586685957449,73.1805198134829,11.61765662650929,12.958727551958868,11.776804113066701,15.70376248936659,31.20061632063102,1.0919899259985146,12.027657097300931,54.20483856539417,3.558924795115824,7.8402732887080395,43.96549423978233,50.66642224514726,32.92623249522195,72.21085629864676,23.667257081199086,13.733979661259978,10.06197734997425,13.60892999566903,31.53643014428902,1.0329293570279614,74.8748340610378,70.82520851419308,75.13607594518459,75.1443652393965,79.47258287193756,70.82302821890195,2.209565741127285,70.74158897422386,70.74648681124728,72.80242320822367,68.63564677688485,1.0713558875850633,4.3944869709607275,6.670159663713889,2.1873814420170987,60,131,53
2025,20242025,115,IU Indianapolis,Horizon,32,10,22,1285,65.6,42.9,1873,803,47.7,995,475,37.4,878,328,74.1,632,468,1071,707,364,20,329,0,8,562,253,414,846,2402,33.7,34.0,0.16,51.6,47.5,1822,866,56.4,1057,596,35.3,765,270,73.9,617,456,1096,781,315,24,355,0,9,523,405,388,1062,2458,33.9,28.7,0.17,54.9,73.08707876172417,18.07433731169463,55.21487935869534,3.14851594854096,7.279965922823369,45.23558167909968,54.26341333290878,33.378657176889696,72.02367283876352,10.848434002758509,11.850588896471491,12.27448054371564,16.42648055839802,37.69274685023501,1.0881975842396079,15.32842325967295,60.26416236707975,3.0396998366524586,7.683948148524257,49.27570039888336,56.63808471990209,35.377964279707385,72.22795965248442,21.59826095790721,13.960151745804898,15.847390128943147,14.600224780151075,40.43050019039643,1.164885101443105,79.53318254763819,85.13804915753127,75.29917072070515,75.29975805067058,79.59889764874376,70.98611235285473,2.1963537743953703,83.38503006150543,83.37541120997844,85.4960280346096,81.28525518097763,1.0861562169302743,-8.085859340800283,-5.897130385865836,-10.299142828122896,343,128,363
2025,20242025,117,Idaho,Big Sky,33,14,19,1325,64.3,44.0,1871,823,52.2,986,515,34.8,885,308,75.1,634,476,1108,771,337,16,390,0,5,590,212,390,926,2430,33.9,30.4,0.18,52.2,46.6,1892,882,54.4,1142,621,34.8,750,261,69.0,678,468,1128,788,340,9,351,0,8,557,321,473,1108,2493,35.8,30.1,0.17,53.5,68.60440126936788,12.139409432586755,55.813493976183665,2.970257972555806,6.308251302500133,44.0108355483797,52.09536797131134,33.85155736546789,72.57272884516105,10.335191497338993,10.605693982730157,7.792914659058562,12.151692085155375,29.909395963252816,1.1065689916486119,11.713074686666836,55.516291908322465,2.601387569941901,5.832086815731938,44.335408940366676,50.415215573933665,34.5354060093799,72.2238220889896,25.638457524362785,10.741904655592387,9.829859886214782,11.505615961170017,30.229929143924252,1.078206526806071,75.91550313530117,73.96971321625516,74.74371465996806,74.74161121930695,78.98859303014623,70.58855464619332,2.144804938157284,72.77132145369266,72.7685937678623,74.8767465695046,70.6618377906976,1.0698388280507891,1.9723932062753988,4.11184646064163,-0.07328314450428763,119,144,118
2025,20242025,116,Idaho State,Big Sky,30,15,15,1205,63.4,43.1,1809,779,49.5,1128,558,32.5,681,221,74.2,608,451,1143,721,422,18,321,0,5,494,282,378,960,2230,33.6,36.9,0.17,49.2,45.6,1662,758,50.5,1043,527,37.3,619,231,69.3,508,352,883,640,243,19,364,0,14,543,297,319,918,2100,30.6,27.5,0.19,52.6,65.48722017093898,12.274932723377512,56.42259626655404,3.027041471768294,6.768085882939964,45.04134055172162,53.20156059675295,33.63910631157138,73.49355369149995,10.544912791220096,11.475204951709118,7.56175863698353,12.20466563929183,30.642933914053156,1.1052548835676221,13.055845770751647,58.00374214528334,3.827521941386264,5.555377150753543,47.14499885724097,54.795306599960654,34.087244758234604,72.23759969236524,22.538362156263876,10.4388522904627,9.959649085333023,14.552272822456672,34.01502620618837,1.1458326937556729,72.3800699051984,75.03739789503786,74.74238461494619,74.72740866546772,78.93626761914278,70.52391212269687,2.1657457852226387,76.69079773473821,76.69289903893845,78.81472765860833,74.57200958466757,1.0808783284955343,-1.948413119792022,0.12153996053444871,-4.048097461970698,232,145,265
2025,20242025,118,Illinois,Big Ten,35,22,13,1410,69.0,45.1,2233,1006,57.3,1179,676,31.3,1054,330,76.2,768,585,1492,1039,453,9,409,0,6,568,252,355,1230,2927,34.4,30.4,0.17,52.4,42.3,2298,972,46.1,1596,736,33.6,702,236,70.9,619,439,1174,813,361,18,315,0,8,643,313,462,1164,2619,26.9,30.7,0.13,47.4,65.40750333480011,14.027753878740665,58.19215104970643,2.7912164444709506,5.736594849331402,45.822083266446704,55.9583722216586,34.012893391444116,75.4091338176521,12.871953714415064,9.348057572399792,6.150841992706822,10.538421585538096,32.92291118137198,1.2384623437128597,13.3496478003466,51.99872773033439,4.259101933467986,4.244924015670001,41.918788433824986,49.48468284951235,32.811042773169376,72.2287234283763,26.919191630435872,8.311633202208416,8.553398570663173,11.223867622311907,29.265106090474056,1.0620115388660742,81.00472987642323,69.46352326997895,83.15811876324186,83.17103894473757,87.38670818909303,78.84704398388162,2.199456359550245,69.35779136208902,69.36174293055673,71.5059946895315,67.23931254078003,1.0907443570921744,13.800327401152842,15.880713499561523,11.607731443101585,2,2,28
2025,20242025,119,Illinois State,MVC,36,22,14,1445,63.6,48.2,1985,956,57.6,1049,604,37.6,936,352,74.9,618,463,1163,885,278,20,377,0,4,601,242,464,1050,2727,31.1,23.9,0.16,57.0,45.3,2000,906,52.6,1155,608,35.3,845,298,75.2,632,475,1125,838,287,18,387,0,6,624,277,420,1044,2585,31.6,25.5,0.17,52.8,66.80171742033332,13.594357977977785,56.83102589443565,3.079711298763654,6.304612617398851,45.93564822284569,54.174376961911136,34.506236709636035,71.71857881330668,9.591679436048173,11.456246417065431,7.292046659672295,12.541792059592254,31.012031623172145,1.1005421117428675,13.155925150590171,54.17681207684531,2.4718741979264767,5.7045233262039865,44.4280543962905,50.509731756042875,33.62932891063883,72.20652494782054,25.454786436194507,10.907008915272232,8.451741713165035,13.228766040791182,31.761385415830773,1.0503551838785574,73.51810315782393,70.16553018443763,73.59627261943554,73.60403016230126,77.78742045587127,69.39154490686097,2.154967379504887,70.86054105390558,70.85692286424376,72.94952561721753,68.73366052130928,1.0739932454068244,2.73573156552996,4.837894838653739,0.6578843855516965,94,195,55
2025,20242025,120,Incarnate Word,Southland,36,19,17,1450,59.8,46.8,2099,982,52.2,1347,703,37.1,752,279,68.5,607,416,1258,831,427,36,410,0,4,603,324,533,1136,2659,28.9,33.9,0.19,53.4,44.9,1982,890,49.7,1333,663,35.0,649,227,70.7,709,501,1142,773,369,10,425,0,4,549,370,437,1174,2508,35.8,32.3,0.2,50.6,64.98220724104415,11.414942651831607,54.755202923724944,3.3276944698840376,6.1789694926314915,43.803964825280254,49.11452288956269,34.32833411863261,71.44930228085079,10.938454953767117,11.19677897371095,8.316207031665883,12.00987343504298,28.500530888797922,1.0865648665108594,13.583331814326701,57.65995045621319,2.657715236201685,5.4794721109262206,47.28388465160909,55.05414007310024,34.04759844817792,72.21694828655333,21.91566799412141,10.566239682533574,12.041177110551798,13.667881069063512,33.962930556074916,1.140699146356907,70.60738333644613,74.12514832824668,72.77188446849385,72.77513469177251,76.98647026873293,68.45455545450868,2.1795180666183493,74.92192909955685,74.91859160212454,77.01116457848781,72.87356687308535,1.0592006668309604,-2.150044631062997,-0.024694309754877963,-4.419011418576673,239,234,206
2025,20242025,121,Indiana,Big Ten,32,19,13,1285,68.4,45.8,1902,871,52.6,1270,668,32.1,632,203,70.6,629,444,1166,817,349,9,371,1,5,531,340,475,1116,2389,33.1,29.9,0.17,51.1,43.4,1904,827,50.3,1163,585,32.7,741,242,72.5,564,409,1079,759,320,21,363,1,8,574,345,451,978,2305,29.6,29.7,0.17,49.8,65.66065101015592,16.05984861239767,58.822517675363365,3.059736595651857,5.868654855552474,46.341539665196294,58.23158065219436,34.066577201658866,76.03547767895712,8.746609158240528,10.532590902193899,7.6291017190010635,12.796314421658732,30.356701256664728,1.1520104252205137,12.436269529517535,55.066894092382,2.7735976184621967,5.0187224251017994,43.86872571971536,50.769002924142924,33.54781769009982,72.23660526779457,24.143407640939447,10.354450270813269,8.352512575029824,11.732898064921397,29.68572336733791,1.092428984356839,75.64175449046547,71.72959829523349,77.26164753709396,77.26414551827244,81.52722832984077,73.01558896841703,2.1717667988033758,71.6138895508883,71.61769974523544,73.72396059565045,69.50146443646538,1.0768416785135424,5.6477579862056615,7.803267734190314,3.5141245319516514,44,68,79
2025,20242025,122,Indiana State,MVC,32,14,18,1295,69.4,46.5,1884,877,58.1,953,554,34.7,931,323,74.9,649,486,1139,845,294,16,448,0,9,586,367,424,1082,2563,34.4,25.8,0.2,55.1,46.2,1934,893,53.1,1198,636,34.9,736,257,71.4,703,502,1110,806,304,16,376,0,4,553,300,524,1150,2545,36.3,27.4,0.17,52.8,67.45812761803752,16.52241586246023,55.87680956782896,3.7868772618390567,7.455918101537188,45.79408928694298,56.13085969133796,33.05212044623208,69.90637017132106,9.278453099948447,13.07977788294802,8.759756216932697,11.447291774187935,34.06094769826948,1.0535608184406244,12.354088571786939,54.09208550833061,3.278178935859201,5.912042280896753,44.70228703072244,51.86150966552998,32.68849903617998,72.21417315778267,25.03489142785521,10.455691668562938,10.335193461665282,14.099566927224481,35.1429849127981,1.0814930228210025,71.0712401437317,72.95549435147635,72.36021565074644,72.34866676497052,76.62410086437934,68.10866793895863,2.184823632416073,73.34954274849105,73.35288906094313,75.46744163388168,71.22656663136213,1.0758819117010958,-0.9893270977446065,1.1566592304976666,-3.1178986924035,202,250,143
2025,20242025,123,Iona,MAAC,34,17,17,1370,68.1,42.0,2075,872,47.5,1354,643,31.8,721,229,68.5,578,396,1259,764,495,34,491,0,12,623,381,548,1086,2369,27.9,39.3,0.21,47.5,44.4,1845,820,53.9,1024,552,32.6,821,268,74.3,657,488,1112,770,342,36,536,0,10,531,325,551,956,2396,35.6,30.8,0.23,51.7,69.26062123493293,13.89144441218659,55.26694578055953,3.5296271573018236,7.115365201792562,44.164767029144016,51.80386903137658,34.05744313951786,70.63400300779983,10.091682967800386,11.859380798870303,8.970911558534835,13.315281380212122,30.502782141972542,1.0733412763199344,14.824772774256465,54.05498671195461,3.015550941840082,6.518998033516816,43.613486096387305,51.922242773815384,32.81143951259641,72.2267842324395,25.243901147793053,11.489027167386682,10.250157637735194,14.184186492653206,32.66331194533308,1.07180833879371,74.34028359501445,74.23411138963382,73.52663976050849,73.5321028491307,77.74475444030821,69.27610340272831,2.146410438233733,73.58482724596554,73.57276051280749,75.66999434804623,71.5222093951645,1.0663063888562725,-0.05818748545705432,2.0747600922619824,-2.246105992436185,173,201,157
2025,20242025,124,Iowa,Big Ten,33,17,16,1325,70.9,49.0,2065,1011,56.6,1218,689,38.0,847,322,70.5,536,378,1056,770,286,9,323,0,4,511,434,527,1172,2722,26.0,27.1,0.14,56.8,47.7,2042,975,56.3,1248,702,34.4,794,273,70.4,578,407,1218,852,366,28,423,0,1,526,256,382,1276,2630,28.3,30.0,0.18,54.4,63.81138453555614,14.749029840921729,59.28638125763203,2.9298906847512374,5.521191129584215,47.77794630389865,57.30080554991576,34.64625230698975,75.19194613461377,9.193867988696185,9.904425063477012,7.581783082533859,15.803136127487313,33.0061174229826,1.1770789022278594,12.395740116116633,57.05456952992268,2.1504981603759994,6.788734718831439,46.007767980200406,54.42344316277736,33.89745982120581,72.22891962069775,21.10998820661031,12.407958962342494,7.19594511793124,10.373620565762145,29.37552143227632,1.0776943755939428,75.11103445875221,68.76917021283114,78.2931305739457,78.30104456641781,82.45341762668701,74.08578497682535,2.1464011418014564,68.28046217488628,68.2812476998991,70.43320045252696,66.13288313142013,1.0889596298829771,10.012668399059422,12.020217174160052,7.952901845405222,15,50,17
2025,20242025,125,Iowa State,Big 12,35,25,10,1420,68.6,48.3,2034,982,55.5,1286,714,35.8,748,268,75.3,770,580,1238,877,361,14,420,0,13,567,418,680,1306,2812,37.9,29.2,0.17,54.9,42.0,2001,841,47.8,1183,566,33.6,818,275,75.0,580,435,1100,760,340,28,533,0,10,637,302,436,962,2392,29.0,30.9,0.22,48.9,68.19386802960051,16.88897972380664,57.8999643481105,3.636580711899687,6.623633190232887,47.68291515099563,54.65474266147116,35.8050815137284,67.93525458238858,11.52262392604078,10.53014714582824,11.19833941088405,18.029662512261517,36.40336069095199,1.1756907841778708,13.27790930971532,54.16873367592634,2.715427717898317,8.527070740595052,43.69739057036683,51.783643290447195,33.20226064211192,72.21152671913883,23.52118265656155,14.774153026308475,8.219579100049822,11.344576038630196,28.112549318953853,1.0023772352060918,80.17490217984326,68.35598089352006,81.3748425432048,81.3740380636614,85.68691768607007,77.09449093377619,2.189179589586158,67.73401433730398,67.73626227763691,69.88159150848533,65.59526266855855,1.083261619700855,13.640828205900831,15.805326177584746,11.499228265217639,3,13,10
2025,20242025,126,Jackson State,SWAC,34,16,18,1380,69.3,42.2,1978,835,47.1,1312,618,32.6,666,217,73.0,741,541,1246,874,372,32,469,0,11,562,290,430,1058,2428,37.5,29.9,0.2,47.7,43.5,2063,898,50.3,1203,605,34.1,860,293,70.7,631,446,1239,865,374,16,420,0,10,581,468,527,1054,2535,30.6,30.2,0.18,50.6,68.66144345250758,11.196781451416225,52.650882002437065,3.7682068034217253,7.500486046117354,40.72695223345031,46.45984349688963,32.79462359417759,73.6885079077114,11.103597726238437,13.353201038622624,10.722136707711675,12.747305160551356,25.484967195795335,1.0135146583951506,16.433567416457915,57.027220642131994,3.097592650005926,6.410950825175595,45.510490356228885,53.36862336558894,34.11389163083646,72.23029554122961,23.07058167197868,11.837118571909523,14.275819368029431,16.400684883347918,34.788250446213176,1.1444420947882414,69.58937940568617,78.57904617597217,69.65565848201386,69.67314637116075,73.89268723202652,65.34498229235902,2.1597557657387276,79.00663063938899,79.01389263226557,81.08328071445561,76.90195180682728,1.0741161665356398,-9.350972157375125,-7.190593482429094,-11.556969514468264,352,329,333
2025,20242025,127,Jacksonville,ASUN,33,19,14,1325,67.5,44.1,1981,874,48.3,1310,633,35.9,671,241,67.4,579,390,1200,782,418,22,438,0,6,576,331,497,1102,2379,29.2,34.8,0.2,50.2,44.3,1881,833,50.2,1167,586,34.6,714,247,69.5,643,447,1089,752,337,23,428,0,7,527,289,495,1052,2360,34.2,30.9,0.19,50.9,65.98942988324943,11.753186334034579,54.73076076131641,2.872762734215265,6.657672085909327,44.57921559077822,51.964748128971785,33.11043747264193,71.91388017629673,10.552242708605364,11.355379938267655,8.392182384624624,11.284585762483683,30.95156505948099,1.079778229623279,13.12091283578362,57.3136727781597,3.003407799493805,6.400978664015907,46.97036057083477,53.70650179659865,34.38927191538338,72.2112336757485,22.63469951466746,10.246904873963134,9.177539839214576,12.686149278399409,33.86895438911439,1.1299030428040484,71.25394977318457,74.56165761798793,71.85482849984403,71.85949930429994,76.1186817696696,67.6549202468998,2.1460789540913585,74.39107292041547,74.38652147867414,76.52780196266373,72.29420503484671,1.0777448660470414,-2.5362444205714354,-0.4091201929941235,-4.639284787946906,251,265,180
2025,20242025,128,Jacksonville State,CUSA,36,23,13,1450,65.5,44.6,2109,940,50.2,1322,664,35.1,787,276,75.2,661,497,1383,988,395,20,365,0,4,495,308,347,1108,2653,31.3,28.6,0.15,51.1,41.1,2146,882,46.3,1228,568,34.2,918,314,69.8,553,386,1186,847,339,17,322,0,5,542,334,414,984,2464,25.8,28.6,0.14,48.4,65.43765641525394,11.935856244445679,54.825320257267286,3.265697501660122,6.171030774631852,43.600066452964,48.95018371622813,34.353385676664395,69.31051886816793,10.349838249943154,11.410487796548647,8.657464519752907,12.411608152041689,29.86132782613125,1.067269390202324,12.344060378180902,55.441385790375094,3.021468162846283,5.963330588988598,43.629084103027346,50.37039976000655,33.82339450132318,72.23216259887427,24.39646475920051,10.918543224029717,9.917619269305884,12.086208831806053,28.235088181750047,1.080985345601762,69.83960765857726,70.73714763541264,73.16863879095762,73.14999741171061,77.385566435627,68.98206551906863,2.1505432751299876,71.5907080747073,71.58951021688367,73.69387943102574,69.4963709570826,1.069155339119058,1.5779307162503216,3.6916870046012633,-0.5143054380139773,133,216,75
2025,20242025,129,James Madison,Sun Belt,32,20,12,1290,63.2,43.8,1819,797,51.2,1016,520,34.5,803,277,75.4,545,411,1106,755,351,22,329,0,3,505,293,388,910,2365,30.0,31.7,0.16,51.4,44.0,1763,775,49.2,1139,560,34.5,624,215,71.3,588,419,1042,738,304,10,322,0,5,491,252,376,932,2256,33.4,29.2,0.16,50.1,66.61403440758389,12.766470810513693,56.724950122027764,3.4919995384235927,6.455122242052776,45.69324674755246,53.07358041118105,34.0757424605675,71.36236517786915,10.461014420283005,11.632919616265578,10.181854247732273,11.281336767039821,32.659346919987655,1.1094616145635612,11.774938736451094,54.65358317731342,3.8924730271634385,5.371431165999688,43.49767131968674,49.88279619744462,33.629779002680934,72.22003540964332,25.572306840668006,9.14566952423449,9.67985342905492,13.73102956057832,30.667223923796673,1.1041297766573797,73.90571416643064,73.5505389326926,75.3049401125097,75.29279583522626,79.55340882187126,71.0714788229771,2.1427060694847744,73.52936845177472,73.52915144056155,75.64999018201422,71.44127566537738,1.0706781981289724,1.7755716607349825,3.903418639857037,-0.36979684240027666,124,127,153
2025,20242025,131,Kansas,Big 12,34,21,13,1375,68.0,47.0,2093,984,53.0,1379,731,35.4,714,253,71.6,511,366,1310,951,359,11,402,0,5,489,346,424,1248,2587,24.4,27.4,0.17,53.1,40.0,2091,837,46.3,1243,576,30.8,848,261,73.1,588,430,1180,818,362,22,371,0,1,491,287,404,950,2365,28.1,30.7,0.16,46.3,68.61738377277368,13.795126172595161,55.52409508271036,3.2190832079432643,6.599897372867341,44.92175523592361,51.12998417474392,33.92494018345057,75.18070596377201,10.178503168742772,10.928318279412917,10.23443342017413,12.142935214717422,33.16853620105285,1.0860003673319185,12.063270101175256,50.75333596264919,5.2932892753744145,5.617472039956414,40.444514196274774,46.57503359853569,32.58457556697253,72.20098820853188,27.856982347741283,9.83710252048057,8.106807395108587,11.773196570053354,29.218917917422303,1.0325074772804057,74.51850398258743,70.847961816808,73.32275372861633,73.33343016926827,77.54999513429411,69.0116443606066,2.1652482897581993,70.29170060373889,70.30196865978152,72.400053416666,68.15781473062678,1.0871115150937385,3.0310531248774453,5.14994171762811,0.8538296299798134,85,208,46
2025,20242025,130,Kansas City,Summit,33,13,20,1320,63.4,43.0,1898,816,50.0,1053,526,34.3,845,290,76.2,609,464,1168,776,392,36,394,0,4,553,287,505,888,2386,32.1,33.6,0.19,50.6,43.3,1795,778,52.2,1050,548,30.9,745,230,70.9,609,432,1018,710,308,15,410,0,2,566,232,442,954,2218,33.9,30.3,0.2,49.7,70.31620657473142,11.86496312789655,51.4497685188024,3.4357471043829415,7.366626860478797,42.0998343846568,48.64401461919339,31.474973077982774,69.46703560824764,10.343602957528775,12.647111679230923,10.040390586005916,12.643805473498494,31.877710102621105,0.9828095803720063,15.396204157549432,57.70012051920179,3.1858000972675256,6.4356943426310895,47.47869322297379,54.564706256512395,34.75053121064543,72.21289479745096,22.68606303084092,11.774907750914243,12.06422470748606,15.340090731462446,37.45251470598014,1.1567930494453162,69.1074414770631,81.34129902901036,67.0096917186135,67.01283528462741,71.18691773799917,62.79777195035271,2.155571540590729,80.15473661305546,80.15340400523455,82.24618893484428,78.05894812522962,1.06585847667003,-13.145044894441966,-11.059271196845117,-15.261176174876908,361,353,348
2025,20242025,132,Kansas State,Big 12,33,16,17,1325,65.0,44.2,1882,831,52.0,1122,583,32.6,760,248,69.6,520,362,1087,762,325,23,387,0,8,500,318,444,1076,2337,27.6,29.9,0.18,50.7,43.2,1876,810,49.5,1210,599,31.7,666,211,73.2,527,386,1134,787,347,22,395,0,9,512,268,441,1074,2297,28.1,30.6,0.18,48.8,71.06635419139185,16.155780858706432,55.864053158594174,3.8650071453482457,7.198388088661065,45.46401482686876,52.08618357373708,35.07046037054972,71.5682832115615,10.464952502579864,12.686051435698996,13.670123285425985,13.58187619240486,34.73112547116478,1.0834138796833142,15.940905575077709,56.40661419602675,3.4473315548835886,6.866322772344358,45.769903021667524,53.75695435516428,33.680516104873384,72.21972588759499,23.62718602909986,12.287172367899059,11.377761055635128,14.797305488369568,35.61639848456643,1.1253154441268358,76.9942745094444,79.97206592936114,73.66230699483503,73.66249050518988,77.8687420247301,69.45599179761548,2.16255517266423,79.09158148388222,79.08477507084098,81.21438362004298,76.98631090826544,1.0777847035933006,-5.429274489047188,-3.345641595312884,-7.530319110649955,313,187,337
2025,20242025,133,Kennesaw State,CUSA,33,19,14,1330,70.7,42.9,1996,857,53.0,1081,573,31.0,915,284,71.9,734,528,1331,917,414,20,450,0,6,621,315,400,1036,2526,36.8,31.1,0.19,50.1,41.4,1968,815,47.1,1213,571,32.3,755,244,68.7,790,543,1125,789,336,21,371,0,5,599,315,497,1008,2417,40.1,29.9,0.16,47.6,70.19888429583312,13.316616835767395,55.16736217994972,4.053239419017421,7.489452990945228,43.71860078347014,50.81450231006895,33.753756512091485,70.85164992560614,12.753129720045575,11.91589671788567,8.987997689643334,12.244549331737456,32.25015599555634,1.1024054624667623,12.704315956385305,55.37281125015613,4.858883208710483,6.712422591749216,43.20192893661922,48.95887694182799,33.7232199112367,72.23122267277883,24.86252789138193,11.542109326351461,11.076386263387365,13.329155071464953,30.352016391778317,1.0889415950184718,77.38763350679865,76.44248503362167,77.17709823636447,77.16185965735374,81.43330742104934,72.89197932585832,2.1862422466273235,75.42555207126074,75.4255707515773,77.52757702548692,73.31562833025944,1.0750549117522255,1.7515461651037327,3.905730395562415,-0.4236490044011276,125,70,223
2025,20242025,134,Kent State,MAC,36,24,12,1445,66.7,43.6,2181,950,50.4,1370,691,31.9,811,259,74.5,655,488,1335,876,459,27,421,0,9,652,322,491,1216,2647,30.0,34.4,0.17,49.5,42.0,1968,826,49.5,1150,569,31.4,818,257,74.2,741,550,1159,822,337,30,455,0,12,606,347,424,1012,2459,37.7,29.1,0.19,48.5,70.66984163435787,14.743047331195347,56.26735041625184,3.2726081594786933,6.991133670579128,43.946244806740644,51.2367043924264,33.92721283758632,72.90624489870025,12.624858669920366,12.895360364860746,10.470740072974603,13.410270781098786,30.245978180368787,1.1161714973767554,14.728332763522488,56.40016393249252,3.235505892301601,6.531419915632467,44.69371349249152,52.08142286890065,34.06679189151381,72.22271529328984,25.406666119035254,11.645118211839284,11.70623231906067,15.416338875498672,31.01290915467127,1.10832267812896,78.87966295639939,78.32498814314098,78.77103980603107,78.76841402256116,83.04663306751117,74.4388571060977,2.1832330150203147,78.37729182841241,78.37164813879947,80.48389596378938,76.29267471832829,1.0694840853284606,0.3937479776186592,2.562737103721787,-1.8538176122305856,164,44,321
2025,20242025,135,Kentucky,SEC,36,24,12,1445,67.6,48.2,2210,1065,55.7,1300,724,37.5,910,341,73.1,778,569,1368,1013,355,19,394,0,7,620,505,502,1336,3040,35.2,26.0,0.16,55.9,43.7,2267,990,53.9,1276,688,30.5,991,302,71.7,695,498,1269,906,363,14,371,0,6,637,403,450,1152,2780,30.7,28.6,0.15,50.3,69.5743386038464,15.450769459001723,56.80377350091412,3.2105929505107804,6.783489907298456,45.84840978237925,53.88831699977886,33.60752539989874,72.23540477800967,11.479621381264668,11.02189210211693,14.469502325635544,13.50594355225317,35.30451317687968,1.1430823307145717,14.215291927087215,54.51022092729972,4.27028552227099,6.77338580814921,43.34099451142382,50.753458789838476,33.097415662900865,72.22330200181047,25.319721277327886,10.798148344176854,9.198786811399161,13.29021895235088,31.20773160612782,1.0839585370436446,79.52919712920954,75.4156982888045,79.5878609851281,79.62867984458327,83.79411062468157,75.3430586992672,2.144165577323832,74.33119461303522,74.33217951173846,76.43662085009147,72.24614023889596,1.0664477470928344,5.25666637209288,7.357489774590093,3.096918460371242,50,30,177
2025,20242025,136,LSU,SEC,32,14,18,1295,68.6,44.5,1885,838,55.2,1065,588,30.5,820,250,71.4,612,437,1141,811,330,26,419,0,5,537,356,422,1016,2363,32.5,28.9,0.19,51.1,42.5,2006,853,48.2,1288,621,32.3,718,232,70.6,591,417,1213,790,423,15,372,0,4,537,337,426,1080,2355,29.5,34.9,0.17,48.3,68.18979388276843,14.452308705929218,57.47770611597745,3.2367588976762356,6.750087498815359,46.75549602609908,54.12841236201939,33.68832753020492,74.15602763512886,10.933016671233679,11.14907593750193,10.605541483659241,12.123940680836794,36.25501085700795,1.1422797830844575,12.954164379741774,55.80571738277486,3.7266056462015658,6.094377565308099,44.907300259777514,51.085479265395364,34.46826108428774,72.21004774229934,24.996327641515396,9.957637218468973,9.984839907610727,13.196816710513508,32.329605047290265,1.127985185605445,77.8918229649826,76.91707730925158,78.54004338200221,78.53175601077714,82.75984093793626,74.3605763562733,2.140600715946961,76.7500407385195,76.74749941433686,78.88533685348318,74.6207810346707,1.0776971567115878,1.7900026434827083,3.874504084453079,-0.26020467839740036,123,48,270
2025,20242025,137,La Salle,A-10,33,14,19,1325,68.8,41.3,2046,845,45.2,1361,615,33.6,685,230,72.6,628,456,1216,824,392,27,354,0,6,521,367,463,970,2376,30.7,32.2,0.16,46.9,45.1,1983,894,53.8,1160,624,32.8,823,270,69.6,585,407,1210,872,338,18,383,0,6,539,324,415,1142,2465,29.5,27.9,0.17,51.9,66.76965299998444,13.074327723336804,52.38903808273843,4.153559445006494,6.657061926999433,42.22783897222948,47.517245207594996,32.250444593800594,71.42280123756187,11.89376783581526,12.006197646640768,8.126778893639443,11.937816883680188,31.034424283608775,1.0254051037822698,15.691794881195475,56.9717957063943,2.7556918361414997,6.6553906802897895,46.43089104707178,54.302907467100965,34.58686920287001,72.21033218791793,22.79271163601904,11.456989463048435,10.533508610185466,14.272548260473926,32.205498397956966,1.11703810804246,68.46594296395519,74.5842468617542,71.0984228792006,71.0884915904772,75.31445914828518,66.8831710598929,2.168023304145721,74.62239934585662,74.62177671365768,76.75199234763333,72.51576806926533,1.0782316276772574,-3.5239764666560234,-1.4375331993481524,-5.632597009372432,273,294,195
2025,20242025,138,Lafayette,Patriot,33,13,20,1335,62.8,43.6,1854,809,50.1,1101,552,34.1,753,257,68.4,564,386,1102,818,284,15,362,0,4,512,254,413,962,2261,30.4,25.8,0.17,50.6,43.5,1889,821,48.4,1173,568,35.3,716,253,73.4,516,379,1166,851,315,24,379,0,9,537,254,383,962,2274,27.3,27.0,0.18,50.2,66.41565353522554,13.68951984858717,53.936242645935074,3.401801867960625,5.743010158240137,43.67771281364533,50.76817848065058,32.890966853988644,70.42540083734939,9.32257250973767,10.573687461311245,6.936846392089426,11.290693167146785,31.89615621117566,1.048270157754334,15.702226503142384,56.8030765699238,2.512534914787415,5.438187173579985,46.15200510657091,52.90766829874986,34.671431128484556,72.23228315015645,23.56938748727146,10.289000669376499,9.504830007332622,13.105645579944108,33.50710436456068,1.1198096908582198,69.62154760872808,74.37289245342755,71.03517524642271,71.04405929995194,75.29470278362449,66.88654154370145,2.1422035827587007,74.61776657584579,74.62689991754448,76.7253366950488,72.48629259177072,1.0740919469461232,-3.5825913294230816,-1.4306339114243087,-5.599751048069265,275,295,194
2025,20242025,139,Lamar,Southland,33,20,13,1325,66.8,42.7,1979,845,46.4,1326,615,35.2,653,230,68.7,562,386,1277,836,441,18,413,0,4,504,417,496,1018,2306,28.4,34.5,0.19,48.5,40.8,1870,763,46.5,1162,540,31.5,708,223,66.8,630,421,1159,785,374,23,415,0,6,526,414,433,926,2170,33.7,32.3,0.19,46.8,66.35420872750228,13.916604307184851,52.816751177374165,3.3264181594232487,7.2293553046584815,43.0694495978983,48.22117675819661,33.640641080424444,70.44177582356582,12.536934700422341,11.809970793611944,9.77322756978117,12.285699739769637,28.848882510297464,1.049901019916787,13.550475398323655,55.39025314912472,4.100629732919562,6.232281811112022,44.44145229059993,50.320160433277934,34.130232754452344,72.20671803775585,23.732776665670258,11.57268698408284,10.61118079902055,13.08875261486203,29.555969032233612,1.0701229626771307,69.66535141877603,71.00716242957147,72.36534190555788,72.35411069654647,76.64248725772983,68.1220725834015,2.169529917430775,71.59127044045793,71.58524213568631,73.71109764021487,69.4777068786458,1.0716438062890004,0.7740714650999507,2.9313896175149523,-1.3556342952443003,152,248,76
2025,20242025,140,Le Moyne,NEC,32,9,23,1315,68.3,45.8,1802,826,54.3,1056,573,33.9,746,253,70.4,662,466,1051,761,290,28,444,0,11,614,285,376,1040,2371,36.7,27.6,0.2,52.9,46.2,1912,884,53.0,1124,596,36.5,788,288,73.0,699,510,1144,787,357,19,378,0,10,554,366,550,1044,2566,36.6,31.2,0.17,53.8,68.9202094837816,13.968759991228904,57.310775809933304,3.17926949120022,7.453597116566736,46.08042094296297,53.5735403298032,34.611310283311916,71.9454112618684,8.94789502852458,12.98270095393351,10.44229602814146,11.709583639219161,31.282561771081724,1.073449455856116,14.039552485748347,54.376362352587684,3.4346978868605245,5.762118765134358,43.09066503451247,47.620635625222555,34.67261171124066,72.22721222064496,25.723003066217775,10.63264818344791,10.503191382376631,14.212568407932055,30.22024786612439,1.0877060294121195,73.98236136785489,74.96492740385558,73.91191418038346,73.91906854301317,78.19314350583257,69.67986121240799,2.1612439112250756,74.29060398722598,74.29451831230142,76.4340167992794,72.1644427884926,1.0873435280972863,-0.37868980684251596,1.759126706553161,-2.484581576084608,179,178,175
2025,20242025,141,Lehigh,Patriot,30,11,19,1210,66.5,45.1,1682,758,50.0,1045,522,37.0,637,236,68.3,524,358,943,726,217,16,321,0,1,486,331,354,888,2110,31.2,23.0,0.16,52.1,44.4,1724,766,51.8,1105,572,31.3,619,194,73.3,569,417,1044,767,277,19,326,0,2,502,254,317,958,2143,33.0,26.5,0.16,50.1,67.1907407888122,13.809499754783701,56.34339728641873,3.0437026315787152,7.8986980775859985,45.68390552323558,52.12058956119502,35.011155626435425,72.1433710602305,8.245740674002548,12.122719067943976,9.75656351115845,12.539894578908848,29.747247187450654,1.0548353859333586,12.284689069441292,55.22104982249811,3.1354272125799922,6.597495266166366,45.33966969614801,51.69504921573901,33.40620860857079,72.23175091455656,23.6196924164329,11.25124904855171,9.935938032223152,13.675744218960665,34.333809174516865,1.090028282667593,70.87517099111498,73.23980779319237,72.12959722915473,72.13073467696611,76.44845032378566,67.84878740995538,2.199004038849886,73.16129607497734,73.1578417774176,75.25295225681566,71.09019631137166,1.0672898276897438,-1.0316988458226177,1.1954980669700035,-3.2414089014162784,203,255,131
2025,20242025,142,Liberty,CUSA,35,28,7,1405,64.2,48.9,1959,958,59.0,1001,591,38.3,958,367,65.8,565,372,1150,923,227,21,354,0,5,470,271,540,1144,2655,28.8,19.7,0.16,58.3,40.5,2031,823,46.9,1313,616,28.8,718,207,73.6,497,366,1203,868,335,19,424,0,5,503,222,343,1034,2219,24.5,27.8,0.19,45.6,64.5132893123118,15.971822691165398,60.003357239744375,3.1912198726139738,5.590331323146803,48.455877875146555,57.85094652318106,36.067154185899206,71.21273473527687,6.782852012911995,9.309424904411724,7.149785387949061,12.959457323855604,32.60322274123119,1.1556587547130304,12.539612871388902,55.96668646972683,3.2977879957224916,6.271695317736031,45.60845351490507,51.079634328253846,35.19710404387426,72.2221678830701,22.69314320655881,11.22111967913512,7.490455509824564,11.292847780804651,32.096285457221946,1.1038814337902623,74.5553475891077,71.21502230460075,77.82191519414165,77.80976778087334,82.12763044593075,73.49572823251268,2.1934172873396167,71.76422711508454,71.76443093482023,73.87068261532748,69.6471168635044,1.0841913286361209,6.057688079057115,8.256947830603266,3.8486113690082817,36,57,85
2025,20242025,366,Lindenwood,OVC,33,16,17,1340,67.1,42.2,1983,837,49.4,1305,645,28.3,678,192,68.0,709,482,1203,823,380,9,415,0,7,534,453,522,1214,2348,35.8,31.6,0.18,47.0,42.7,1948,831,48.4,1215,588,33.2,733,243,70.2,640,449,1235,872,363,29,484,0,7,599,361,448,1032,2354,32.9,29.4,0.22,48.9,71.20515634075807,12.921317587443873,53.40360594779321,3.685634106052017,7.670226300007881,44.02399805613106,50.89055736455109,31.73556213363709,69.98190596645387,12.253729738181065,13.116446652430051,14.383721890620492,14.099720758839808,36.98729539743051,1.0430854082530177,12.786196712287513,54.08209467292084,4.141080188327166,7.981349516797065,44.067102368670504,50.21892352765874,33.483035230736384,72.21058019625565,25.144826454996835,13.144890084750275,10.910095139060262,15.136079309959204,34.28103256036426,1.0469268185378553,74.27305957141958,74.54658779132043,72.47402730415469,72.47100430059689,76.74049341360522,68.22168242514552,2.1607833166009045,73.91189196821442,73.9146994922647,76.01043265520214,71.82462003559358,1.069548046749794,-1.437864664059731,0.7300607584030843,-3.602937610448066,219,242,165
2025,20242025,143,Lipscomb,ASUN,35,25,10,1405,67.0,47.1,2035,958,57.3,1071,614,35.7,964,344,79.4,620,492,1241,953,288,17,341,0,0,437,288,434,1120,2752,30.5,23.2,0.14,55.5,42.7,2133,911,49.7,1336,664,31.0,797,247,66.8,452,302,1186,841,345,21,390,0,2,553,199,361,1132,2371,21.2,29.1,0.17,48.5,68.94240566324848,16.63513897878274,57.049387095289134,3.2296568894395343,6.579947396336235,45.56058430366164,53.636472736337964,34.53003813274445,73.70455832837054,9.386707048790326,11.399073872037167,12.288430680286336,15.095568866023196,33.2202413123617,1.1043283382927809,12.929049283205872,55.898314088595185,2.7865436306033815,6.842993207429767,45.74620485728713,53.55360392469766,33.82406430740402,72.2185642961487,24.597855885148398,12.49223828430306,9.568004995902115,13.103544246388191,35.31035945601168,1.0860081040562903,76.135052284002,74.87201126342413,76.25447057594559,76.24830359048781,80.49135959827258,72.05850705266639,2.157645559283511,75.71242201215526,75.72018737547174,77.82897127856742,73.59683103581474,1.0755369858779187,0.5420485637903312,2.6623883197051583,-1.5383239831483593,160,100,232
2025,20242025,144,Little Rock,OVC,33,19,14,1330,65.5,44.5,1894,843,47.9,1311,628,36.9,583,215,70.4,548,386,1112,770,342,44,458,0,5,564,332,578,988,2287,28.9,30.8,0.21,50.2,39.6,1847,732,45.8,1046,479,31.6,801,253,71.8,699,502,1194,777,417,33,492,0,7,525,385,471,844,2219,37.8,34.9,0.23,46.5,67.84115141237652,13.225982284615949,53.75348895384589,2.6208109547626828,6.973372290271538,44.61286345708163,49.589249347455855,34.58402101467558,69.02555507190539,10.949375226319537,12.287879992850298,11.08020502070545,14.421633500704624,32.52838657067271,1.0437139045621766,13.95278962686836,55.46690691641859,4.078125577363073,7.355257176410654,45.03346015472385,52.704697121028225,33.876566615977104,72.21092193512315,22.7274454098982,12.415566779633227,12.11338532834376,14.137923996042852,32.946402583183584,1.096335161810491,70.80675303060532,74.37663971109784,69.89039670602536,69.88647636980544,74.20301026443515,65.60884604493324,2.186449189795099,73.58393376012548,73.58905292042819,75.67370323463098,71.4760926404971,1.0767342125112986,-3.693537054100119,-1.4706929701958273,-5.867246595563856,276,326,155
2025,20242025,145,Long Beach State,Big West,32,7,25,1295,65.3,43.3,1698,736,48.3,1073,518,34.9,625,218,75.6,611,462,1021,717,304,46,460,0,13,586,260,405,796,2152,36.0,29.8,0.22,49.8,45.3,1820,825,50.0,1133,567,37.6,687,258,72.9,639,466,1092,720,372,17,373,0,10,585,269,530,962,2374,35.1,34.1,0.18,52.4,70.05904909305185,12.637959015688416,54.86219870098167,2.974315017719021,6.723062691828444,45.127860252961135,51.97939905184345,33.580936105970196,71.69837046377177,9.523936453055256,12.52748854692208,8.86765632473419,13.03176911663083,32.67687937914041,1.0467046272326708,14.207322703541102,57.846887318609085,2.9865542381868586,6.543430871685343,46.941285128448975,54.13765360363357,34.09327873358968,72.23122712664455,23.509713412569813,12.357724387053459,10.89800399593202,15.30818327460313,35.62667077341148,1.1054426794967858,73.33113086521823,77.4462629524201,69.2117265979398,69.20021208375493,73.46141782065344,64.97370257878302,2.154893711846727,77.33314144305129,77.32829702700647,79.43449444178876,75.22890079758669,1.0679604555634357,-8.121414845111488,-5.97307662113532,-10.25519821880367,344,335,296
2025,20242025,146,Long Island University,NEC,33,17,16,1345,62.9,43.5,1910,831,50.0,1261,630,31.0,649,201,71.8,518,372,1172,790,382,27,430,0,8,625,278,467,1100,2235,27.1,32.6,0.2,48.8,41.0,1703,698,47.7,1021,487,30.9,682,211,74.8,734,549,1049,755,294,15,441,0,5,510,283,420,906,2156,43.1,28.0,0.21,47.2,68.33415346708647,13.91247295902482,56.262173466014666,3.505495021210431,6.8405034718086135,47.177891964912575,52.536356775335584,35.13645151226102,68.25484530539957,11.343863075593674,12.65095653141336,13.54018551886318,14.631516761700524,37.473844800579414,1.092782249333792,13.166514505509905,54.562595774452106,5.012204700259126,7.707480733976459,44.93987143364844,51.23548024296081,33.877812213226136,72.20614356347195,23.480168514070364,12.87536111690115,9.83393783296711,13.742285721959238,35.43056464765305,1.0649501287646514,74.67434993208329,72.77246553379719,73.71603681904459,73.7167339266707,77.98910173452333,69.40909092528315,2.18177875311766,72.8914427599055,72.89553241115892,75.0186003692608,70.7559842250863,1.0831670799237598,0.8245940591390877,2.9705013652625354,-1.346893299803142,149,183,120
2025,20242025,147,Longwood,Big South,32,18,14,1280,67.8,46.3,1830,847,53.0,1210,641,33.2,620,206,72.7,831,604,1110,748,362,8,400,0,9,590,347,559,1142,2504,45.4,32.6,0.18,51.9,47.8,1756,840,58.8,1005,591,33.2,751,249,67.3,654,440,1017,733,284,21,474,0,13,666,300,446,1066,2371,37.2,27.9,0.22,54.9,69.51353445198423,12.537882754831923,55.44257938110792,3.4509164038483253,7.291644161305096,44.6706580896318,51.894282534634804,33.12321429717838,72.37054531204622,11.847680377456594,13.006248524599819,9.363784817640514,15.788724912880125,33.45470279061633,1.0723908280288785,13.034227604147382,56.967349520544204,2.3507094684128114,7.972278293298355,46.02229751268421,54.74796183579948,33.834370160243544,72.20645357897224,24.266050412945884,13.608189374456517,9.900929952793968,14.636209994735934,32.47112994984705,1.0788642437692582,74.54567677017734,74.99566677826823,73.80940015549844,73.81657186475142,78.02381662240103,69.52029134044973,2.1640284304823494,76.0514588923061,76.0499742848649,78.17161371667767,73.95895955145008,1.0753314131249676,-2.242058736807664,-0.14779709427664045,-4.438668211000348,241,180,247
2025,20242025,148,Louisiana,Sun Belt,33,12,21,1330,66.1,39.9,1897,757,45.4,1177,534,31.0,720,223,72.9,579,422,1013,697,316,28,357,0,10,581,313,430,890,2159,30.5,31.2,0.16,45.8,45.4,1795,815,53.9,1125,606,31.2,670,209,72.7,785,571,1269,888,381,21,433,0,9,521,296,386,1074,2410,43.7,30.0,0.2,51.2,66.24128609368408,10.870994530358665,52.229182813255925,2.8766304220487364,5.461570636071578,41.6421113952549,46.67886689768423,33.81437298114226,70.77305733659057,9.999753940724393,10.976588537824371,7.262007875936747,12.723376495418803,23.75202011385531,1.0164788175702835,12.070386247385835,57.05882292474504,3.4380009774570155,5.942848198059057,45.789263696855045,52.22566435436093,34.278948713079586,72.21652513088102,21.36947657159858,11.70633787119103,9.016530252682555,12.867968613906475,30.86685338085568,1.102405953025706,67.33286416284285,73.02478812575625,66.6203497078418,66.62221838330116,70.89126304253209,62.339237860874995,2.1786472057868016,71.12219676354357,71.11915388531132,73.25973876820844,68.98302183632912,1.0840304855025336,-4.501847055701774,-2.3684757256763476,-6.64378397545412,298,357,60
2025,20242025,149,Louisiana Tech,CUSA,32,20,12,1300,64.0,46.6,1780,830,55.4,1050,582,34.0,730,248,75.0,608,456,1166,859,307,23,402,0,3,505,269,367,1072,2364,34.2,26.3,0.19,53.6,41.3,1886,779,48.1,1141,549,30.9,745,230,69.6,575,400,1035,706,329,16,338,0,4,519,261,441,930,2188,30.5,31.8,0.16,47.4,64.79861319337313,12.223870241547358,52.65612982997429,3.6852896269973314,6.582197747871483,43.42110733366443,50.53499895548478,31.24306273792224,70.03295567784892,12.629391967995078,11.886693472944241,8.994903202817142,12.257536534230637,32.13972531243369,1.048089098188534,12.636419744501666,53.92422647575,4.136654045071345,6.746735402731212,41.93137218612804,48.341492864416395,33.86628634095912,72.21505322168356,24.12742107279896,11.703739628964444,7.555656630850493,13.574931364100122,24.79906775328054,1.0577017929506372,67.91472006571009,68.53760935534557,71.57342887090014,71.5778583834539,75.8179829116704,67.32144703244387,2.1581231136954577,69.15670231222252,69.15537997796689,71.25987080542212,67.01577618639396,1.0794563402703734,2.416726558677624,4.558112106248274,0.3056708460499067,106,274,26
2025,20242025,150,Louisville,ACC,35,27,8,1405,68.4,45.4,2088,947,56.8,1089,619,32.8,999,328,74.6,704,525,1305,916,389,16,395,0,2,546,241,511,1170,2747,33.7,29.8,0.16,53.2,42.9,2050,879,48.7,1234,601,34.1,816,278,71.2,556,396,1170,830,340,20,447,0,10,644,223,413,1030,2432,27.1,29.1,0.19,49.7,69.91164479001671,16.447267866777874,59.04004172209919,3.5339832770098676,6.685844699671038,46.40058636204939,57.22505351085727,34.99376837181474,74.48539593314281,11.190133218997387,11.891361607898219,7.528213879481108,14.247706196278493,32.776151446607834,1.1664859208703888,12.827713051810992,53.80932141278439,3.2565855972583555,6.683165357653198,43.12565236960279,49.61658146099782,33.13213811675065,72.21245198404681,26.388143955296925,11.717432903406479,6.975376967486231,12.769580807230096,30.94851913943236,1.0481657324856197,81.55094935244617,73.27899037060233,79.83781513698169,79.83525854704999,84.04134990945532,75.66887447537688,2.1486386752514024,73.35475517088811,73.3601567588573,75.4601994340814,71.25860201328216,1.065713192475276,6.4830599660935775,8.581150475373917,4.410272462094724,31,27,144
2025,20242025,151,Loyola Chicago,A-10,37,26,11,1495,66.6,45.9,2133,979,54.0,1229,664,34.8,904,315,67.2,677,455,1314,942,372,23,435,0,12,662,327,511,1200,2728,31.7,28.3,0.18,53.3,41.8,2090,874,47.7,1257,599,33.0,833,275,73.5,712,523,1226,870,356,32,448,0,9,603,297,440,1018,2546,34.1,29.0,0.18,48.4,65.1024002138852,13.75290180204715,54.12904207430026,3.6647718916152296,7.00014207977393,43.15591013875751,52.44351553169727,32.73492511625803,68.82139728795471,10.32659061566502,12.761001381489585,7.275769737844492,9.650206966397693,28.04301942985402,1.0353200660399766,15.414554099378575,56.47652989780346,3.55062070075554,4.528050625764248,44.30412481183494,50.342057589269,34.82326831826269,72.23550983356813,23.781174808193647,9.056313211747646,10.232477787485616,14.879051440945002,28.556459515119162,1.1460986548411771,67.40182128880062,74.61377331206579,71.2057694819419,71.20674828179682,75.48303308604247,66.90078938692855,2.17876494284157,75.23839036957047,75.23763550294349,77.3882722629106,73.06494976238153,1.099414404487541,-4.032620887628568,-1.905239176868136,-6.16416037545298,286,289,217
2025,20242025,152,Loyola Maryland,Patriot,31,12,19,1245,64.4,43.6,1779,775,50.8,1075,546,32.5,704,229,69.7,525,366,1034,724,310,21,372,0,6,476,204,390,1026,2145,29.5,30.0,0.18,50.0,46.2,1744,806,52.7,1126,593,34.5,618,213,74.1,513,380,1021,748,273,14,368,0,7,495,290,412,1042,2205,29.4,26.7,0.18,52.3,67.8798176254847,12.841439932503432,54.6538332675231,2.900285587576117,6.2146076175659015,43.502554290047094,52.08371348507009,33.177827937656666,71.31160517549174,10.180469886203243,11.029615811957711,8.061455040690754,12.191227756087015,30.095880685542113,1.0698063436624021,15.232504831998625,57.394498785157246,3.456827122502124,6.289390647294072,47.287588148867954,56.21423339749508,33.61584147700085,72.21566683619247,23.718793437179727,10.901802540259173,10.717145545363799,12.873775244504142,34.82887727096796,1.1196607836580266,72.61825950239047,76.00236979711413,72.24426741960698,72.23363364512863,76.44109392207565,68.06568624298353,2.138316421491161,77.02311019213461,77.01774692254719,79.14680411176467,74.91862359235907,1.0761126483499515,-4.778842772527625,-2.7057101896890146,-6.852937349375537,302,253,284
2025,20242025,153,Loyola Marymount,WCC,32,17,15,1280,67.1,44.0,1866,821,51.2,1111,569,33.4,755,252,72.4,532,385,1067,817,250,15,333,0,14,528,339,378,970,2279,28.5,23.4,0.16,50.8,42.6,1933,823,48.7,1227,597,32.0,706,226,75.7,552,418,1200,846,354,26,354,0,15,498,220,359,972,2290,28.6,29.5,0.16,48.4,68.09713511062222,12.920842297671763,55.16579665132531,2.831892715931417,6.358110968423877,44.799826085027775,51.729553850501695,34.12965411708755,70.15676968164064,9.435404601295685,12.009853526662804,10.142415566152359,12.603075667097496,31.11957945756857,1.057633236720669,13.232731722779613,54.37825407039644,3.716081338556345,6.108330888964636,43.404639064546615,48.90843295784581,34.14143018865337,72.23043268011254,24.22494170415613,11.460339666682263,7.791226390310401,13.055178220003912,30.78680131017525,1.0765454035476099,72.02179341845208,73.30965779810091,70.76737395842105,70.75365814463456,75.01579181728331,66.5197758481392,2.1617866097447176,71.93918765632118,71.93881276719239,74.04864122935881,69.79262986052026,1.0733831059483203,-1.1718136979001343,0.9671505879245075,-3.2728540123810603,209,304,90
2025,20242025,154,Maine,Am. East,34,20,14,1365,64.6,46.3,1929,893,51.6,1294,668,35.4,635,225,73.4,542,398,1030,777,253,19,352,0,2,511,394,564,1132,2409,28.1,24.6,0.16,52.1,43.2,1893,818,49.1,1208,593,32.8,685,225,71.4,539,385,1206,844,362,40,506,0,7,488,200,336,1076,2246,28.5,30.0,0.23,49.2,64.87488871010851,12.160901048520353,54.070729529762424,2.9713634348791587,6.2806762992151555,44.40588013882277,51.81624413527753,32.536782499663595,67.46617518572494,7.377847747298909,12.24649107578224,8.723520525501732,13.520881623415155,28.60348796499463,0.9855582523328226,13.033422489592315,54.677820894653344,3.2950659027347466,7.5075803935552035,45.079396150311354,53.86166004027899,32.15940796362641,72.21015755530007,22.164807411267528,12.458266921042156,7.865338541005043,13.122377542300086,33.07280755642099,1.0653160788813698,63.9379819374209,69.11226205851804,66.90737762571322,66.89279576814786,71.24795928737169,62.55146814555932,2.195959638383854,70.12571240530345,70.123135843613,72.25011659009982,68.01031786293329,1.0831242089894204,-3.218334779590222,-1.0021573027281363,-5.4588497173739725,266,354,42
2025,20242025,155,Manhattan,MAAC,31,17,14,1265,66.9,43.9,1868,820,50.6,1094,554,34.4,774,266,77.0,596,459,1136,769,367,17,359,0,11,441,283,345,968,2365,31.9,32.3,0.17,51.0,44.0,1928,848,52.0,1122,583,32.9,806,265,72.7,501,364,1100,741,359,13,318,0,8,525,270,377,1012,2327,26.0,32.6,0.15,50.9,67.33208846276936,12.572113371281008,54.08239198239127,3.6866539609441875,5.963036337935444,42.89860662464538,49.33765745817758,32.96221158289082,77.14976219406022,10.386617438697765,10.901947214577122,8.4841985444848,12.580152694496213,30.387198455004263,1.0680836627406747,17.206889706602723,56.562216910938425,2.5336343833905484,7.542741833359489,46.34397643519887,53.069902393674845,34.83643350378704,72.2299290519675,22.571283262125743,11.58019072825611,9.823067115665017,12.6083940142393,36.1959798070661,1.1380722793922657,71.91630366529382,76.6287833930656,70.73208720828067,70.73611532040607,74.99178061444373,66.4677289288016,2.1696994504224816,76.93540268769787,76.93670997920091,79.07184360215622,74.77913568283012,1.1007844990316622,-6.203315479417199,-4.080062987712495,-8.31140675402851,324,306,278
2025,20242025,156,Marist,MAAC,30,20,10,1215,63.4,44.0,1712,753,51.5,1069,551,31.4,643,202,70.8,383,271,1079,769,310,29,358,0,2,448,124,309,926,1979,22.4,28.7,0.19,49.9,40.9,1642,672,44.9,1060,476,33.7,582,196,72.3,545,394,968,704,264,18,319,0,7,444,190,330,796,1934,33.2,27.3,0.17,46.9,67.00193141356888,14.734373155336655,54.190847522676194,3.1888163743619478,6.6135081148853665,44.278396849779845,50.5785330313596,33.0883097624987,75.79727097904001,10.055362094709409,11.296157571667361,8.300193005481953,13.969992947154164,30.403787313867518,1.0522698895683458,10.870606445767901,52.19763702270267,3.125974913614997,7.0305954544421505,41.856885465574834,49.27737202816043,32.236024556546425,72.21020060057529,25.27872695454174,12.806940984191765,6.591624024787976,12.346701381628518,27.775396054613054,0.9969841454501264,70.504114969422,66.79986333386495,70.80047021817478,70.79833060160132,75.01016504407464,66.54873598423845,2.164673743375025,66.55612702711944,66.55886537071862,68.64616669751703,64.44276395565917,1.0704779052163775,4.244343191055336,6.363998346557608,2.1059720285792736,63,303,4
2025,20242025,157,Marquette,Big East,34,23,11,1370,67.9,44.4,2122,943,54.7,1137,622,32.6,985,321,72.0,550,396,1158,787,371,12,318,0,4,545,420,604,1200,2603,25.9,32.0,0.14,52.0,43.6,1913,835,51.3,1159,595,31.8,754,240,73.2,583,427,1221,867,354,40,500,0,7,503,286,325,1034,2337,30.5,29.0,0.22,49.9,69.88458324750982,14.998152957275911,54.244033482238116,3.471499299518462,6.82124629491418,43.968116623557854,52.28150318084662,32.813523116406515,68.53451842808826,10.98510812501079,11.474171037437877,13.731967317618912,14.703461994456323,34.950365854313574,1.0637067021561502,15.678588089252628,55.29545385439054,3.029989747828622,8.743191599058854,44.588852766015194,52.021678420908685,33.4379870228718,72.23397530363911,23.277151916208435,13.253605396145378,10.830674139371526,12.696873639603147,32.70626031134251,1.0824625103999979,74.33669957776561,75.64744142035711,74.23661522280071,74.23450126615901,78.44475336342917,69.98173175907709,2.1545840500024855,74.81400073715572,74.82746870192932,76.91678405803269,72.70126032292609,1.0796001004810858,-0.5773855143550151,1.527969305396482,-2.7195285638489963,189,167,201
2025,20242025,158,Marshall,Sun Belt,33,20,13,1325,65.7,44.1,2004,883,52.0,1197,623,32.2,807,260,69.3,683,473,1239,827,412,18,382,0,8,636,269,443,978,2499,34.1,33.3,0.18,50.5,43.7,1875,820,49.2,1265,623,32.3,610,197,70.5,750,529,1161,819,342,16,398,0,5,604,255,398,1080,2366,40.0,29.5,0.18,49.0,69.97308349167619,15.880564612494975,57.43499081468275,2.996866407414087,6.969849612035018,46.22930632770927,54.675162897770115,34.98206947250943,72.742444112585,10.993283972966934,11.664250222138083,11.737909730028885,13.396285125633256,30.463423205166304,1.1307503083999035,12.551158975321709,55.43162758189857,4.487887152568655,6.150548044528099,44.0977686890791,50.951740350148945,33.63551834160916,72.22130734335612,24.940085425306204,11.473723126254061,9.677353833747356,12.993565545214114,32.185167706725125,1.1113794033819757,79.12208573790505,77.76664378377626,77.45193138768336,77.46281467469164,81.66127940579132,73.22285315636964,2.161033122192505,77.61999544678048,77.62657926072256,79.71458798013249,75.48705072494177,1.0743477914122017,-0.1680640590971194,1.9466914256588268,-2.264197568572129,176,63,305
2025,20242025,160,Maryland,Big Ten,36,27,9,1445,67.6,47.0,2212,1039,52.2,1430,747,37.3,782,292,75.0,732,549,1305,925,380,16,364,0,7,552,454,646,1278,2919,33.1,29.1,0.15,53.6,41.6,2131,886,47.8,1359,650,30.6,772,236,73.7,556,410,1222,859,363,39,511,0,5,648,251,401,1090,2418,26.1,29.7,0.21,47.1,68.06755946403227,10.979120304011449,53.57858830412601,3.453487944683877,6.433592516169407,41.876932650669524,49.821484202314124,32.63394334512002,71.01522016004361,11.830673196825636,12.250351885004848,6.651355344978352,11.136864829404136,25.223575945857583,1.0559701800432237,15.884505951940136,57.59269486465836,2.9874340380600577,5.112427104070036,46.2374172479436,53.88401508394933,34.48997534823181,72.22443780318181,23.323493762623126,10.31320010353013,11.348548561115535,14.804399661127587,30.99959871352664,1.1434174345386368,71.87731302233699,77.82963421766989,71.57394714913849,71.57492802155011,75.85583943319611,67.28166242383811,2.1805237348519677,77.01673319871593,77.01321958440158,79.1239335260578,74.93947618708322,1.07013223547535,-5.442786049577435,-3.2680940928616877,-7.657813763245102,314,273,283
2025,20242025,159,Maryland Eastern Shore,MEAC,31,6,25,1240,67.9,42.4,1740,738,48.0,1101,528,32.9,639,210,66.4,608,404,1020,713,307,23,412,0,8,557,269,365,854,2090,34.9,30.1,0.2,48.4,47.5,1787,849,56.8,1106,628,32.5,681,221,71.5,687,491,1128,798,330,11,332,0,9,520,322,496,1048,2410,38.4,29.3,0.16,53.7,64.76427013056043,13.44467535230135,53.19937124405112,3.104362471957937,8.241662826196944,43.883874483485975,50.88797496352259,31.521071563068134,71.01537471915155,10.524448803157878,14.563658970050188,7.2327687091203865,12.54835170258936,29.707056578497237,0.9953754389153313,13.11599074152752,55.57301091255806,2.7941758057097763,5.909492908028215,44.018553560010496,51.05002533414647,33.805172288132546,72.22427770427396,22.389980907587738,11.800224419843936,10.379562565657618,15.43224830741627,28.98178229747203,1.0870872981734738,64.46476380723767,70.40441543440795,69.24853151217148,69.2637510908213,73.54170987132332,64.91307157462498,2.1861875061152567,70.31949519207522,70.31210185479216,72.4318686861697,68.24798595629726,1.0641357037206591,-1.0709636799037412,1.109841185153627,-3.3349143816722773,205,332,47
2025,20242025,161,Massachusetts,A-10,32,12,20,1300,70.1,41.0,2052,841,47.1,1394,656,28.1,658,185,66.4,702,466,1268,813,455,18,375,0,3,580,339,456,1202,2333,34.2,35.9,0.16,45.5,42.7,1931,825,49.4,1155,571,32.7,776,254,71.9,688,495,1211,854,357,23,406,0,8,611,371,445,1030,2399,35.6,29.5,0.18,49.3,69.43326058457009,16.131453982743025,56.03418049740912,3.166170752647425,7.18907328191141,46.152506402488775,52.97175885172772,34.24516619191715,68.81207008293953,11.50386094483075,12.793371700715666,10.288783467329857,13.22116244671764,35.64127228085458,1.1036462867568952,15.090918457183072,57.396824439279584,2.403575964319285,6.598852994794622,45.79407913978016,55.124793536800226,33.48026728217504,72.22158019179881,24.557463306990535,12.12410250255195,11.866820413698516,14.29984550043056,32.327020925452956,1.098862819685263,76.62976022158468,76.29762850590232,76.80239204961833,76.80710341132608,81.04576845647324,72.52136301705782,2.1726910194614697,77.0473851354662,77.04480987417834,79.16753473465691,74.93606200087822,1.0817594974401656,-0.2449930858478666,1.8782337218163292,-2.4146989838204007,177,86,285
2025,20242025,162,McNeese,Southland,35,28,7,1400,59.7,47.7,2019,963,54.8,1277,700,35.4,742,263,69.7,704,491,1262,852,410,23,379,0,9,572,371,619,1258,2680,34.9,32.5,0.18,54.2,40.3,1918,772,47.1,1032,486,32.3,886,286,72.2,590,426,1150,765,385,43,512,0,10,555,256,374,832,2256,30.8,33.5,0.24,47.7,67.61478992399682,13.36632902646771,55.96920368628429,2.8710542473045093,5.053614343292967,45.46438831771592,52.76590715427355,32.84206110010666,73.92830438815184,11.942465122149244,9.904442261011333,14.089342042833417,19.146742593494317,34.83951763209096,1.1405372363523936,12.666425415843054,54.90174914439527,4.20017266886919,9.466179709316787,42.562772644055926,50.2440911673123,33.2430353188842,72.22181521990665,22.33574182595226,15.520641366413562,7.503329250240754,11.354330809514714,24.873348730074493,1.0315395211976215,77.117185636463,69.74732802407745,76.90097918856152,76.88413605509949,81.219785356583,72.65467548020216,2.179048475792014,70.06227619154053,70.06234518287502,72.19822307933242,67.93329062426412,1.0917399742756955,6.838702997020988,9.021562277250581,4.721384855938041,28,82,40
2025,20242025,163,Memphis,American,35,29,6,1415,68.3,47.3,2014,952,52.0,1337,695,38.0,677,257,70.1,786,551,1271,858,413,14,471,0,5,601,460,596,1216,2795,39.0,32.5,0.19,53.6,41.9,2063,865,48.7,1219,594,32.1,844,271,71.0,686,487,1176,761,415,33,460,0,9,634,331,545,1052,2568,33.3,35.3,0.19,48.5,69.44121841155203,13.361809668966446,53.691664538345215,3.8919432137068757,7.670396217588866,43.6723906641858,49.844865118631546,32.34259576675673,71.32070511162705,12.586558671744767,13.259069495892442,12.07311719987194,14.854151836111813,33.38162870885305,1.0595758698965618,13.850798414290317,54.732128330232115,4.065492569328775,8.100986206516358,42.99014400305865,51.334369267139614,32.69293693730606,72.2215510592384,23.753185473966155,13.01258276496862,12.130709788225591,14.799782869440483,30.197695915078082,1.0822238490238891,73.57823940509739,75.15094267025839,73.69757484833353,73.71118674629533,77.88108940319913,69.51384449538897,2.1525645391712382,74.60550086033813,74.59936058604919,76.75387210033455,72.4773205861378,1.089769746987642,-0.9079260120045944,1.1272173028645796,-2.963476090748827,199,185,192
2025,20242025,164,Mercer,SoCon,33,14,19,1335,67.3,43.5,2113,919,51.1,1264,646,32.2,849,273,65.5,611,400,1297,911,386,10,398,0,9,548,436,514,1124,2511,28.9,29.8,0.18,50.0,41.9,2037,853,48.3,1121,542,34.0,916,311,72.0,650,468,1268,915,353,21,426,0,5,522,336,424,938,2485,31.9,27.8,0.19,49.5,70.26080363224007,12.979198037142885,57.198551059438984,3.074738059711624,6.272558157047989,46.05236110660902,53.09803205956206,34.65631600656672,72.30826235961067,11.252924217605532,10.691328616206516,12.463494458335237,14.43019757910058,32.52557274544282,1.1419702655543662,12.949833274505728,56.04542476568208,3.284736332310924,7.028791620582416,45.00269355253833,51.55807500589322,34.52717364504789,72.23026439886881,24.178454555003864,11.784509152575854,9.68607156365887,12.798824743478187,31.35601340410707,1.1086884742959164,80.23574858197237,77.89734318183322,77.48105547496172,77.46702785666969,81.73408644312454,73.25174012811841,2.164719534726314,75.83728955423409,75.84705439158273,77.91604336518034,73.72537235212866,1.0681589937100695,1.6437659207276312,3.8180430779441963,-0.4736322240102453,128,62,237
2025,20242025,165,Mercyhurst,NEC,31,15,16,1255,62.0,43.2,1703,735,47.7,1093,521,35.1,610,214,80.2,525,421,848,613,235,27,334,0,8,520,229,491,876,2105,30.8,27.7,0.17,49.4,46.7,1605,750,54.3,972,528,35.1,633,222,72.0,618,445,1042,751,291,20,443,0,5,524,210,363,966,2167,38.5,27.9,0.23,53.6,65.41728305913496,14.034090738355841,53.78459060122727,2.8798329633456565,5.539476848107661,44.66998210937783,51.326735905982545,32.905048936745544,72.33457651246131,9.55144810418062,10.001506332582208,8.17371130270235,13.965964113224775,31.942368044876428,1.0562127479147074,12.59209990822221,55.143378128313316,3.836496867366634,7.0014305047567404,44.71228108103407,50.78131398372704,33.58033316075936,72.21276291002964,23.41047536372883,12.270975181663497,9.332605831152623,11.408837673661276,32.02645116755241,1.0628172747756868,69.09456830100318,69.52661850413952,69.895696067611,69.89958099262036,74.1508939629828,65.61483453784503,2.184437119192933,71.58528094278313,71.58996480443784,73.65348751577108,69.50773664392065,1.0633383632230293,-1.6895848751721303,0.49740644721173055,-3.892902106075624,229,325,74
2025,20242025,166,Merrimack,MAAC,33,18,15,1330,63.9,42.3,1861,787,49.3,1063,524,33.0,798,263,72.3,455,329,932,700,232,20,297,0,4,518,273,456,854,2166,24.4,24.9,0.14,49.4,41.3,1838,759,47.2,1170,552,31.0,668,207,71.8,550,395,1326,886,440,29,499,0,3,449,229,324,946,2120,29.9,33.2,0.23,46.9,64.5579781631976,12.69594865099843,55.32226869742413,3.537019465315399,5.206991043791707,42.744807077475855,50.05755967605156,33.133704013824264,76.12393620740102,8.678740383164602,9.949917910430333,9.592668281050043,14.784904767278583,27.08708474894754,1.0808357752661064,13.085449839008582,53.03182157298698,4.747995624620601,7.825274759852391,42.68228317707342,48.84402236741944,32.319851469468645,72.22931823660575,21.41045536150188,12.82602259991616,6.007061502870085,10.756750927680379,30.79244455255242,1.0524014513080182,69.77657237763205,67.94090991246051,73.03339286724791,73.04378333170172,77.33727570960774,68.77209197836416,2.194259867972088,67.93105788782721,67.92931773279277,70.04454901209748,65.76849887384988,1.0896028800589028,5.102334979420704,7.292726697510261,3.0035931045142803,51,225,15
2025,20242025,168,Miami,ACC,31,7,24,1250,64.5,45.9,1849,849,55.1,1137,626,31.3,712,223,76.4,488,373,977,684,293,23,339,0,7,446,298,362,986,2294,26.4,30.0,0.17,51.9,49.5,1836,908,55.9,1103,617,39.7,733,291,74.4,528,393,1049,745,304,10,316,0,6,445,249,425,1098,2500,28.8,29.0,0.16,57.4,67.56386285157149,15.621298643017031,57.501441832390995,3.906644337859215,6.670902413066663,48.29437888966253,55.55618770542509,34.313989417734525,69.8730194764153,12.034293500431934,11.326156850903828,11.111352327180182,15.129384380693914,40.55114230615524,1.1611708846116024,14.137363923394108,55.732246758147014,3.2530915089376133,7.502617071663697,44.963131776403436,51.390271587550565,34.70502861005488,72.2176186256929,24.746885981060714,12.297858297452104,8.128862575934619,13.339393632715625,29.373111437351017,1.063595949628169,78.45319039513625,71.86065087016455,79.0267032318195,79.03891926257964,83.22895664577236,74.75820842017696,2.1592592829172914,73.03642001039783,73.02765832354817,75.14209334354358,70.94013776525865,1.0708358976906096,5.990283221421663,8.086863302228778,3.8180706549183014,37,39,128
2025,20242025,167,Miami (OH),MAC,34,25,9,1365,67.8,48.1,2046,985,54.9,1132,622,39.7,914,363,72.4,562,407,1159,840,319,16,412,0,6,603,359,581,1048,2740,27.5,27.5,0.18,57.0,44.5,1962,874,51.7,1165,602,34.1,797,272,70.8,640,453,1140,805,335,24,480,0,11,563,316,444,1094,2473,32.6,29.4,0.21,51.5,70.0536809737449,14.848667434156456,60.11827775540682,2.9453268499860408,6.367671569524447,48.22127009457379,58.117111029364764,35.36573651217851,72.91081237351982,8.975164724152073,10.571878444924529,9.732762190829446,14.596811632828636,34.17031898984499,1.1754796718389224,13.540175202420768,55.14303556025708,3.076797147873813,6.887569886261234,44.91164184166655,51.79589775204843,33.628098445014615,72.22864894876848,25.513125136354393,12.330581789835708,8.390147805222975,11.452044801348022,34.506042979515584,1.0712063533575233,82.34667792212622,75.04194813515659,79.68658543793022,79.70002392379783,83.93283887356033,75.3974280864834,2.177316143484435,75.83397827214048,75.84127680028763,77.9335633627836,73.75872408319644,1.060473947397409,3.8526071657897347,5.999275510776727,1.6387040032869606,72,28,236
2025,20242025,170,Michigan,Big Ten,37,27,10,1490,68.2,46.8,2160,1011,56.7,1253,710,33.2,907,301,72.8,772,562,1422,1013,409,12,517,0,3,634,357,471,1322,2885,35.7,28.8,0.2,53.8,40.1,2340,938,46.0,1425,656,30.8,915,282,73.1,665,486,1262,824,438,23,417,0,3,686,297,561,1054,2644,28.4,34.7,0.16,46.1,69.85062203827174,18.19392571262848,60.59454985298439,3.1372428768089202,6.398610915852965,49.39912604525134,59.16088475357373,35.63258739226762,74.40811810729875,10.833038228263602,11.6044795302893,12.09110767252076,13.578628294574425,38.08222054254939,1.2108473468706094,12.061552872575803,51.19019584675543,5.526873413005736,5.667170897663572,40.360386551890336,46.92699912886716,32.360400408182066,72.23283041015398,28.323202581228735,10.725756466355861,6.867128628022189,12.312492422272047,27.587533753418096,1.0215819301556426,84.57844037230305,71.35813328442991,82.17587328867747,82.15863076058604,86.42035883023895,77.95800188814421,2.1653459044014225,71.59235997236755,71.5962339942094,73.73157978167008,69.45486069483272,1.0842138353246857,10.583513316309919,12.688779048568875,8.503141193311492,8,8,77
2025,20242025,169,Michigan State,Big Ten,37,30,7,1485,66.1,45.8,2192,1003,53.0,1471,779,31.1,721,224,77.9,827,644,1472,1032,440,24,420,0,6,618,577,491,1346,2874,37.7,29.9,0.17,50.9,40.5,2163,876,49.1,1283,630,28.0,880,246,71.4,681,486,1144,805,339,23,408,0,8,722,323,448,1088,2484,31.5,29.6,0.17,46.2,67.16063106788096,17.741323753384986,57.456041272289895,3.1800073334021186,6.570760952514084,46.50878047091991,53.05612913072702,34.71241120151411,74.83650833833693,12.075127819158133,11.603106141406471,14.444353442002601,12.511026835287142,32.3614907632031,1.1517238902707239,13.625670127129819,53.890014318071856,3.9399205849345487,5.374688814962215,42.36622598622493,49.87464101437009,33.58935190173673,72.2264972614326,26.498738084552464,10.26388049330483,9.422438770557505,12.582692367578337,27.114147549531026,1.044823085406571,77.35050328653669,70.17097777019579,80.3971309412604,80.38930616817157,84.62896201583443,76.18202225184895,2.1602167753537778,69.93079015003302,69.9218659733297,72.06179091834298,67.82462240495947,1.0788656197076274,10.466340791227381,12.567171097491453,8.357399846889479,9,23,37
2025,20242025,171,Middle Tennessee,CUSA,34,22,12,1395,68.2,45.3,2084,945,54.2,1265,686,31.6,819,259,67.0,685,459,1305,912,393,15,391,0,8,589,310,452,1228,2608,32.9,30.1,0.16,51.6,42.6,2069,881,49.5,1322,655,30.3,747,226,73.3,652,478,1215,858,357,20,395,0,3,569,266,385,1146,2466,31.5,29.4,0.17,48.0,66.29652437428847,13.578914552683264,55.288029083163416,2.9265930073979596,6.410969379838466,44.1990954412333,52.23988527644459,33.78642388661259,70.28936919352995,10.749681261917395,11.63226493434698,8.628671402552568,11.236209750895837,28.55021605782011,1.0847154941427204,12.680375911987548,55.83827413219486,3.8341879011546744,5.913716135432902,45.15585078537471,51.901128892235946,33.788655828054125,72.22771907729172,24.590854712017386,10.452151300629211,8.095209591712939,12.638138824394916,34.0188154048777,1.1006990140242212,71.91286719660123,72.97251901201207,73.984715667456,73.98836924427238,78.20335681411319,69.76074296016382,2.143884972966894,74.60039321104726,74.59895340195197,76.71980511388276,72.52324464028624,1.0693738778549085,-0.6156775435912607,1.4835517002304357,-2.762501680122412,193,176,191
2025,20242025,172,Milwaukee,Horizon,32,21,11,1290,63.7,46.8,1939,907,54.1,1326,718,30.8,613,189,68.4,741,507,1253,791,462,14,423,0,19,563,588,506,1342,2510,38.2,36.9,0.21,51.7,44.7,1825,816,51.6,1121,578,33.8,704,238,72.8,584,425,954,678,276,29,427,0,8,634,355,496,1022,2295,32.0,28.9,0.21,51.2,67.40443829983064,13.106356372659757,54.188092000051206,3.4855698102643733,6.006517445330581,44.17073695417077,51.334495190072076,33.02729855179625,70.06511572875084,12.078265293060802,10.773903420247278,12.158029456602598,13.001013611338816,32.83902736452201,1.0968187494768746,15.257530527102915,58.190208555655985,3.0561082685401546,6.542115800638128,47.23713077491547,55.110927368474826,34.76534268607667,72.22926705542038,23.427419102529647,11.153705798394295,12.684540008223767,13.606649171134036,35.03136409501178,1.1477170194085047,73.9304517252114,77.36122102038608,74.04651856556767,74.02829193323734,78.29457443686867,69.83223280618941,2.147885098265971,79.0485684010744,79.0524910481695,81.14746989864015,76.98785165731333,1.066793704112114,-5.002049835506739,-2.8528954617714817,-7.1556188511239185,304,171,336
2025,20242025,173,Minnesota,Big Ten,32,15,17,1305,63.5,44.1,1806,796,50.7,1157,587,32.2,649,209,66.4,568,377,1083,746,337,34,346,0,6,561,218,378,980,2178,31.5,31.1,0.17,49.9,44.2,1788,790,49.2,1174,578,34.5,614,212,74.3,591,439,1109,779,330,18,339,0,4,533,286,360,998,2231,33.1,29.8,0.16,50.1,63.41114533930677,16.354781416252557,56.737525103096296,3.3744498515980226,5.894975147048629,45.62319415193554,55.019976398106984,33.90220385562001,70.92845185687347,8.9271156712082,10.801912181326644,7.982751302930616,12.612174162407362,29.20557702644817,1.090253726750699,14.806557466336246,55.51423389757751,2.771278248008198,6.389600477213034,44.92538241261961,52.1890591287047,33.9453565901635,72.23372166593327,22.806038244501234,10.881309073973775,6.685469964609849,13.096275370454132,29.33238725758102,1.0884468404547913,69.13423752370943,69.01966079418803,75.04204634369644,75.037630850954,79.29532444451596,70.850916176465,2.153464728690777,70.28198348356494,70.27714579964369,72.42842587190272,68.19012305657927,1.0746246162344348,4.760062860131498,6.866898572613238,2.6607931198857386,58,135,45
2025,20242025,174,Mississippi State,SEC,34,21,13,1375,63.5,45.2,2146,970,55.4,1230,682,31.4,916,288,70.1,676,474,1288,853,435,15,365,0,6,591,438,523,1240,2704,31.5,33.8,0.17,51.9,43.9,1968,864,50.3,1102,554,35.8,866,310,69.7,694,484,1213,849,364,23,452,1,5,588,301,410,924,2522,35.3,30.0,0.21,51.8,70.01866777620108,12.759878640166434,54.39829374963014,3.826401864989649,6.832780889802538,44.70951861027421,52.717621894071215,32.65522593140885,67.52711857481333,11.284757567364576,11.754767172318955,10.722025864957807,10.111920609617593,33.64035578366785,1.0707040727056436,15.023965364190284,55.47029593016079,4.136463589792409,5.81758885060691,44.457099022102064,51.27004225577949,33.64267233546221,72.23134920938884,26.20138047966181,9.51712266219346,11.854330203090644,14.908770638328843,33.56256114183158,1.1333670491570036,74.96927275340191,79.3568508834176,73.13198898940533,73.13478615336552,77.38640497426952,68.88603742091667,2.1586812479032775,79.75330588548829,79.75338658650202,81.87223893901844,77.65002441674915,1.074097074919407,-6.621316896082959,-4.48583396474892,-8.763986995832482,328,217,344
2025,20242025,175,Mississippi Valley State,SWAC,31,3,28,1240,65.8,38.9,1568,610,42.9,1095,470,29.6,473,140,66.0,482,318,869,631,238,33,501,0,9,508,184,306,768,1678,30.7,27.4,0.25,43.4,49.9,1796,896,58.0,1097,636,37.2,699,260,68.3,665,454,1144,777,367,8,321,0,8,460,384,611,1134,2506,37.0,32.1,0.16,57.1,70.22627220838777,12.37931397248294,51.81846953346508,3.3574706989641343,8.054540874255848,42.17612863627511,47.560634859516824,31.688684492649106,72.21095791168999,9.432793299956646,14.502711044754818,10.153454804949824,11.314889536991984,25.3261682241577,0.9573253542328946,15.32162361290415,59.03119340347715,2.8019120864414213,7.034467664767811,46.569596743699805,54.261172477698,34.52382547760059,72.23010351495788,21.897589550895432,11.992010415428913,12.796340815597564,16.84830790869325,31.420342712513662,1.169594877297247,67.2293909183505,82.13628822661236,65.62988950135127,65.62999036941459,69.9153823601683,61.329586839081315,2.1855885577371006,80.22795253966092,80.22423068406728,82.34381764753653,78.09255516052066,1.0830822293795581,-14.598063038309647,-12.428435287368231,-16.762968321439345,363,362,349
2025,20242025,177,Missouri,SEC,34,22,12,1365,67.0,48.2,1949,939,56.3,1143,643,36.7,806,296,73.0,918,670,1158,783,375,12,370,0,4,621,418,605,1152,2844,47.1,32.4,0.16,55.8,44.6,1946,867,51.2,1211,620,33.6,735,247,75.3,695,523,1114,741,373,17,479,0,3,691,262,448,1102,2504,35.7,33.5,0.21,50.9,67.9165773324537,13.972117033294198,57.652646857258006,3.47298582190915,6.59997607379511,47.37627195539936,54.939617733353,34.779361391027244,70.02491996353382,11.313490648646859,12.19164830677278,10.876790552102252,14.411155416382439,37.161765723414085,1.1418407658843894,13.573917078513826,56.04659563458298,3.4216962505667703,6.566931616007153,44.122687018641514,49.9025969714135,34.87497481102179,72.22475770896801,23.943073874796593,11.259111842471466,9.431088748085832,13.139232957721859,27.88320169769666,1.113343137437735,77.5499166775353,75.61445529134654,76.91365054269596,76.92278287795084,81.10255147158094,72.662277277213,2.1498234389953397,74.86289344263854,74.86778006152247,76.92452918404932,72.77842732766618,1.0663658360965773,2.0507571000574245,4.178022287531618,-0.11615005045318583,111,79,202
2025,20242025,176,Missouri State,MVC,32,9,23,1315,60.2,44.7,1735,776,50.0,1096,548,35.7,639,228,65.6,602,395,1046,712,334,22,437,0,6,581,202,425,960,2175,34.7,31.9,0.22,51.3,46.8,1694,792,54.4,1026,558,35.0,668,234,71.3,631,450,994,711,283,17,414,0,7,527,219,499,958,2268,37.2,28.5,0.21,53.7,64.95934533863236,13.716009029577611,55.27923316270497,3.9782262182497,6.48867040071799,44.48043460072091,52.785998809483765,33.44471367328442,69.22044336895618,10.86390589373925,11.33198702702232,8.138847425173829,12.196416698317693,30.462768154352375,1.090461669185566,13.05450333515149,56.326576680507564,3.098364031786682,6.653820365282097,45.60791637433018,52.22010336018248,33.687742425564686,72.21858231766191,22.623494043602136,11.433846870912816,9.699581002485107,12.818638422877786,31.281516007363045,1.1035030200978295,70.83567614716665,71.68283376475867,74.61918934310035,74.6134753899772,78.8783737688312,70.36203196493683,2.176704372258279,73.39298225998363,73.3937280242245,75.47963640314094,71.29969997098011,1.0740015918695816,1.2262070831167193,3.398737365690252,-0.9376680060432818,141,152,146
2025,20242025,178,Monmouth,CAA,33,13,20,1335,62.3,41.1,1908,784,44.2,1247,551,35.2,661,233,74.2,701,520,1124,767,357,23,364,0,2,592,348,403,880,2321,36.7,31.8,0.17,47.2,43.8,1947,853,50.7,1154,585,33.8,793,268,73.0,703,513,1252,843,409,22,373,0,2,565,374,444,1042,2487,36.1,32.7,0.18,50.7,66.90330966395179,13.71345979442025,54.5627027727324,3.251997284230472,6.312182534687017,44.08727125366095,49.689636819121056,33.856998478036644,73.41377924527112,10.849170581803177,11.397395236672361,11.144399835130562,14.95684179425926,31.36485701147724,1.0714445060330693,12.647171112313691,54.69210459759349,4.0474768130885534,7.404211080349158,43.989941146008206,50.469879469973975,33.873700778942435,72.20908295242826,23.58166218175668,13.224441996380312,9.134250916622715,12.817321798752353,31.152684752294466,1.057176057922349,71.6831835748703,70.72857717249475,72.50596889439953,72.50584757360258,76.75616825490737,68.25853958650472,2.158485969228501,71.79667942589563,71.79362819960082,73.90537605426825,69.70929820822815,1.070967689925012,0.7092894685038971,2.8507922006391198,-1.4507586217234234,153,240,86
2025,20242025,179,Montana,Big Sky,35,25,10,1405,63.4,49.8,1934,964,58.1,1218,708,35.8,716,256,73.6,674,496,1108,855,253,16,380,0,3,565,302,455,1254,2681,34.9,22.8,0.17,56.5,45.7,2047,936,52.7,1334,703,32.7,713,233,74.0,622,460,1144,814,330,11,381,0,4,611,210,421,1212,2565,30.4,28.8,0.17,51.4,70.40806095327989,14.35257786712395,58.92857362840884,2.9887684868186537,7.594836548916295,47.12090921536633,55.31300499833344,34.80643205020414,75.09036721394628,7.356575715534705,13.394974594691995,8.357373425623415,12.178359511088061,31.893743801455106,1.0818901355570458,13.499504560480043,55.064778441957515,2.657215194703646,5.67804979936405,44.749508139570736,52.4376293333365,33.459772693417776,72.22043620656014,25.718088794932257,10.521182280373925,10.511246617047416,15.270140548908888,35.5903705408943,1.0984753491520727,76.17378660905273,77.34151933877453,73.98680737251767,73.99186465310505,78.24923173941548,69.74580614746952,2.179108218447572,75.66880646101227,75.67191823740711,77.76253400453162,73.53099966662565,1.0767709754022003,-1.6819990884945923,0.4866977348838617,-3.785193519156124,228,175,229
2025,20242025,180,Montana State,Big Sky,33,15,18,1325,63.7,45.5,1834,835,54.3,1041,565,34.0,793,270,72.5,571,414,1033,803,230,21,328,0,6,534,298,434,984,2354,31.1,22.3,0.16,52.9,43.4,1908,828,49.7,1302,647,29.9,606,181,76.7,601,461,1164,834,330,16,349,0,8,540,254,362,1120,2298,31.5,28.4,0.17,48.1,66.50824580459903,11.31713177166933,56.8461588501626,2.7590286435023885,5.715331704875037,45.45296562486547,53.306941032658216,34.96072082435456,72.29985826209595,9.485927830894823,10.317184631123242,9.303173702461855,12.960655171857073,29.292938475087723,1.123731651549359,11.862066886834455,55.56907823499176,2.9340586706365963,6.580222708908643,45.26566739724831,51.93562204598638,34.04913342994049,72.23054911666831,23.50264394313415,10.958093938640356,8.509528344660852,11.61418011456045,34.38615406944446,1.087566021085882,74.73742089965279,72.33210825910956,73.2391198581903,73.23538022080436,77.48226983481214,69.0084411775379,2.1604488594613462,71.18537100649904,71.18747509397909,73.28022385544469,69.06809768648537,1.0689312424330353,2.0537488516912674,4.202045979367455,-0.05965650894746943,110,213,63
2025,20242025,181,Morehead State,OVC,32,15,17,1285,65.2,41.7,1779,741,47.3,1165,551,30.9,614,190,67.5,658,444,1171,810,361,34,376,0,6,508,231,352,940,2116,37.0,30.8,0.18,47.0,43.8,1776,778,48.8,1173,572,34.2,603,206,75.5,579,437,1024,770,254,16,320,0,7,531,308,409,900,2199,32.6,24.8,0.15,49.6,67.15469487591729,12.387033313335357,54.85280978369485,3.4583459157753307,6.936859290154617,44.74354990444952,50.707794096548774,33.12782286571157,73.03206397472007,11.97510948541697,11.993961303301548,9.076847083547031,11.579042613395943,32.371952200733034,1.0830407519757852,14.08726926760308,54.4870587614348,3.1623549140607863,6.218167888187918,43.69442865265955,49.9043341196359,33.881364597014525,72.21629459032484,23.67634713028167,10.77347393446481,12.318782430426134,14.511830658850768,31.409306812848822,1.1082081746658545,72.73127123711787,74.42138182868271,73.66205758984066,73.66496156739177,77.86166674534785,69.4664662461357,2.155082619343843,73.31481716386786,73.30914392165673,75.44098142286178,71.1950075295768,1.0823573340149184,0.34724042597279947,2.420685322486065,-1.7285412834411034,166,188,141
2025,20242025,182,Morgan State,MEAC,32,14,18,1295,72.5,47.8,1982,948,51.7,1548,800,34.1,434,148,72.8,707,515,1182,794,388,5,432,0,7,596,478,512,1280,2559,35.7,32.8,0.18,51.6,45.0,2010,904,49.8,1322,658,35.8,688,246,68.3,776,530,1183,743,440,11,429,0,6,573,474,490,1150,2584,38.6,37.2,0.18,51.1,68.93609192994805,12.518643172752164,53.35353664333956,3.660469429944787,6.681072807011138,42.03231673019128,47.75566003740415,32.46804792558061,73.08546977553382,11.234802170836788,12.427863486475303,12.23123427382523,13.21816333303889,27.72380984949436,1.0342969987816601,14.932382004463825,56.919820547619075,3.3366649543146454,4.898169823482593,46.551018587792655,54.230104225957994,33.07736961376186,72.21522816875448,22.942879475897627,11.647692292085202,13.138317564665984,14.148960985217437,35.442995336982236,1.129362115600773,71.30039299088189,77.8538106232555,71.9383562512848,71.95088515283439,76.17475068839536,67.68585054418476,2.151774030773596,78.560848880853,78.55446578435345,80.734116210396,76.41963516906911,1.102667091026958,-6.6224926295682,-4.559365522000633,-8.73378462488435,329,262,324
2025,20242025,183,Mount St. Mary's,MAAC,36,23,13,1460,67.4,44.1,2014,889,50.9,1187,604,34.5,827,285,73.6,626,461,1349,983,366,23,538,0,11,564,287,411,1078,2524,31.1,27.1,0.22,51.2,41.1,2196,903,48.9,1207,590,31.6,989,313,73.6,569,419,1201,817,384,21,395,0,8,580,374,522,948,2538,25.9,32.0,0.16,48.2,66.9342784965029,13.490613523334488,54.72266559167397,2.8967596218979774,8.010990052965667,44.24739973100346,52.230403904867245,33.257978126626966,68.9086052116065,10.718506713729035,14.44995666243602,8.561414198359437,12.154520633158285,30.710392399485233,1.0266535395316756,12.324833449518218,53.50664744671058,3.0148246053042067,5.943405142558662,41.40351096242479,48.251533222206604,33.17648888801445,72.23519820256055,25.89655383858993,10.70709917458252,9.842628685168883,15.865730452570197,25.11730674268073,1.05460968555727,68.71831393443362,70.58953839819966,71.30068515283477,71.29514305185933,75.48598799992108,67.07842250625667,2.1556932085321985,70.05101682111773,70.05527852225097,72.18208881932736,67.90692476762048,1.0835606526181898,1.2496683317170465,3.3038991805937172,-0.8285022613638091,140,286,39
2025,20242025,184,Murray State,MVC,33,16,17,1350,60.8,43.3,1821,789,49.3,1092,538,34.4,729,251,72.2,751,542,1121,790,331,27,378,0,5,574,285,429,978,2371,41.2,29.5,0.18,50.2,45.4,1800,817,51.8,1228,636,31.6,572,181,73.8,633,467,1077,792,285,26,402,0,6,616,272,420,1080,2282,35.2,26.5,0.2,50.4,70.57744171578398,13.802511647718482,57.75403937168455,2.9794127826164107,6.910728239481662,45.72421322136596,54.33262566148027,34.237785554280975,74.2593799329856,11.312978097678059,12.01009140439818,10.12713584417547,12.94897730236228,33.257406653874206,1.13973859883875,13.31180497057163,55.76982794470745,3.884926521112624,5.9951116063243255,46.58917771968462,51.9401218652277,34.46096127053199,72.22026015755355,24.65733511500569,11.458479465818176,10.483479542734536,13.02013007763834,38.06551633638002,1.1071363205664957,80.43983453077118,78.13884913620937,78.1890893373395,78.1838276476164,82.41210762718704,73.96044524682102,2.1484472386371514,77.79751106575512,77.79860379298958,79.90545871796783,75.69551162445175,1.0805782723426391,0.39157827158437897,2.5066489092192086,-1.73506637763073,165,51,315
2025,20242025,185,NC State,ACC,31,12,19,1245,65.1,42.5,1798,764,48.3,1148,555,32.2,650,209,72.6,580,421,993,675,318,13,295,0,1,515,400,426,890,2158,32.3,32.0,0.15,48.3,45.4,1725,783,50.8,1162,590,34.3,563,193,76.3,556,424,1111,786,325,24,381,0,3,494,307,309,1036,2183,32.2,29.3,0.19,51.0,67.74550795494775,15.00158074972272,58.008202535181056,3.313928559510793,5.469171969610258,45.85841742141063,52.33784893086718,36.194535648812646,74.49089993527132,9.902278299263399,9.601195386599983,10.463895049589185,14.78767555789568,32.63100991218982,1.1697644005549588,12.978237030821393,56.787703337806285,3.3480331646019863,7.78190043795019,45.20441634427568,52.82752734575931,34.64562457065814,72.210616528546,24.4647410321116,12.48471403236572,10.850038314237302,10.313092226095979,30.35582585053049,1.1042519327798104,79.24628350321065,74.80810809640107,78.47889613671272,78.47633695124968,82.69388083182486,74.24478652710857,2.1653619547012024,76.73279603979921,76.73225635085737,78.84724915078043,74.59177965056378,1.0833475674657078,1.7461000969135085,3.8466316810444283,-0.3469931234552064,126,49,269
2025,20242025,186,NJIT,Am. East,31,6,25,1245,66.6,40.0,1815,726,45.6,1127,514,30.8,688,212,73.1,491,359,1100,767,333,26,375,0,13,571,198,291,816,2023,27.1,30.3,0.18,45.8,44.0,1821,801,51.1,1189,608,30.5,632,193,68.4,693,474,1163,812,351,16,290,0,9,464,322,427,1086,2269,38.1,30.2,0.14,49.3,68.57262776924297,11.185348208303061,52.35915737558823,3.159275085226118,6.508953872879842,42.054633026664305,48.82582338297868,32.3408731248712,70.830324177451,9.85635126898287,11.607433734007852,8.957994116986198,11.845650706602365,28.007250666103182,1.0067688418690666,13.453197465849591,54.792647125521995,3.219381673074816,6.461076256060348,43.90683851050504,51.61666619900226,33.49213194691233,72.21267722075302,24.42075137664383,11.276867347245188,9.306405035448565,13.6843096738274,31.78682128442302,1.0872138083147942,69.03678504315934,74.55310778315146,67.46685263969532,67.44893684683234,71.6578734991,63.290833377114645,2.1249221363916417,73.02023982280197,73.01674563242356,75.10384013977935,70.93299275156892,1.0625267637472244,-5.553387183106651,-3.4459666406793446,-7.642159374454273,316,352,126
2025,20242025,187,Navy,Patriot,34,15,19,1365,66.4,42.3,1979,837,47.3,1242,588,33.8,737,249,73.2,661,484,1216,833,383,22,367,0,3,558,245,417,994,2407,33.4,31.5,0.16,48.6,44.7,1887,843,51.7,1114,576,34.5,773,267,70.5,624,440,1143,837,306,24,407,0,2,604,274,405,964,2393,33.1,26.8,0.18,51.7,65.52860400463278,15.122280872610634,56.74007556531979,3.106352175351214,6.187526828610556,46.355314609172105,52.53965316242484,34.09941720172214,73.79086123775181,10.343816645078016,11.137891817842466,9.042178614847595,13.498928906540106,32.908283980106205,1.1122231118484358,12.808131719818503,53.62571655559592,3.18408779591608,7.209051742904304,42.69211844533771,51.952355876642734,32.908122094221795,72.24032637917168,24.935588070451058,11.9059663472652,6.889284078404978,12.497551895998686,27.86413493763473,1.0328522015087689,72.88242786111654,67.6813629079813,76.17926732994418,76.17166268084435,80.38901566305323,71.97335266600459,2.1411330015567236,67.87082917065614,67.87536617771622,69.96295442422552,65.7555650577729,1.0626266258539245,8.308438159288045,10.426061238827714,6.2177876082316885,20,103,12
2025,20242025,188,Nebraska,Big Ten,35,20,15,1420,68.5,45.4,2041,927,53.4,1250,667,32.9,791,260,75.0,715,536,1232,909,323,14,394,0,1,549,299,482,1168,2650,35.0,26.2,0.16,51.8,42.9,2110,906,50.0,1147,574,34.5,963,332,71.3,571,407,1242,877,365,17,433,0,3,605,277,401,978,2551,27.1,29.4,0.18,50.8,66.6582675133114,17.148465517877664,57.548950825842475,2.9369218721579715,5.510491191602967,45.805121213985444,56.17786713270527,34.47638843581018,75.10181801360699,9.24033139477637,10.114640361979099,6.585780251307685,13.085101457311517,30.96447173015871,1.1400249558292923,14.32236952604526,52.95914006328904,2.6160937356641076,6.9891539774232365,41.814068930975935,51.316337643801134,32.52616213508408,72.21842696078714,25.55708243306335,12.423282876009116,6.506487440020149,11.281162080615806,25.644307079002054,1.0210498385362008,75.99208847751999,68.06141328156949,76.28485256264203,76.28027118686171,80.57869265829275,71.95697984982736,2.1921558494642355,68.47862136080637,68.48285029289872,70.58850430290813,66.33829657039654,1.0864984398493105,7.806231201835658,9.990188355384618,5.618683279430826,21,99,20
2025,20242025,189,Nevada,Mountain West,33,17,16,1330,64.4,47.3,1785,845,55.3,1116,617,34.1,669,228,70.3,666,468,1071,785,286,13,335,0,7,579,205,439,970,2386,37.3,26.7,0.16,53.7,43.4,1730,750,49.5,957,474,35.7,773,276,72.0,656,472,1040,757,283,28,404,0,8,638,256,380,840,2248,37.9,27.2,0.19,51.3,67.6932538857266,14.12268821841172,55.90240406899454,3.577109986069797,6.181381419563671,44.494298849279126,49.263794785138224,35.22398113306551,74.6946582225518,11.080537888359467,10.500927090239909,11.75008843927445,13.44792763091569,30.36624579118891,1.116581869673438,13.387469014108513,55.614217089798466,3.699533435084528,6.561885024269602,44.47035507022648,51.9310669223427,33.627985262047396,72.218697696527,24.871124244260894,11.397415311596387,9.362245580708194,12.626689799910961,29.359352001514306,1.0717127922880063,75.58505998800334,72.547726140933,75.9741706628696,75.9889390749025,80.19130582384011,71.69404803729098,2.174530816925206,73.14811533458044,73.14175928635186,75.2765727789423,71.05444459244266,1.0731713642405931,2.826055328289158,4.914733044897815,0.6396034448483192,91,109,130
2025,20242025,190,New Hampshire,Am. East,32,8,24,1280,68.3,41.2,1872,772,47.2,1107,523,32.5,765,249,65.9,502,331,1098,768,330,31,424,0,5,530,224,364,934,2124,26.8,30.1,0.19,47.9,46.8,1889,884,55.6,1133,630,33.6,756,254,70.6,606,428,1192,856,336,25,370,0,8,476,439,543,1118,2450,32.1,28.2,0.17,53.5,67.72120160418064,11.27963308395335,51.6744189524943,3.5252168210855284,6.320917226639775,41.63159221219045,48.51808188031475,32.452585689797004,69.72306905214162,10.111823640536345,11.363965205737038,8.327177046459498,11.46770163662656,30.752168670458843,0.9992229463214054,12.95226378042015,56.797837028657135,2.3554684194589948,6.292711843603543,46.1707776941694,53.69188583311447,33.58132877563318,72.23081786053747,24.214015208902133,11.226110583918153,8.001157195549359,12.835221706921907,35.04633677155469,1.1001720385015576,67.66857859535526,74.50497241864636,66.30524434635504,66.29993576799384,70.54233523384114,62.04267837105263,2.160343112707338,75.31937496608921,75.32047120453814,77.40189224115377,73.25209030785155,1.0694742113536053,-9.014130619734175,-6.859557007312631,-11.209411936798915,348,360,219
2025,20242025,191,New Mexico,Mountain West,35,27,8,1410,72.0,46.0,2198,1010,51.2,1497,767,34.7,701,243,68.9,807,556,1361,942,419,15,400,0,7,615,554,622,1404,2819,36.7,30.8,0.16,51.5,42.8,2033,871,48.4,1256,608,33.8,777,263,66.4,703,467,1230,904,326,36,527,0,7,667,342,373,1078,2472,34.6,26.5,0.21,49.3,69.06293588368084,14.512747751510762,56.925058887133865,3.318783082762813,6.227837979067138,45.722899757839514,53.35245736513901,34.939821875673076,72.52305837806414,10.819439106930933,10.811201805650995,11.970623622688002,14.973568578774874,34.02528866797913,1.1421647666349306,13.574536816175423,54.59684020147772,2.8175681331092783,7.659458484753392,43.177571007790284,53.414534186089924,32.63231754465387,72.22428851876539,25.33740679286438,13.09643341997353,9.760929809555993,11.57372436514827,27.563029481934084,1.0419281227773232,78.8812520467075,71.9586151387742,76.7913229035988,76.77783713913556,80.99371442269303,72.59878320166838,2.1458531119439637,71.95136802175304,71.95421874597751,74.08681803490225,69.81918117996236,1.0839104983946173,4.839954881845756,6.9068963877907805,2.779602021706026,56,88,92
2025,20242025,192,New Mexico State,CUSA,32,17,15,1285,61.2,41.8,1830,765,47.7,1142,545,32.0,688,220,67.3,623,419,1149,787,362,23,333,0,3,572,276,396,894,2229,34.0,31.5,0.17,47.8,39.9,1723,688,47.9,987,473,29.2,736,215,68.9,665,458,1033,733,300,22,341,0,2,522,321,341,806,2110,38.6,29.0,0.17,46.2,66.78614299969088,12.685478720427835,54.082266190593124,3.143734410970517,6.226336112749259,43.00109313445796,49.850031318807815,33.08024703376767,73.09540362406197,11.887690514819248,10.594637484038852,10.850140409517136,11.333615794804741,28.912478591512308,1.0956328802950293,11.786747888399018,54.73305456056677,3.070148647101096,5.837580944047067,43.12455753483923,50.4015739291355,33.37017958144481,72.22433066530198,25.0443314967903,10.237404579763876,10.597020368704687,11.406146332501764,29.889954415076055,1.0917880354551959,73.17309421854702,72.91631186126229,74.4057034340712,74.40846548917705,78.710898472593,70.11940582736099,2.163408675718769,72.40132131397867,72.41222327558174,74.49828404606342,70.29825800282592,1.0748556306489607,2.0043821200925294,4.2126144265295835,-0.17885217546492527,115,161,108
2025,20242025,193,New Orleans,Southland,31,4,27,1250,66.9,41.2,1840,758,46.0,1275,586,30.4,565,172,66.9,623,417,1104,729,375,20,408,0,3,466,316,389,1072,2105,33.9,34.0,0.2,45.9,47.2,1981,935,55.1,1141,629,36.4,840,306,72.2,526,380,1212,810,402,13,349,0,6,516,419,520,1122,2556,26.6,33.2,0.17,54.9,68.9929659001916,13.323147195125898,55.89959753244809,3.4392700133290153,7.390182232892967,44.75313508766966,51.2575494944769,32.62237305437964,73.53841959285035,11.828257895110625,13.687290066161381,9.574270965856266,12.577508797797796,31.96078274638233,1.0836957412383765,15.171528234433005,54.22732347584044,3.7124768015662926,5.972237047711735,42.97390793375563,50.13892875898699,33.179165011631156,72.21644628950149,25.28208088947467,10.719031292402658,10.60512161278852,15.15126095903808,30.82129662677726,1.1030509842898026,74.76738332144218,76.10275894527913,76.21947917756007,76.2060035717287,80.42847988445331,71.9186711303456,2.173706575354154,75.96584316057279,75.9645437475948,78.09295098776006,73.8448163027662,1.0857065235477936,0.25363601698728644,2.3355288966932477,-1.926145172420604,167,102,241
2025,20242025,194,Niagara,MAAC,31,11,20,1255,61.9,45.0,1659,747,52.3,948,496,35.3,711,251,73.9,510,377,948,718,230,23,379,0,6,487,256,355,928,2122,30.7,24.3,0.2,52.6,45.7,1720,786,51.5,1061,546,36.4,659,240,77.5,519,402,1017,747,270,16,349,0,10,499,305,429,938,2214,30.2,26.5,0.18,52.7,64.21386587115832,13.789167859061754,54.6482357734306,3.1462355656291243,6.560080560054989,44.207464445493066,51.09849733743399,33.712089044402525,71.89298314474915,8.47988818446929,11.899682575148667,7.357601844260518,11.352334314297607,29.1625691422831,1.0234724780421494,13.073265073314012,56.82285386394106,2.97187035378871,5.865993612340512,45.43996153754625,52.98830527284293,34.03612335301503,72.23973101839906,21.95346789419878,10.84048965902902,9.828557916347583,13.926858419339158,29.187109007964334,1.1212754396401232,65.72112442782061,72.00143068567495,69.16484248071048,69.16735680283057,73.36758233322158,64.94358166757702,2.152087153768707,72.20958307031002,72.22461835407537,74.30431051890483,70.08879756889236,1.0757875534459076,-3.0447405895995416,-0.9367281856832506,-5.145215901315339,262,337,100
2025,20242025,195,Nicholls,Southland,33,20,13,1330,66.6,42.8,2025,867,47.5,1296,615,34.6,729,252,68.5,667,457,1247,851,396,14,351,0,3,570,393,454,1100,2443,32.9,31.8,0.16,49.0,41.6,1937,806,48.8,1216,593,29.5,721,213,70.9,664,471,1242,866,376,15,411,0,7,508,296,349,1008,2296,34.3,30.3,0.19,47.1,66.94701681091968,13.254695498185914,54.781618222657784,3.2037806266492006,6.325367235995457,44.09198020335472,51.53060788948428,33.8449092421678,68.97576826287576,10.183036986035097,11.721706640525278,11.578686718877751,15.723948699317832,29.994079434796298,1.0618566819814323,14.380330726923786,57.98392572177363,2.9161185583893534,8.254832363916957,46.82525943023592,54.73180065123796,33.95723468960041,72.24510064457543,21.357764267963418,13.596046670073292,10.167694197243515,13.500868091358868,33.91337256321626,1.0991335314987862,71.08813713939834,73.58371101069476,72.1059747750877,72.10850720798217,76.34707168456339,67.89537856654674,2.1518976246441683,74.55103147718918,74.56059442131766,76.66968967522011,72.44938944380334,1.0752766673303409,-2.445056702101482,-0.3226179906567239,-4.5540108772566015,248,256,187
2025,20242025,196,Norfolk State,MEAC,35,24,11,1410,65.4,48.8,1983,968,55.3,1416,783,32.6,567,185,75.7,760,575,1208,850,358,25,433,0,9,623,544,544,1346,2696,38.3,29.6,0.19,53.5,41.5,1999,830,47.4,1156,548,33.5,843,282,70.9,702,498,1138,731,407,20,461,0,10,634,357,454,896,2371,35.1,35.8,0.2,48.6,68.27002861664293,11.862830699731179,54.66243625576292,3.7894559482324492,7.145055933460047,44.66855926477518,49.762446667343006,33.666770944397875,68.37920677920646,11.158506072638692,12.509758707435841,12.349229616453101,14.047224698529899,32.13118124405734,1.0591669709287932,14.189436073433532,56.01431624504442,2.941195049693303,6.4908480804783775,44.715041772973066,53.23264245033366,33.150138510420966,72.21831159566155,22.940701985546976,12.63805214371324,12.420837064724351,14.175200691445042,30.96029063187241,1.0879823550198504,72.30935941511173,74.27658651160776,73.07153156119378,73.07259253889565,77.35049520343236,68.85186336988954,2.160094176082737,73.61152997573629,73.60505251273523,75.71265085087018,71.50820837151586,1.073184426350703,-0.5399984145425094,1.6378443525621833,-2.6563450016263204,187,221,158
2025,20242025,197,North Alabama,ASUN,35,24,11,1410,65.5,45.7,2185,998,51.3,1424,731,35.1,761,267,70.9,691,490,1336,901,435,23,310,0,4,520,340,488,1300,2753,31.6,32.6,0.13,51.8,43.0,2079,893,51.1,1184,605,32.2,895,288,69.6,570,397,1216,845,371,17,405,0,5,564,269,342,1100,2471,27.4,30.5,0.18,49.9,65.84712459817291,10.576508277658299,53.52688119360595,3.48311525656743,7.026612260087546,43.76278311968265,50.343105020670585,32.21496690790065,69.77610975668152,10.930334141221449,11.51027099087018,7.467503123718005,10.840278452041769,32.5968100094863,1.0482617613351057,14.934250012773745,57.680861782629734,3.6473419155908164,6.391974979224059,46.63895101900439,55.132731177794184,34.28926888484584,72.23065810940267,22.785627323463466,10.06529969596539,10.618096974527262,13.822891640479574,32.93327652700108,1.155602066503449,69.0250228101329,76.09307325895871,71.12841940917298,71.15420898232153,75.40891512148212,66.84983326648495,2.175011996356964,76.87623910280134,76.87508217105938,78.97125682660672,74.78950646111535,1.06657424619424,-5.747819693628358,-3.562341705124595,-7.9396731946304016,319,293,276
2025,20242025,200,North Carolina,ACC,37,23,14,1490,70.0,47.5,2230,1059,54.5,1401,764,35.6,829,295,74.1,775,574,1357,995,362,8,397,0,7,627,479,493,1376,2987,34.8,26.7,0.15,54.1,43.2,2271,980,49.1,1405,690,33.5,866,290,74.0,693,513,1248,881,367,25,403,0,4,639,273,456,1122,2763,30.5,29.4,0.15,49.5,67.56489190185403,15.527700694134559,56.836639448878294,3.240036085480987,5.996964046171461,46.431199793837,55.50223571986744,34.220767673279965,70.39946434359298,10.758815700664563,10.07173843544696,11.053573511647906,11.796762269399812,33.55474196680169,1.145097710302475,13.044561809277209,53.21134192373824,3.3038758291628745,5.639253988326529,43.17492111242314,48.406190217884586,34.11876732341298,72.21531302983435,26.56514089096181,9.721011464879407,8.217200235624532,10.968771265316875,31.317326433513518,1.064047986120085,77.36840301364728,71.89228716058902,77.39509238667077,77.37493919909544,81.62592810867135,73.18458011295553,2.154383704310119,71.47196689646891,71.46438950043208,73.61364033722214,69.36763004569818,1.0812341319340257,5.923125490201855,8.01228777144921,3.816950067257352,38,66,72
2025,20242025,198,North Carolina A&T,CAA,32,7,25,1280,64.8,40.8,1937,791,46.9,1229,576,30.4,708,215,68.6,606,416,1148,807,341,17,340,0,9,484,297,358,936,2213,31.3,29.7,0.16,46.4,44.7,1950,871,52.0,1195,621,33.1,755,250,74.0,601,445,1263,906,357,17,344,0,8,528,389,379,1074,2439,30.8,28.3,0.17,51.1,68.9118058557743,12.100756549308604,55.977010012260976,3.1821010102535503,6.618693596955117,45.52268653615062,52.698026419567775,33.15032045022349,73.14885281742136,10.669352527942522,12.520036916207244,11.313127575746766,11.306773184306218,31.036241283775098,1.0819825657334932,15.20705829567971,56.0827513997839,3.6847242872299053,5.5641054280149564,45.486594892937106,51.62175181089953,34.64372324377688,72.20584015325596,25.41583542744301,10.316849836376274,12.908902549167701,14.090748361491853,32.09348256976711,1.1168598418828324,74.56137250915904,76.96482859194053,72.73280985851252,72.7208611771729,77.00073809151402,68.5115522764759,2.1675143467890483,77.76005144835888,77.75989747474158,79.84425122044013,75.63414878528306,1.0694315401378927,-5.027241589846355,-2.843513128926105,-7.122596508807163,306,236,311
2025,20242025,199,North Carolina Central,MEAC,33,14,19,1340,67.4,45.9,1994,915,51.7,1303,673,35.0,691,242,69.6,759,528,1105,668,437,21,437,0,7,659,521,617,1198,2600,38.1,39.5,0.19,52.0,48.0,1837,882,56.6,1220,691,31.0,617,191,71.7,761,546,1107,739,368,32,527,0,9,594,399,495,1188,2501,41.4,33.2,0.23,53.2,65.83619743847977,12.498854949619725,54.07549482377366,3.950347987991296,6.388760467329266,43.214489876700874,48.36281002362848,33.46670472973214,72.59929675774673,10.416429993694441,11.965944156661493,11.496169507477275,15.114968513932078,28.882299334529268,1.038959367709563,15.151702858602864,57.14881895083878,3.416760400747185,7.4214190349835025,46.240523656079816,54.01736934098575,34.38945771749309,72.21396442236336,21.35228170445743,12.878399963543497,13.200181638935268,15.402405485129018,31.968011356374856,1.1311856423936988,68.4011340630849,74.47296129220513,70.94818753047943,70.93742836228705,75.14456652584647,66.74946398408532,2.1394668865532886,76.13887164922052,76.15124769217502,78.20804883102706,74.02420616174226,1.0711380687956216,-5.190684118741089,-3.0634823051805853,-7.2747421776569325,309,298,252
2025,20242025,201,North Dakota,Summit,33,12,21,1320,69.6,43.4,2070,899,50.7,1238,628,32.6,832,271,70.8,679,481,1247,809,438,9,375,0,4,549,280,405,1130,2550,32.8,35.1,0.16,50.0,47.4,1976,936,55.0,1179,648,36.1,797,288,74.5,623,464,1157,845,312,16,356,0,4,606,348,443,1164,2624,31.5,27.0,0.16,54.7,69.08142833338907,11.334333283296429,54.05153937405834,3.0926706558127255,5.538075779245877,43.13662633712159,50.17071590627676,33.459931465150675,70.46946611055822,10.246687195580575,10.190140067709358,8.113559688875505,14.305750059743836,32.183030113082445,1.0764854904171908,15.385385445974897,59.008588024239245,2.6202039431608775,7.629375968901461,47.65423371047844,56.04825613010557,34.85610616082907,72.2179570184104,22.37512934393558,13.144778958517293,8.439362282890858,11.673435001504643,33.43683325927208,1.1316692170476943,74.36515525818835,78.17732591458281,71.43666046120292,71.43145832153536,75.60594426042267,67.1998862124283,2.142117149314588,78.70586471937241,78.70319693423912,80.79444577243974,76.62868593860865,1.063370347557854,-7.269204258169495,-5.188501512017069,-9.428799726180358,337,281,329
2025,20242025,202,North Dakota State,Summit,32,21,11,1300,65.5,47.7,1826,871,56.4,871,491,39.8,955,380,77.5,610,473,1111,825,286,17,332,0,0,478,134,334,920,2595,33.4,25.7,0.16,58.1,44.3,1977,876,50.7,1208,613,34.2,769,263,70.0,530,371,1053,729,324,8,252,0,5,542,211,411,1024,2386,26.8,30.8,0.12,51.0,67.7031868191515,14.722670895497318,56.44363738278122,3.2008521790335314,6.46127794462354,45.44306459354403,53.103893829003184,34.372988043445666,72.30169894072948,11.516319086561829,11.06502208526429,9.79161833192438,14.864201032565934,33.23167531124198,1.1267427784771913,14.016589092698807,55.57555865328985,3.040181848197009,7.489787513437014,44.40096358131016,52.565790048012325,33.66317623357309,72.2309442455655,24.533841039370618,12.668062871592419,7.691507758971023,11.470702191400774,30.378439853290853,1.051622193193317,76.28407682837111,71.19817380893296,76.94976153628923,76.93187699761857,81.229004794462,72.7533712293898,2.152082271404032,71.87461317403275,71.86948610284816,73.98381686185215,69.78424468043433,1.072120224276488,5.075148362256485,7.245187932609852,2.9691265489554723,52,76,88
2025,20242025,203,North Florida,ASUN,32,15,17,1295,70.3,44.4,2125,944,54.7,978,535,35.7,1147,409,68.5,517,354,1145,786,359,8,358,0,1,573,341,403,1034,2651,24.3,31.4,0.16,54.0,48.1,2110,1015,54.1,1464,792,34.5,646,223,71.5,642,459,1285,890,395,10,350,0,0,461,389,437,1456,2712,30.4,30.7,0.15,53.4,71.12686693053752,13.582500295943362,56.779478541679794,3.4687117805888987,7.616564473064399,44.3712089067764,53.353693708651,34.31545350047145,75.66941815194592,9.150124785417818,12.616758097566205,9.084602822745062,11.286259046337918,28.590161250502504,1.0848895547453312,16.461259968982734,57.973901649289594,1.886590047530019,5.127917067606262,48.005046293425195,56.58515431663002,34.13532806009449,72.21569592754496,23.025741690601034,9.830017181372083,13.702690106050943,15.508127280565137,41.55560348297704,1.1991912911510183,77.16479499470127,85.29471938995795,73.27224468220034,73.27164947004573,77.50972871797737,68.99525392297456,2.172776043015888,82.18753820196977,82.19781541180313,84.31027452408766,80.04029041928837,1.0903530161692587,-8.915293519769435,-6.800545806110293,-11.045036496313813,347,211,362
2025,20242025,204,North Texas,American,36,27,9,1440,61.0,44.7,1884,842,49.6,1198,594,36.2,686,248,77.0,669,515,1182,814,368,40,369,0,4,536,243,494,960,2447,35.5,31.1,0.17,51.3,41.3,1785,738,47.6,1104,526,31.1,681,212,74.2,643,477,1054,746,308,30,437,0,3,573,308,410,872,2165,36.0,29.2,0.2,47.3,65.94992799515107,12.045179879589819,52.478621114365026,3.9710922147780257,6.324693049452999,42.61700381460876,49.247975504392315,31.10801065715443,70.3025073077659,11.88004067727299,11.403063391856643,12.88573226557494,14.928486850763338,33.633745685740095,1.0418114116517274,11.43863698250934,54.51473641405733,4.045832398510296,8.32693926063076,43.29002739805628,50.209623644117414,32.78459020262142,72.21218019994508,23.213046544976784,13.824321957910623,10.01889063529242,11.906475165766805,29.16306661520749,1.0364076525010475,68.70738758295812,68.35101005606764,71.87861401160598,71.86899409690054,76.08790704450549,67.55782364633866,2.171465889368106,70.28163691325949,70.28830316090512,72.38062813629035,68.1618802877063,1.081116696780453,1.5969770983464855,3.7072789082151303,-0.6040566413676345,131,264,44
2025,20242025,205,Northeastern,CAA,32,17,15,1280,62.7,45.2,1848,835,51.3,1204,618,33.7,644,217,68.7,518,356,1090,751,339,19,399,0,3,517,336,441,1112,2243,28.0,31.1,0.2,51.1,44.2,1832,810,49.2,1196,588,34.9,636,222,69.6,556,387,1084,740,344,25,391,0,1,486,255,488,1030,2229,30.3,31.7,0.19,50.3,69.47360144313441,15.130718543024617,55.6861000010001,3.4319962411785863,6.50429358121901,45.83913851775948,53.28665681998291,34.01816838017986,69.85195370236067,9.828677500173978,11.45163938127152,11.350620750353823,14.285145357710352,34.91307770334808,1.0856725970642904,13.820425312174219,58.916682335400424,3.113433799558094,6.921662400164697,48.267427300696994,56.017958690350454,34.12418589297658,72.22504571591,22.61715562020949,11.811183464095866,9.526311492516657,13.326113807306378,36.42145784317369,1.1448816452139934,75.42558530617717,79.539051119157,73.6188129944244,73.6341404704968,77.80737022387581,69.36609904380903,2.1457484584928768,79.63831048161344,79.6355770075542,81.76004644847087,77.51060104380365,1.073707920506808,-6.019497487189042,-3.9526762245950664,-8.144501999994617,322,191,343
2025,20242025,206,Northern Arizona,Big Sky,34,18,16,1360,65.0,45.5,2098,955,51.8,1312,680,35.0,786,275,66.0,600,396,1276,868,408,13,343,0,6,541,356,411,1208,2581,28.6,32.0,0.15,52.1,45.4,1916,869,51.2,1192,610,35.8,724,259,71.6,612,438,1095,829,266,14,365,0,8,556,297,342,1058,2435,31.9,24.3,0.17,52.1,65.42833991288775,12.703762883131146,55.072100725737506,3.1858609280881516,5.879486219171845,45.06678717861307,51.44937939758066,35.028700171889994,70.29323870080707,8.366135546083978,10.821634557917438,7.5070320671191055,11.74311213549182,30.307080066265257,1.0519174664933957,13.862499175425386,58.68895967891147,2.8219915418725012,6.467792890124056,47.93163880686146,55.094934870801,35.2218201053155,72.21880921577069,22.028668184155947,11.09431479048481,8.977707866078037,13.009671523986896,34.148395606380745,1.1613105733136908,68.82521355803361,75.98262293519872,68.48237816246966,68.49042191909703,72.75338389210734,64.21383532263775,2.1660094585313305,77.78632658764383,77.79539293514304,79.89141455340328,75.66773905660355,1.0797639327139703,-9.30394842517417,-7.138030661295943,-11.453903733965802,351,343,313
2025,20242025,207,Northern Colorado,Big Sky,35,25,10,1415,68.1,50.7,2019,1024,58.6,1246,730,38.0,773,294,72.4,663,480,1202,914,288,5,386,0,9,610,380,433,1348,2822,32.8,24.0,0.16,58.0,45.4,1992,904,51.0,1305,665,34.8,687,239,74.1,672,498,1049,794,255,14,381,0,9,570,245,403,1166,2545,33.7,24.3,0.16,51.4,69.35312280732617,15.503997654822752,58.32737512903728,2.87441017517588,6.235519363777712,47.61571429579067,56.7710146429617,34.30497571596847,73.24321610400915,9.339922134535094,11.139089716359345,7.435010699509938,11.14563030188251,37.58137265130045,1.1413576323970758,10.874496650315221,55.52140605332669,2.875911543416795,4.60065053882009,44.8561278514602,52.1775929177185,32.74131754037433,72.23284225031425,26.39795329102602,9.472019374209612,7.944569085375689,12.190030915172663,35.34692222345656,1.0966685942275114,79.15671604671344,76.05739169439835,76.82706707345429,76.82865965335569,81.01169012997788,72.64312420120953,2.142718534436981,75.703570300533,75.71144608901699,77.8172630711731,73.55771782094943,1.0902273931364472,1.1234967729212855,3.194427058804777,-0.9145936197399038,145,85,230
2025,20242025,208,Northern Illinois,MAC,31,6,25,1255,70.2,41.0,1843,756,48.0,961,461,33.4,882,295,70.5,556,392,1018,789,229,16,355,0,7,614,308,403,792,2199,30.2,22.5,0.16,49.0,44.5,1786,794,49.1,1106,543,36.9,680,251,71.0,766,544,1274,946,328,18,392,0,7,519,384,426,954,2383,42.9,25.7,0.18,51.5,68.35058815317788,12.142978849181446,52.942270961818295,3.904300217592848,7.561781315139254,42.00769086637122,49.701673368264615,32.57217697726793,68.20327738048147,10.832422962757818,14.070933036296173,8.877685353314828,12.073862947151076,28.556239375703313,1.0067394405894385,14.465463405488249,58.000013264249816,2.255448597905454,5.883314290147045,47.27822216061307,54.686020215189316,34.553474760679585,72.22210374607332,22.75741648391166,11.43240898465449,11.940318937284925,16.344817401711232,34.63129548670416,1.1311543577526884,68.8112328812894,77.31506564442644,69.30088655348939,69.32614294174296,73.5317518562793,64.9885510574656,2.1776716306185886,76.57380749797214,76.5698818087794,78.65050709104331,74.48102808220426,1.064167901276292,-7.272920944482749,-5.118755234764009,-9.492477024738662,338,331,263
2025,20242025,209,Northern Iowa,MVC,33,20,13,1325,63.0,48.7,1792,872,55.4,1148,636,36.6,644,236,69.5,630,438,1090,825,265,13,348,0,2,484,270,427,1110,2418,35.2,24.3,0.17,55.2,43.8,1822,798,49.6,1070,531,35.5,752,267,70.9,505,358,1037,762,275,32,383,0,7,556,227,386,896,2223,27.7,26.5,0.18,51.1,64.3752176386246,14.384159575180306,56.09147556604711,3.017527813655833,5.878166647457754,46.34892004313106,54.119678671552954,34.13403603601181,70.46773059304229,7.60311989576849,9.632591713878686,6.801738994100544,12.873694860606602,32.159953786394865,1.07651113016544,11.67543265891675,53.00725087234007,3.098358192051253,6.2984080945118395,42.52747453909531,51.09452130666638,32.12432651368063,72.21537859280839,24.497789885090967,11.485327768322398,5.95242827259167,10.203815386051119,28.2880594123394,1.0147690438902135,69.30063829480194,65.3259780533715,71.91240376598294,71.92204143510861,76.1534433842782,67.59223409263294,2.1866719059014996,65.29574024896358,65.29580032053241,67.40575781656473,63.18465899398928,1.0792137155418313,6.6166635170193615,8.747685567713475,4.407575098643655,29,263,2
2025,20242025,210,Northern Kentucky,Horizon,33,17,16,1340,64.6,43.8,1946,852,50.9,1168,594,33.2,778,258,66.9,611,409,1106,734,372,19,397,0,1,529,380,530,1024,2371,31.4,33.6,0.18,50.4,44.8,1890,847,50.5,1132,572,36.3,758,275,73.6,554,408,1141,793,348,32,456,0,2,567,292,415,990,2377,29.3,30.5,0.21,52.1,69.57445106780584,15.131665869108671,56.77492708801546,2.8815824891963686,6.380837567202101,45.60369992089549,54.520292523238005,33.902790414477906,71.91751526026061,11.467323776225847,11.694529904625755,15.041666110149352,15.96810734499928,35.1814730242232,1.136483959210357,14.265029454339338,57.46393966625904,3.4728747213107054,8.049288669040857,46.822789185186004,53.38818112235428,34.848362839340766,72.21767283551546,22.928742403044755,13.058965122180979,10.387254136618099,13.611508070100193,34.93593134339565,1.1060090039006087,79.07024760942723,76.94996932243558,77.54979634219477,77.5322674386093,81.73351752796643,73.2922029144112,2.1477671443441015,76.86676318380653,76.87175938520411,78.96241654157245,74.76545606196035,1.0673527767882995,0.6830331583882412,2.771100986393975,-1.4732531475491442,154,59,275
2025,20242025,212,Northwestern,Big Ten,33,17,16,1340,65.1,44.1,1951,860,49.7,1283,638,33.2,668,222,73.3,611,448,1114,753,361,21,329,0,5,585,236,481,1010,2390,31.3,32.4,0.15,49.8,43.3,1793,776,49.4,1089,538,33.8,704,238,75.0,656,492,1121,797,324,24,439,0,3,553,185,344,896,2282,36.6,28.9,0.2,49.9,64.83613579055005,16.565831990512912,55.808829993667715,2.7981075516367553,5.313924133636135,45.66600736237103,52.448904111149176,33.74791719124636,74.12227740465256,9.401975387529935,9.221605790756549,11.106463876467165,13.706373056706333,32.209744423685166,1.116189350053346,15.546566908629863,55.71571952592216,3.4981264911074623,5.921190883409842,44.618451497360454,52.18239740056942,33.53583915541071,72.23028589110825,22.01069001548222,11.451186276770793,8.288029581947896,10.54748686968558,30.691891562041018,1.114012531396487,72.36940426802454,72.22826775799703,75.71278714223128,75.6923941422915,79.9995820523473,71.52701256492062,2.1731170760868133,73.19369989828753,73.20079308980041,75.29979547983282,71.06035731302177,1.0782518324451933,2.519087243943744,4.699786572514469,0.4666552518988567,99,116,136
2025,20242025,211,Northwestern State,Southland,32,16,16,1290,62.2,43.1,1756,756,47.3,1126,533,35.4,630,223,71.5,575,411,1120,756,364,23,421,0,7,501,245,395,870,2146,32.7,32.5,0.21,49.4,42.4,1805,765,46.6,1091,508,36.0,714,257,70.7,590,417,1086,720,366,24,375,0,5,504,287,459,898,2204,32.7,33.7,0.19,49.5,67.4501087083999,11.858199963876837,54.81462283619223,3.2189403450458065,6.672535756936719,43.855451537859054,49.39145388699892,33.700004898894235,73.23477124192979,8.862097559729522,11.726446699394451,8.794212920085972,12.873066740912884,27.956172364220436,1.0410257446101403,13.166562476683316,56.3172720825571,2.4967720030383895,6.206337481092976,45.80811633622291,52.71935088080755,34.341366877487765,72.21564657169067,22.62366320044079,11.195676536319288,8.923150788037137,13.509543937135417,30.866087844749973,1.1061243530637426,70.2172996421969,74.60820785915794,70.43640747072985,70.45856530569918,74.68039267385419,66.11885961608323,2.166248531472565,72.23130854687565,72.22405937011146,74.30736729774748,70.1495903919699,1.0651881496509195,-1.7949010761458055,0.3730253761067104,-4.030730775886667,230,315,101
2025,20242025,213,Notre Dame,ACC,33,15,18,1355,64.6,45.1,1889,851,50.8,1181,600,35.5,708,251,74.0,600,444,1158,829,329,26,366,0,7,519,166,347,1010,2397,31.8,28.4,0.17,51.7,44.9,1907,856,53.6,1135,608,32.1,772,248,75.4,573,432,1073,781,292,18,331,0,4,552,245,426,996,2392,30.0,27.2,0.15,51.4,66.46550484895467,12.375038291619912,55.6016153751925,3.0844381886785586,6.318543811599553,44.540307343976046,51.75199973979386,34.788285385091804,69.8309299715897,10.932221063678877,11.593923644913135,7.690357579836065,11.334589483978313,30.189280034602625,1.0905460243785892,14.11000508778742,56.36311384811514,2.3913807702291625,4.867793118099899,44.42619568521799,53.37649939708088,33.69710298164841,72.22988204561823,25.079431834331018,9.813613452586717,10.168824924884925,14.049803421116687,28.625915672139048,1.1148250957230783,72.48369207134336,74.09741280551862,73.08093281238884,73.07108737307487,77.29890405783954,68.87803742526316,2.1504505952465736,74.57346867565671,74.57366343920765,76.69059340734157,72.45320325992957,1.080770580973852,-1.4925358632678751,0.6083106504979696,-3.5751658346664072,222,219,189
2025,20242025,214,Oakland,Horizon,34,16,18,1390,63.8,43.6,1968,859,53.4,1132,604,30.5,836,255,69.9,614,429,1200,791,409,28,405,0,1,545,259,413,1110,2402,31.2,34.1,0.18,50.1,43.8,1992,872,49.6,1168,579,35.6,824,293,73.3,544,399,1144,768,376,12,366,0,3,594,363,500,1020,2436,27.3,32.9,0.17,51.1,69.53630837728247,15.06680419319605,56.959300187589214,4.121707479545081,5.746574819686893,46.336503244832365,52.86893522570106,34.06475765057669,74.18748815228042,10.975438691459804,10.661269265019563,14.463892928709178,13.459871883380643,38.800640415462325,1.1481917313561025,18.7516008272961,56.82855923396148,3.6646381118204654,7.0654847965285175,46.75296359960638,55.108431944067476,33.96737595910944,72.22226085593955,23.872354464085227,10.960956407844625,10.093283904312536,12.454004566255978,36.983967849745504,1.1498019996904014,79.84101430782381,79.9529864232878,77.52687094550058,77.52248092075598,81.76507526533406,73.19329427930812,2.177912524584321,80.880039586183,80.87144268093827,83.0438415024789,78.74307698326682,1.0985904337587877,-3.3531686406824264,-1.2787662371448363,-5.549782703958698,270,61,357
2025,20242025,215,Ohio,MAC,32,16,16,1290,68.8,46.9,1915,899,54.5,1146,624,35.8,769,275,76.1,632,481,1062,801,261,10,348,0,7,562,479,492,1120,2554,33.0,24.6,0.16,54.1,45.7,1909,872,49.8,1284,640,37.1,625,232,70.4,672,473,1146,823,323,26,412,0,9,588,302,378,1110,2449,35.2,28.2,0.19,51.8,66.5315369873455,12.579712451894034,55.15720489898514,3.005968961489871,6.085279012068235,44.944499965293836,53.740998130776035,31.84703613860418,72.28285181492764,10.141841812603134,11.017205826631772,7.455779221626493,12.576194299406565,33.786116788529135,1.0968071426024542,13.32687023939004,56.737525940110665,3.349926963894114,5.8576650436744,46.22851084787828,51.87166029254707,34.8324351779514,72.22239739097509,23.293989857918962,11.388207422139942,8.900396570965825,12.420751946185408,35.430894410990874,1.1364304248213597,72.97226497603991,75.60846284254706,73.51859347424579,73.51607410971258,77.77773273843755,69.2573941234405,2.182496611991041,77.6822117928098,77.6828554673225,79.78193874686538,75.60000978323231,1.0747961586863215,-4.163618318564005,-2.004206008427829,-6.342615659791804,291,202,309
2025,20242025,216,Ohio State,Big Ten,32,17,15,1310,67.4,46.6,1884,878,52.6,1173,617,36.7,711,261,74.8,675,505,1078,773,305,20,349,0,2,626,176,418,1062,2522,35.8,28.3,0.16,53.5,42.8,1851,793,50.3,1155,581,30.5,696,212,75.2,738,555,1089,750,339,15,376,0,8,604,162,385,988,2353,39.9,31.1,0.17,48.6,65.47990716507095,14.003884823228605,59.340520149419405,3.039534005537655,5.748293978567322,48.0105007968281,57.08746361075782,34.72646655104448,75.48396195519061,9.366015973850105,10.541633805270804,6.999569235704359,13.54316300603437,33.964831197321345,1.1715173723683419,13.554522702809715,55.27881618263317,2.408790132049374,4.912823270846322,44.32657493196787,52.57302503818013,33.18697088157033,72.22501926080226,23.931915309133803,10.58802521376097,7.709868542317104,12.573601850365462,30.454677422584073,1.0976579431059739,76.71084878494689,71.87454021358191,77.37699947002758,77.38556500642991,81.56541968515823,73.15143838130597,2.1524221967521227,72.37946717216872,72.37639779572244,74.47110207488399,70.28587498964413,1.07042100041744,4.997532297858868,7.094317610274246,2.865563391661837,53,67,105
2025,20242025,217,Oklahoma,SEC,34,20,14,1360,69.2,46.8,1894,886,54.1,1106,598,36.5,788,288,79.5,756,601,1092,805,287,22,411,0,8,629,415,544,1088,2661,39.9,26.3,0.18,54.4,44.6,1983,885,55.0,1151,633,30.3,832,252,72.8,707,515,1168,792,376,17,432,0,10,627,279,458,1122,2537,35.7,32.2,0.18,51.0,67.76723043452105,14.288631065121345,58.334559354025586,3.429726673639486,5.951735996267513,46.53147866117391,54.724287758623134,35.49504434097397,74.43127155464188,11.108380981899794,10.289820225071399,8.577888753410065,12.796960253526542,30.922636457076383,1.179761583104572,13.53573659253541,55.80632778918889,3.7440655835707792,6.394510646617926,44.517538599225446,51.310050949337786,33.94257193746714,72.22894619851299,24.198115544105022,10.843119081483696,7.623266989336955,12.167702909107383,31.607434431332067,1.1206389090942213,79.94917506004289,75.94259518647839,78.68853847516661,78.67862988497505,82.94722842090404,74.51635104617534,2.1506207599583522,76.21148855909692,76.2178978848137,78.29879246186952,74.14499332687433,1.0675061579047471,2.4770499160696886,4.648435959034515,0.3713577193010167,102,45,255
2025,20242025,218,Oklahoma State,Big 12,35,17,18,1400,71.3,42.8,2019,865,48.0,1318,633,33.1,701,232,71.7,828,594,1231,840,391,20,479,0,16,681,450,570,1064,2556,41.0,31.8,0.19,48.6,45.5,2027,922,53.1,1163,617,35.3,864,305,70.8,737,522,1218,865,353,22,511,0,9,665,342,514,1076,2671,36.4,29.0,0.2,53.0,73.2454212970018,14.161607784998402,56.10770965184982,3.920093343450059,6.802909129107865,45.41630347611506,51.84968539659895,33.91639061996205,72.98394309710088,11.157462121626363,11.871411073292418,12.292984280801353,14.184659411639469,37.12706363725066,1.1114047980657427,16.31791123776134,56.57001940056018,2.6966444917657384,6.8608895902427065,45.559413806765605,52.82448973678021,34.444299847858474,72.21120602676805,25.99944352123698,11.489202235282129,12.85450207376923,14.264898682310504,33.74779282307602,1.1247496358115932,81.40531266583453,82.38276092866948,75.89170413552057,75.90631418279742,80.08906437130105,71.67187745394408,2.147390045013098,81.20367873167086,81.20553039516524,83.31669991486511,79.10864860292548,1.0797272331118026,-5.311974596150293,-3.2276355435640625,-7.436771148981407,312,110,359
2025,20242025,219,Old Dominion,Sun Belt,35,15,20,1410,63.0,39.6,2120,839,45.6,1362,621,28.8,758,218,71.7,669,480,1345,845,500,17,400,0,1,586,298,392,956,2376,31.6,37.2,0.18,44.7,44.1,2020,891,49.9,1304,651,33.5,716,240,69.3,690,478,1259,869,390,33,372,0,1,540,339,422,1158,2502,34.2,31.0,0.17,50.0,69.79650182186238,13.17387130748505,55.45510806925785,3.808206609355593,6.52176066792915,44.658960180887895,49.87319146001711,35.10797923533083,72.6196944842116,9.621770216165705,11.05311475532767,9.451620084320982,11.698333966335912,30.865297366099266,1.078261418859553,13.602303824287372,55.74367594835993,3.0881043731393465,5.871959061229044,44.91671546121134,52.32474731477387,32.9797806207966,72.22789211532857,24.80274521724004,10.590151470176863,12.2292435122821,13.351470018029318,34.26753299905092,1.104316622321936,75.2588750858747,77.07743714180592,72.22072425582577,72.23975052208766,76.41950184540028,67.97472147634899,2.1700702069491435,76.03027655597667,76.02400658194813,78.13591052916753,73.93788703893637,1.074100241686812,-3.809552300150898,-1.7164086837672556,-5.963165562587378,281,254,246
2025,20242025,220,Ole Miss,SEC,36,24,12,1450,66.6,44.5,2156,959,51.0,1293,659,34.8,863,300,73.8,760,561,1193,862,331,16,325,0,4,657,387,578,1100,2779,35.3,27.7,0.13,51.4,43.4,2001,868,51.7,1131,585,32.5,870,283,70.8,787,557,1342,965,377,26,508,0,4,641,266,359,1012,2582,39.3,28.1,0.21,50.4,67.03550999251797,13.415541457147047,54.852036559350736,3.2095729406822344,6.123003457574844,44.515757641792796,51.09433656480289,32.962074243387434,74.09142326753503,10.126815555902121,10.156291459191776,9.067512713919651,13.437955760585274,30.16390919408858,1.0907012646753487,14.601816919174043,55.65599697152503,4.057229647707374,6.903616975786613,44.080325122111596,51.56056380027939,33.757449231922934,72.21658877186323,24.189753742124772,11.354471602335877,9.801865198886862,12.137740332464926,29.76996892653273,1.108701082756959,73.11571552699633,74.32234251186962,73.69823401053819,73.72125947741378,77.86331919478295,69.41587862203797,2.162642067824792,75.79982958742697,75.79935665970508,77.90964358430901,73.72636776544971,1.0699850281800036,-2.1015955768887835,-0.046324389526063214,-4.310489143411743,236,184,235
2025,20242025,221,Omaha,Summit,35,22,13,1400,68.6,45.9,2051,941,52.5,1243,653,35.6,808,288,72.2,744,537,1251,891,360,14,379,0,7,640,341,409,1128,2707,36.3,28.8,0.16,52.9,44.8,2007,899,52.8,1115,589,34.8,892,310,71.6,735,526,1156,850,306,17,363,0,5,645,260,419,1020,2634,36.6,26.5,0.15,52.5,68.16245782314024,12.54453540886862,56.34163335917917,3.440501447780108,6.329789895705985,45.32605984224065,53.09691367463442,34.12389666547521,72.65851278636333,9.042895517120975,11.191358786632719,8.326130967953643,11.395321260329187,30.967907272104213,1.0882918721704697,14.056160226483145,56.17286877323959,3.0695988014832776,5.974464575975277,45.01004418082691,54.734103439790736,33.34876483532296,72.21889063962793,24.88043937603304,10.231057599224561,9.0686681868301,12.099560313684233,31.999862952596025,1.1184687577921164,74.18064883608598,76.2375795295052,72.37459604982581,72.37490789815692,76.58141775219688,68.24604582802536,2.141023653676909,75.70692005705925,75.70828949143487,77.82169731250671,73.61074654576781,1.077779706925569,-3.3323240072334386,-1.2402795603098298,-5.364700717742451,269,247,231
2025,20242025,222,Oral Roberts,Summit,30,7,23,1205,67.7,43.6,1693,738,49.8,920,458,36.2,773,280,75.3,590,444,941,689,252,19,348,0,3,532,192,338,806,2200,34.8,26.8,0.17,51.9,46.7,1755,820,55.4,1040,576,34.1,715,244,76.9,614,472,1083,776,307,14,309,0,5,521,306,413,1030,2356,35.0,28.3,0.15,53.7,68.84733400144928,11.741451967685718,54.72367702381658,3.1665409463300267,7.25618097817596,43.1382059141014,51.06421850525972,32.98043694762881,72.62270737681793,10.068265541844564,12.604780572369874,10.449685380735893,11.818277765992665,28.3156050544806,1.0436146722230957,13.001347726339379,56.83469722895419,3.4095214821767184,5.977047343383673,46.25915356095249,52.3976088963945,34.95912910027238,72.21279569373361,23.773120747053767,10.641144155985076,8.762679055462627,14.575599230036596,34.65664707370458,1.1318101530388596,71.85008790735648,77.92211163249779,71.34312326864756,71.36058537271651,75.54107457885758,67.07265768057448,2.146458806795514,76.44119919754165,76.4401643305408,78.53590913841347,74.34398945009276,1.0712402395160698,-5.09807592889409,-2.9948345595558976,-7.271331769518284,308,284,260
2025,20242025,223,Oregon,Big Ten,35,25,10,1415,68.1,46.0,2060,947,53.1,1272,676,34.4,788,271,75.7,679,514,1253,896,357,25,395,0,4,569,417,547,1116,2679,33.0,28.5,0.16,52.5,42.9,2109,905,49.7,1311,652,31.7,798,253,71.8,581,417,1182,815,367,22,425,0,6,621,259,429,1096,2480,27.5,31.0,0.18,48.9,67.77858131039481,14.11842635042057,54.07291094106459,3.188573146785649,6.82623192768056,43.053989155398696,50.69826240411394,32.46658182470777,72.78777891812963,11.102202635458886,11.848059434111478,7.475191979357895,11.721436122527784,28.46787723686384,1.0622647744755889,13.783499963900745,56.119733775468546,3.7551763389447075,6.108644001102633,44.65749287762914,52.45019691243052,33.807465190681,72.24247400993355,23.29779698498205,10.604019428138256,10.409245121328537,13.62801238246513,29.026717666016975,1.121494240155846,71.9987993899619,76.01328854554247,73.6819474644327,73.69305734571759,77.85034706554538,69.4886359363079,2.13544246239689,74.2029105770253,74.20251867710398,76.30279309435534,72.12178408203724,1.0686198054270561,-0.5209631125926109,1.547553971190041,-2.6331481457293364,185,186,173
2025,20242025,224,Oregon State,WCC,33,21,12,1335,64.4,48.1,1812,872,54.4,1166,634,36.8,646,238,78.4,682,535,1103,789,314,22,357,0,1,523,322,445,1062,2517,37.6,28.5,0.17,54.7,43.6,1836,801,50.2,1086,545,34.1,750,256,72.4,576,417,981,668,313,28,370,0,4,595,250,385,932,2275,31.4,31.9,0.17,50.6,66.95100417570158,13.66375829242228,56.0706093069084,3.0255046019600282,7.0636133533861765,43.12406245849879,49.67258525356916,34.22746576096051,75.2961228287609,9.042809782112148,11.933336956270796,6.979942314596366,11.98260790879856,25.331447679967013,1.0633093675117211,14.215564990144289,55.395224104456474,3.541539368205759,5.7137667441842925,44.16645414932417,51.50329120105663,33.39182564445917,72.22487537702276,23.772361544218562,10.467527396696617,10.277165697494622,13.590542047729075,31.24846587872446,1.112559444275776,71.18962990433985,74.48697199942372,74.70969457967357,74.71457930143347,78.91962655076259,70.4608852363611,2.177495474872601,74.22408365801856,74.22632967662467,76.30411223395379,72.14729018745297,1.0613337877748577,0.4856109216550095,2.615514316808799,-1.6864049510918733,162,146,174
2025,20242025,225,Pacific,WCC,33,9,24,1330,67.5,43.5,1883,819,51.6,1176,607,30.0,707,212,72.5,614,445,1148,810,338,24,429,0,1,610,237,364,1112,2295,32.6,29.4,0.19,49.1,45.0,1894,852,51.9,1137,590,34.6,757,262,77.1,693,534,1121,817,304,15,351,0,5,568,350,523,1046,2500,36.6,27.1,0.16,51.9,66.62773848944984,14.628900505311282,56.30972510202441,3.6195376129124033,6.543373819035898,46.02739541678562,51.91702009177343,34.87556270526325,72.58808554092342,11.361286079721802,12.832643553021347,7.533068532443994,11.523475400343925,32.90353382583506,1.090884906409027,12.211989494210544,54.578607133083594,2.498248680849574,5.693645317921017,43.29124074374301,49.68108280579743,33.88714283564349,72.2187182456491,25.998373326659532,10.35334291795749,8.88614330405844,13.984777343203271,26.57879288919811,1.069337970779251,72.6831942663086,71.24757067391889,73.59242025386322,73.58859664327807,77.7978866210082,69.32203149850186,2.159181453210745,71.74893335718413,71.7477325395082,73.86717614246417,69.64276206419444,1.0695337386646584,1.8434868966790958,3.9307104785440288,-0.3207305656925854,121,196,83
2025,20242025,226,Penn State,Big Ten,31,16,15,1240,67.9,47.9,1792,858,55.6,1144,636,34.3,648,222,75.6,680,514,1044,754,290,11,384,0,8,512,408,496,1190,2452,37.9,27.8,0.18,54.1,45.1,1815,819,51.3,1120,574,35.3,695,245,72.6,533,387,1037,727,310,27,437,0,10,597,315,419,1004,2270,29.4,29.9,0.21,51.9,67.28215147654278,12.571136460164931,56.702538612743275,3.4537538882973977,6.147356940454849,46.296361461961006,54.952781829948485,33.163864933594766,74.17311212671481,8.722752953720011,10.88509310621781,10.786973006503132,13.668774058720055,33.450289986003995,1.0914653971856623,17.007909275438124,60.265825526131444,2.017272972871617,6.8341517229250215,48.93965196461955,57.406229248457606,35.63356875419698,72.23725623070463,21.263693936188048,11.614611399512079,9.960452606696197,14.507163147687516,33.71181273907517,1.1789134206980652,73.43614018485066,79.31983134913642,72.0039282919501,71.98971255758934,76.25998189417486,67.73197817151878,2.165779048586431,79.49068923323672,79.5010233934284,81.5833882574503,77.40428783124098,1.0732840150365401,-7.486760941286619,-5.3234063632754385,-9.672309659722202,340,259,342
2025,20242025,227,Pennsylvania,Ivy,27,8,19,1085,64.4,42.2,1578,666,49.9,878,438,32.6,700,228,69.7,456,318,927,666,261,20,300,0,5,413,154,254,810,1878,28.9,28.2,0.17,49.4,45.6,1660,757,50.8,1010,513,37.5,650,244,77.3,428,331,994,712,282,11,246,0,3,408,241,352,894,2089,25.8,28.4,0.14,53.0,69.31897391690791,13.718504659752725,54.67798422409573,3.471107898958415,6.126272627918829,44.15846533394405,48.32453984643936,35.91151722355994,69.60289868554094,10.910247356114981,10.897180798281967,8.51818880246183,13.152146434279695,29.91370747782259,1.0812785903281152,14.46861797515888,55.11363034440866,3.161763645295329,6.434336535064831,45.5353123762425,53.911123179722516,33.23125702732656,72.20868770374543,24.209557782833354,11.854276489594742,9.565073654393505,12.519811497721145,35.80161843459906,1.0838944252766687,74.95312239986558,75.13444939443528,72.87815634585532,72.8724271660428,77.16472362729293,68.63218452997478,2.17621987337628,74.40180315550342,74.3967211099162,76.51501691201821,72.2939351531554,1.0799626355709009,-1.523646809648099,0.6497067152747178,-3.661750623180623,223,231,182
2025,20242025,228,Pepperdine,WCC,35,13,22,1400,67.8,44.4,2079,923,49.9,1358,677,34.1,721,246,71.6,654,468,1224,874,350,25,386,0,14,552,447,466,1112,2560,31.5,28.6,0.16,50.3,45.5,2152,980,52.9,1315,696,33.9,837,284,75.3,580,437,1257,893,364,15,374,0,16,602,383,455,1210,2681,27.0,29.0,0.16,52.1,69.69504210639076,13.50302905829353,53.54682343290142,3.61886307436973,7.336859893262646,42.43823523611517,49.21640517781492,32.69269525428838,74.9147622298271,10.352833134128952,12.571702684097621,7.21739161445558,12.801473907864338,29.005941221125767,1.037400353987729,15.69716661924149,56.91019976533139,2.8796723143358123,6.00967702913376,46.44859521303959,54.19251139359447,34.55675513169096,72.22151664450698,22.892987614807303,11.54343537207808,9.506044946017548,15.561728385511701,35.66385654671219,1.1442598218257594,72.30166135235945,79.74923646279748,70.76663743659725,70.7861929136879,74.94796790863218,66.53287395620882,2.1580021863708807,77.88224009330754,77.88546535633392,79.994737126937,75.751105852275,1.0870198917996943,-7.115602656710294,-5.046769218304817,-9.218231896066186,335,305,317
2025,20242025,229,Pittsburgh,ACC,32,17,15,1290,63.8,45.1,1851,834,52.4,1085,569,34.6,766,265,78.2,633,495,1068,754,314,10,319,1,6,526,313,453,958,2428,34.2,29.4,0.16,52.2,43.9,1800,790,50.4,1056,532,34.7,744,258,72.6,591,429,1088,767,321,20,395,0,7,566,260,346,906,2267,32.8,29.5,0.19,51.1,66.16219290908148,13.200200011487533,54.34224926528213,3.166049508531646,6.296603643323765,44.04704717060279,51.70590314469758,33.484631242876425,68.80239460280136,11.522744764309238,11.367166096846802,8.95893717400773,12.829863374748019,29.466084098082426,1.08389657435275,13.370661482471132,57.20705034596106,3.1044660455330413,6.542412797515928,46.07797997209219,53.895389523912336,34.58203829130733,72.23320345648966,22.90203179257985,10.700761679208215,9.44979593557318,13.282289277268042,31.528587297665606,1.114619129544793,71.71297424581923,73.74564586909507,73.30462216115602,73.30066398278504,77.52299608461041,69.02632650449807,2.161342103934982,72.75035731043906,72.74916392993711,74.87981994327241,70.6691432019483,1.0727894380713485,0.5542648507169616,2.643176141338003,-1.642816697450229,158,210,117
2025,20242025,230,Portland,WCC,32,12,20,1300,63.6,43.7,1843,805,50.5,1055,533,34.5,788,272,77.7,582,452,1083,817,266,11,408,0,8,488,252,328,928,2334,31.6,24.6,0.2,51.1,46.2,2077,959,52.2,1218,636,37.6,859,323,73.8,451,333,1178,837,341,12,305,0,9,556,402,498,1092,2574,21.7,28.9,0.15,53.9,68.50371000239367,15.607911117862185,55.59342385344381,2.7553153322138537,7.278070641377283,45.54438298699272,53.811445939346434,32.24487415096098,73.51253002858864,9.357597129660254,13.476980464108568,8.15856238954123,13.076362664894592,35.00945953464397,1.0460146017604333,17.02217517694206,56.469172454790744,2.96334442265089,6.0287395209555825,44.6234290332087,51.90523221777605,34.61580645357125,72.22763806092279,23.801522594324794,11.952060751901953,10.388792722922908,15.657154723171992,30.669815204485513,1.1173757632259098,71.65588093726603,76.54438524773103,72.40440912732103,72.38790462708403,76.73057269250371,68.10412289838966,2.20265833182151,76.8517654520099,76.85117863719901,79.00575232892078,74.67229913668265,1.092521841990367,-4.447356324688869,-2.2751796364170644,-6.568176238292992,295,245,273
2025,20242025,231,Portland State,Big Sky,32,19,13,1285,69.4,47.3,1932,913,54.1,1317,712,32.7,615,201,63.0,621,391,1179,792,387,17,407,0,13,561,375,545,1366,2418,32.1,32.8,0.18,52.5,42.7,1819,777,49.5,1124,556,31.8,695,221,74.0,611,452,1071,745,326,21,464,0,6,568,301,401,984,2227,33.6,30.4,0.21,48.8,69.36718296218004,13.601105036133827,55.29988756003847,2.9928634947377653,6.636480855685696,45.19231604962528,52.1532076954327,33.37844256864821,71.32961585345349,10.517374896901323,11.811892942187203,9.441623451394825,13.967756614925053,35.09661489608497,1.0781170022385254,12.519536339380704,54.818261746057466,3.7007932510624366,7.052752269279338,43.08723493446793,50.01774846545305,33.05523459410932,72.22993450442922,24.754971337335647,12.40046283591102,9.34154128179552,12.212827275466386,28.793349022043806,1.043848001333949,74.78593934891686,72.408795293238,73.40133560988357,73.40238661694349,77.5938589467247,69.17298628419306,2.145984776748075,71.37004654093539,71.36838037183665,73.49091524373925,69.24825203910338,1.078645678214202,2.0312890689481833,4.102943702985442,-0.07526575491031906,113,205,69
2025,20242025,232,Prairie View A&M,SWAC,32,5,27,1280,65.2,43.5,1884,820,49.4,1250,618,31.9,634,202,69.1,643,444,894,611,283,27,381,0,12,607,402,505,1048,2286,34.1,31.7,0.18,48.9,50.5,1869,944,57.7,1254,724,35.8,615,220,69.7,759,529,1246,860,386,23,460,0,7,581,415,470,1310,2637,40.6,31.0,0.22,56.4,72.21496141247025,11.39221112539617,54.27754049852282,3.3360151656563475,6.418922386946412,43.38529668211095,48.14934043289684,33.034196245689564,74.33934877160738,10.028617691804977,11.459971360669842,12.737224581141719,14.485449089754054,31.672134252555164,1.057113115405463,13.340358233644343,55.59636345918171,4.492039214112649,7.004691163794307,44.95793567103294,50.81705694419147,34.10523033005658,72.22235298409962,23.275067637519697,13.47915005283125,10.339166960647047,13.28819157729275,35.68685160612819,1.0898902608889185,76.33938283762171,78.70638313392038,71.73357805758504,71.73446443215316,75.97436275783436,67.45876281987937,2.1631711021174653,76.27948229968587,76.27686776912547,78.42635432110612,74.14957452257345,1.0862503730369582,-4.545904242100832,-2.4519915632717613,-6.690811702694077,299,270,256
2025,20242025,233,Presbyterian,Big South,33,14,19,1335,64.1,46.8,1911,894,51.9,1261,655,36.8,650,239,69.8,605,422,1102,772,330,14,349,0,7,595,398,475,1124,2449,31.7,29.9,0.16,53.0,45.6,1805,823,52.1,1180,615,33.3,625,208,71.1,685,487,1089,773,316,28,406,0,8,530,298,399,1118,2341,38.0,29.0,0.19,51.4,65.08957132978833,12.77392527992875,55.13539249534169,3.284127434027787,6.6840941301250085,46.0490039998152,52.44708528345715,32.79142216978193,69.7761354803995,10.782832432870718,12.554527208767698,8.576226184905513,12.082970445051956,35.70174527354847,1.064210901895397,12.451183310894768,55.188910657783076,4.138781374940348,5.760951266280408,44.95361928691208,50.83277115879245,34.10213389286437,72.20422466108975,23.882464922380613,10.847968238925176,8.243388474563869,13.530209232702983,32.26041738349188,1.0918905044361837,69.26903140885881,71.07068487281754,72.25767262907539,72.24600970304402,76.53873570450955,68.07177367785255,2.155489056937151,72.90092558910948,72.9037116518331,74.97941551389886,70.81433838275574,1.0664725541477824,-0.6432529600340899,1.5593201906106913,-2.742564704903188,195,252,121
2025,20242025,234,Princeton,Ivy,30,19,11,1200,62.9,43.4,1824,791,50.8,935,475,35.5,889,316,71.0,438,311,1014,723,291,17,313,0,2,466,180,394,874,2209,24.0,28.7,0.17,52.0,45.6,1680,766,52.3,1005,526,35.6,675,240,75.1,519,390,1013,782,231,15,364,0,1,446,234,350,914,2162,30.9,22.8,0.19,52.7,64.94082638525602,12.592508037536206,54.91762700757022,3.175849794121242,6.650278276624119,43.16659287658872,49.75255541778712,34.08145176800934,73.02512861575788,9.563252647599887,11.2674962588281,4.495319083629084,10.490213487458039,26.100785476411325,1.0614437540968567,12.874388356483726,55.99329494348541,2.4093045140282356,5.13708459015607,45.52763324956446,55.39689700035008,32.89718137122384,72.22080879272266,23.77965560108084,9.79546543080039,9.354590658487382,13.678923197295207,32.52354344517464,1.1120728613237834,68.93103455251834,72.21893061498271,72.33693527066207,72.32921130448507,76.60720805643706,68.12865951084136,2.159262083089187,72.49332011924776,72.49282419246009,74.61954267105278,70.34415167366055,1.0846529724571816,-0.15638484858568802,1.9876653853842754,-2.2154921628191886,175,251,112
2025,20242025,235,Providence,Big East,32,12,20,1285,65.8,44.0,1833,807,51.1,999,510,35.6,834,297,68.6,542,372,1186,824,362,28,407,0,7,554,217,319,962,2283,29.6,30.5,0.19,52.1,43.3,1889,818,49.0,1191,584,33.5,698,234,72.6,620,450,1061,729,332,15,295,0,6,479,208,455,946,2320,32.8,31.3,0.14,49.5,71.00670465150199,13.983092162775886,58.28314493972284,3.255637899034232,7.3632951092947225,46.7682292348566,54.81322144252883,35.173561151182604,74.56613998939098,10.867829358353248,12.253622010790666,11.790137617794077,12.108907122312337,36.13815692997774,1.1394940368227144,15.868891607266052,55.562057855214626,3.7840070847026395,5.658121433286409,44.78115483788015,50.83193051974835,34.22835415342387,72.22415409567176,26.658576261702102,10.13642809169905,12.092759768605035,14.592806207662425,34.86974731411792,1.12746299670609,80.91171652481822,80.0574320126067,77.09674082036533,77.10126828661082,81.32663089608738,72.8650564591134,2.1467824417615917,80.94420525928145,80.94470390558635,83.06116059313352,78.81157685402127,1.085556200155335,-3.84746443891612,-1.734529697046142,-5.946520394907864,282,72,358
2025,20242025,236,Purdue,Big Ten,36,24,12,1440,63.2,48.6,2027,985,55.1,1249,688,38.2,778,297,73.2,702,514,1183,831,352,19,375,0,4,571,282,526,1140,2781,34.6,29.8,0.16,55.9,45.2,2024,914,55.6,1161,645,31.2,863,269,71.6,609,436,1107,756,351,11,418,0,5,646,277,418,1088,2533,30.1,31.7,0.18,51.8,65.8626385063356,18.739798259690538,59.674707321648796,2.6882912706996436,5.657307454458765,48.98753850640521,56.630254219809075,36.554847448800544,73.44885297371411,11.13412676682311,9.455966699930528,7.832188201315532,13.663304122197335,33.256596539916444,1.2389110706079798,14.711037737530235,55.732391162655084,2.9623204742137244,5.591809745468198,45.21962814370597,53.57603039435933,33.84412841546834,72.21969257240333,23.94164462596421,10.118703572592008,7.697566954453357,10.960930926843318,29.257369630700826,1.100488557687221,81.5979519849506,72.48108005531209,83.60605631160848,83.59983345235422,87.89978622778602,79.30778894438056,2.1746010092641987,72.20806014874029,72.19759046395876,74.31414303827741,70.1239535814359,1.069869855437662,11.397996162868196,13.585643189508616,9.183835362944663,5,1,99
2025,20242025,237,Purdue Fort Wayne,Horizon,32,19,13,1295,69.7,47.0,1955,918,55.2,1065,588,37.1,890,330,75.0,556,417,968,725,243,12,306,0,3,504,405,576,1106,2583,28.4,25.1,0.14,55.4,46.2,1887,871,55.7,1131,630,31.9,756,241,73.8,549,405,1182,840,342,14,477,0,2,537,293,361,1102,2388,29.1,28.9,0.21,52.5,68.6056805966068,13.331872668586762,56.03427770518599,2.9059377193649527,5.536640546088355,45.08874034809106,53.48591278507282,34.29171328938411,71.4712087769463,8.542210839281667,10.371904357913417,11.615576088341816,15.539638134399539,32.31648192050608,1.0895753486630317,15.102861230594591,58.28098005283248,3.1468466012561893,7.692650859479166,46.94853688460071,54.893426830327044,35.097630104557474,72.23117554920748,21.94553123856799,12.976877736056508,9.847613523404341,12.977916559460349,33.23146158741113,1.1319534086952476,74.75105835631244,77.65843400718649,71.79707908198951,71.80867120097196,76.04963116406871,67.55243919220621,2.1602585835135777,77.09422372427227,77.08586302065999,79.21145657184705,75.01161780286945,1.0706329846177893,-5.29714464228276,-3.1618254077783376,-7.459178610663244,311,267,290
2025,20242025,362,Queens University,ASUN,35,20,15,1415,66.0,44.8,2018,904,52.8,1126,594,34.8,892,310,68.2,691,471,1256,864,392,17,430,0,6,557,408,483,1150,2685,34.2,31.2,0.18,52.5,44.6,2057,917,50.9,1303,663,33.7,754,254,70.2,621,436,1202,840,362,18,405,0,5,580,314,469,1186,2611,30.2,30.1,0.17,50.8,70.1697157358853,15.809813719347032,59.04885816369093,3.1536849358746513,6.456818245846983,47.344358767117754,57.904606163791385,34.33637913035212,73.81234851867016,10.304640280363802,10.709842130947482,10.990733868491802,13.80314552413546,36.41297116460446,1.1779820915382095,14.238257361425221,58.116053123918505,3.0547294686346884,6.176088617911985,47.0843501631214,54.37526161404299,34.6768206984839,72.2241263662958,23.03284812446533,10.96185706473758,10.452366183335531,12.291779726847762,35.38083331559804,1.1724778420873698,82.65866850519978,82.27243688589496,80.2089557989042,80.19949640086543,84.48532490562538,76.00042352292178,2.161320882411993,80.666814863854,80.66659281358173,82.76039103271557,78.54489190488756,1.07596803002684,-0.4578590649498011,1.7249338729098014,-2.5444683819657854,183,26,355
2025,20242025,238,Quinnipiac,MAAC,33,20,13,1325,70.4,42.6,2026,864,50.6,1259,637,29.6,767,227,76.3,634,484,1263,873,390,17,425,0,7,539,324,427,1086,2439,31.3,30.9,0.18,48.2,42.2,2006,847,46.4,1250,580,35.3,756,267,70.9,560,397,1080,780,300,28,407,0,9,526,325,434,998,2358,27.9,27.8,0.17,48.9,68.99477866442956,13.0639143133692,53.24002313699179,4.08564584913944,6.557735219388086,43.269957523473145,48.117770592523,33.80129704515061,70.6945249755058,12.066419808498956,11.23045759162976,11.460475358987601,13.831647670358548,32.217172271615034,1.0746997736671546,13.488470585525436,53.77250593762009,4.287867705726069,7.530584622610752,43.348520221719454,48.448330605919544,34.20471179985381,72.21971399729364,24.08651660414554,12.12048594235228,9.274214499683142,12.416550050092312,31.813214259199917,1.0532413305671922,74.14867301487787,72.66815248271271,72.527031643988,72.54739204663835,76.75931478846164,68.22934656392178,2.1753354611168865,70.46697259729034,70.46673430918217,72.56820395543448,68.37399155815753,1.0704570167597427,2.06005904669766,4.191110833027153,-0.1446449942357475,109,238,49
2025,20242025,239,Radford,Big South,33,20,13,1330,62.6,45.4,1813,824,50.7,1149,582,36.4,664,242,76.3,722,551,1167,792,375,18,374,0,2,564,297,412,1018,2441,39.8,32.1,0.18,52.1,43.5,1816,790,48.8,1097,535,35.5,719,255,75.1,638,479,1030,710,320,16,364,0,1,615,359,412,984,2314,35.1,31.1,0.17,50.5,72.58848778565708,12.301730972151653,56.098813710300895,3.181828329461797,6.9747188389182435,44.24041661111735,52.75200388766586,33.80847578581109,71.79626083615742,11.096664331674136,12.398383595126681,12.691472140075042,15.419132286231623,30.812098686522233,1.0931447822530602,14.774420655110546,56.87151733195336,3.371180280061684,7.33169555291789,45.93801282882454,52.83247994423995,34.315516411189876,72.21400916885695,23.913981904807876,13.175171225493653,10.870202587874312,14.871798916861,34.689322723834096,1.1053701949789818,79.34972667453103,80.23715089686121,74.61766624852268,74.60084974481634,78.90254318997651,70.37848260039395,2.1686487056066883,78.6830358443039,78.69186756743044,80.78433530782054,76.56514492341479,1.068201325789662,-4.06536959578122,-1.8817921178440287,-6.18666232302084,287,153,328
2025,20242025,240,Rhode Island,A-10,31,18,13,1255,65.9,46.5,1782,828,53.4,1109,592,35.1,673,236,69.4,759,527,1160,849,311,16,401,0,15,508,440,378,1112,2419,42.6,26.8,0.19,53.1,42.8,1938,829,49.9,1171,584,31.9,767,245,72.2,589,425,1103,764,339,16,357,0,10,627,343,431,1024,2328,30.4,30.7,0.17,49.1,66.6074362058547,11.653541027873825,54.86138761631273,3.262904915384746,7.5451926672333975,43.72661353366333,52.3821539654464,32.231417175663616,70.63946415516767,10.596698745692978,12.584353023398032,11.192237576218314,14.832802091426373,29.080272161884146,1.0561511913437411,12.614773424455363,55.497882607695395,3.54160831519837,8.003500975215205,43.93220460289731,50.7314373207579,34.18954861178383,72.2160115527773,22.660319244365546,13.5268635548508,8.685918097548075,13.717762306737995,28.454618469794937,1.048069642272443,70.34752310116568,69.8092318369547,73.18297516073714,73.17508951235016,77.43687331391814,68.99463251947768,2.167701167355679,69.19353107231575,69.18786592770493,71.29182113502827,67.08234339630465,1.0682245577965441,3.9894440884213935,6.14505217888987,1.912289123173025,67,215,27
2025,20242025,241,Rice,American,32,13,19,1290,65.6,42.1,1778,748,47.8,1090,521,33.0,688,227,68.1,772,526,1223,829,394,15,377,0,9,572,215,322,860,2249,43.4,32.2,0.18,48.5,42.0,1847,775,47.5,1172,557,32.3,675,218,71.8,670,481,1117,775,342,17,299,0,11,642,335,435,916,2249,36.3,30.6,0.14,47.9,67.46913324569908,11.62920463293362,53.39106210210036,3.5102290452797336,7.186415763019485,42.21766751056835,47.787935441370976,34.29049688875322,69.6230372035594,12.959255620585495,12.03154630086336,9.502671838134914,12.246387935411809,26.102271082969807,1.0664068300703704,12.651423910273254,56.08440057886995,3.726682415831653,6.4548942072878335,45.169033998152265,51.391434128516025,33.79184126537163,72.22491667263373,23.468605943550557,10.88239986902969,11.195584962752985,13.975117189314071,32.946268642759584,1.1234721564351273,71.9495445121414,75.79969262035449,73.10200873508354,73.1231580341119,77.34720167390394,68.85347504929824,2.1810931702448957,75.95357824993954,75.94704010666516,78.0719933711522,73.8384860088942,1.0789349310472727,-2.8515695148559956,-0.7247916972482642,-4.985010959595954,256,218,240
2025,20242025,242,Richmond,A-10,32,10,22,1310,64.1,41.8,1745,729,50.5,948,479,31.4,797,250,79.2,542,429,996,788,208,28,327,0,3,562,140,337,766,2137,31.1,20.9,0.16,48.9,43.3,1777,770,51.0,931,475,34.9,846,295,72.4,645,467,1145,851,294,10,333,0,6,496,258,350,860,2302,36.3,25.7,0.16,51.6,68.0366157829275,13.827442669659117,56.76607667521344,2.8989096668381014,5.780176846374757,44.77625596313679,51.224631251299634,35.451567184167395,73.92545841569394,8.924571320481112,10.347769398935316,11.769603743456244,14.464303170582369,26.86125171510797,1.1074399630944642,12.732170070772858,56.12848544733022,2.4551740721905246,6.790350887098353,44.8513262362637,54.691978909919946,33.34902432514207,72.21127759637508,24.150019036180677,12.06610832007953,9.586268669331869,12.403149329026386,30.423662885170067,1.0964597078923188,75.34646727171747,74.59940786733061,74.49890223442249,74.48975628935665,78.74185889083088,70.26845584255061,2.156614232434406,74.29592444149858,74.2931470599965,76.41971947395731,72.18624074944731,1.0846795398273854,0.20297779292390317,2.3221394168735685,-1.9177849068966992,169,159,176
2025,20242025,243,Rider,MAAC,33,14,19,1320,64.7,43.0,1894,814,48.1,1323,636,31.2,571,178,72.2,561,405,1131,762,369,38,369,0,6,477,226,355,944,2211,29.6,32.6,0.17,47.7,45.8,1895,868,52.8,1119,591,35.7,776,277,69.1,517,357,1114,776,338,33,344,0,11,507,325,430,1028,2370,27.3,30.3,0.16,53.1,64.6867391383979,10.782123243880832,49.70394531416913,3.428137064075484,6.554133903809544,40.83797434274011,45.675618982313175,31.16751750308278,70.89345852753023,12.084263468711454,11.238137398624081,8.38307969719272,11.133189123132562,27.853032484084054,0.9894474039933869,14.490636892790105,57.351683241837655,3.2802466533921155,6.07916020191379,46.630489200225924,53.65525031808161,35.099094794499756,72.21975089023022,22.6091244056648,10.423904313064206,11.260794882357139,14.28764546391277,33.37348769845379,1.149795173718606,64.00412611328522,74.37650046492436,66.30848331817901,66.3010985952694,70.54624879493265,62.09359262879305,2.1592045378261666,75.9686613739381,75.97640488596349,78.0695692111143,73.86087802028737,1.075080776402757,-9.66017805575909,-7.523320416181647,-11.767285391494326,354,359,242
2025,20242025,244,Robert Morris,Horizon,35,26,9,1425,64.1,44.9,2078,934,50.9,1317,670,34.7,761,264,72.1,780,562,1307,870,437,26,451,0,13,587,384,530,1224,2694,37.5,33.4,0.2,51.3,44.2,2042,902,50.2,1312,658,33.4,730,244,71.9,608,437,1139,798,341,17,456,0,7,668,323,497,1134,2485,29.8,29.9,0.2,50.1,66.01372868556291,16.975212648488323,57.116942118162584,3.434088420020807,6.803308842024256,46.57286556694729,53.262272733071704,35.83114077595846,69.55033692005273,12.204350721310451,12.295717848669888,7.143078704742905,13.10961156657772,33.44423435413707,1.1418064935166632,12.925930100695913,55.68758805031134,2.642010625780478,5.7089086711372925,44.43543215651461,51.33367471943796,33.63069254092344,72.23006030742346,24.291882194861095,10.80098997548617,9.525098816923997,14.418230216835378,31.982503055709596,1.0931589207517598,75.37490407442294,72.16349640470943,78.68452707013842,78.6974932564161,82.90049966125495,74.42082686448119,2.156864634218155,73.16200093555533,73.16794639257247,75.24850300241157,71.09696930231912,1.063248605921526,5.522526134583089,7.651996658843387,3.323857562162061,47,46,132
2025,20242025,245,Rutgers,Big Ten,32,15,17,1305,66.8,44.6,1939,865,51.3,1236,634,32.9,703,231,71.8,702,504,1129,771,358,12,349,0,4,547,386,448,1034,2465,36.2,31.7,0.16,50.6,46.2,1957,904,52.9,1220,645,35.1,737,259,69.6,596,415,1172,805,367,18,394,0,3,614,311,371,1132,2482,30.5,31.3,0.18,52.8,67.58835395532941,12.119689893697394,52.998380303676754,3.6718643927201153,5.905861648696516,42.446651951214186,47.53586024153478,32.80658356620668,72.73457671731192,10.746270119966185,10.483479936989959,10.456707237476234,12.918615653268464,26.726017367478995,1.0525675753950248,15.381487877017632,56.946725704836616,3.3432427562227005,6.1233876210126,45.99213664421303,53.03985992200172,34.35833832657384,72.23240115007401,22.563927350429402,11.419873322055764,10.436750620867025,12.791988042894094,32.03151739688413,1.1249065144863122,71.1413098477018,76.03057966775675,71.30375572150356,71.30345618921568,75.46536559743046,67.11048055631976,2.1548117601222225,75.57327816100468,75.56919242367067,77.66816697620662,73.4581062103862,1.0782903014827925,-4.269522439501117,-2.202801378776158,-6.347625654066448,292,285,227
2025,20242025,246,SE Louisiana,Southland,32,18,14,1290,67.0,44.4,1854,824,49.8,1262,629,32.9,592,195,74.9,642,481,1147,798,349,19,373,0,5,550,329,469,1018,2324,34.6,30.4,0.17,49.7,43.6,1776,774,51.7,1010,522,32.9,766,252,67.5,640,432,1082,759,323,29,415,0,7,542,313,416,916,2232,36.0,29.9,0.19,50.7,65.95361858549103,11.976856415538665,52.955347785160356,3.1665706132086444,6.572821900247194,42.43755594660943,50.4277221308982,31.58745402744694,70.1994884119281,10.17589863871611,11.87485180344709,8.386221336809692,12.582912269689363,29.111115012247595,1.0138551203918291,12.746500347744853,56.55811611894728,2.902320113492418,6.826643998560126,45.308346118462325,51.73857925007841,34.39933303974801,72.22228017164005,22.316000969462287,12.466077111396034,10.460562874585538,13.003706148085875,29.108558692365147,1.0815168488634685,66.86741391126978,71.32994974372335,69.72171508400785,69.72816109851323,73.95081606823892,65.5384551180754,2.148543661046307,71.21180931422437,71.2137824411079,73.31075950517496,69.07773971759742,1.076925994969802,-1.4900942302165134,0.6400565630639647,-3.53928459952202,221,327,64
2025,20242025,247,SIU Edwardsville,OVC,34,22,12,1370,65.5,43.1,2030,874,48.8,1282,625,33.3,748,249,67.0,655,439,1297,894,403,23,388,0,4,560,416,449,1070,2436,32.3,31.1,0.17,49.2,40.2,1954,786,45.0,1192,536,32.8,762,250,70.9,618,438,1220,862,358,27,425,0,5,569,262,398,864,2260,31.6,29.3,0.19,46.6,65.26144119121074,12.667274285279323,53.72244853389531,3.2516254815200747,6.851890440422146,43.82278293079262,49.097971726994615,34.2357246766617,68.9942931798636,10.509522392786625,11.719366564442533,8.752509624838547,12.21026733837798,29.57147785595425,1.0457673674054337,11.181824709404824,52.281950133811165,3.7905261629440163,6.803172726043342,41.603973703752665,48.158489153716815,32.65472185871359,72.21585770956668,25.014601112279497,11.379781278031263,10.046712910521554,13.302172200507496,27.072026085815995,1.0275385157862775,68.24828554761699,67.05864441969011,70.70986402906793,70.72178616732484,74.89506729770473,66.43748401705906,2.1549431180204657,67.15976145509669,67.16370321459547,69.23396028923057,65.06725061308842,1.0696277081697878,3.5501025739712446,5.661107008474161,1.3702334039706443,74,307,5
2025,20242025,248,SMU,ACC,35,24,11,1400,68.9,47.8,2069,990,53.3,1342,715,37.8,727,275,71.4,759,542,1345,909,436,17,418,0,8,590,446,528,1278,2797,36.7,32.4,0.17,54.5,41.3,2072,856,47.0,1220,574,33.1,852,282,74.0,677,501,1152,765,387,16,435,0,5,637,283,463,900,2495,32.7,33.6,0.18,48.1,70.03659356488524,16.373116692047148,57.902883748053995,3.1803227792669455,6.6536015212560065,47.59858916584726,54.71179029025709,35.12548640494893,72.70912999091898,11.92383522903647,11.289325147551136,11.104376263334688,14.80611802929253,35.97741313314155,1.1638507540723064,16.031793076148144,55.85244994056816,3.436946968114694,6.927382115996527,44.201113949752234,52.3740847095243,34.16132011821212,72.21786127999749,24.966227019443743,11.892629125541765,9.626166115524944,13.648402699792571,29.874310430044304,1.109937686439364,81.51214223314733,77.73625462750276,79.60829898347805,79.60247949905698,83.81489752248883,75.38246452930024,2.1457813138088357,77.57593998170448,77.57602376670096,79.69857241819462,75.46875279493632,1.0833555346671397,2.032359001773571,4.116325104294219,-0.08628826563608527,112,29,303
2025,20242025,249,Sacramento State,Big Sky,32,7,25,1280,65.6,42.8,1741,746,51.3,943,484,32.8,798,262,67.5,541,365,1066,767,299,9,419,0,14,592,196,415,900,2119,31.1,28.0,0.2,50.4,44.7,1710,765,53.1,923,490,34.9,787,275,71.3,634,452,1059,788,271,15,375,0,10,549,262,470,838,2257,37.1,25.6,0.18,52.8,71.5576076617261,12.550100962985177,54.367578724599234,3.249948351821853,6.655851852098768,42.74401995062156,48.29652463791981,32.817227069564595,76.02811245791906,9.916649682482142,10.552389307618908,12.239118962376459,14.265929499392318,30.904044789085184,1.0625766011927276,16.010279071428158,57.47941008058706,2.8866110496316546,7.277700813271166,46.363673806454685,55.30856785612218,34.07531164667279,72.22170121155852,23.52154645740534,12.264088853682937,9.83843275535301,12.369436126854124,35.57052626882371,1.1337182010626699,76.0354395386796,81.12616223060043,73.71826794372873,73.69562463195051,78.03178802737627,69.46000499872056,2.183955479566235,79.24157158063528,79.23896036359591,81.35279596403669,77.17687866116341,1.0657346003766746,-5.523303636906547,-3.321007936660422,-7.7168736624428504,315,182,340
2025,20242025,250,Sacred Heart,MAAC,33,15,18,1325,69.7,43.8,2042,895,51.0,1132,577,34.9,910,318,73.1,536,392,1223,834,389,14,406,0,7,521,413,462,1084,2502,26.2,31.8,0.18,51.6,44.0,2007,884,50.4,1139,574,35.7,868,310,74.2,543,403,1182,833,349,33,409,0,1,496,346,448,970,2481,27.1,29.5,0.18,51.8,68.45274850053511,14.650695255855549,56.382183076286616,2.8665922617602284,6.6986239455314776,43.67740149688596,51.71777439783103,34.71931176667346,76.05032060640157,10.042482353189058,11.821023107272538,9.07680243536158,11.088405513444895,27.017845313729694,1.096580054648892,16.078803966976984,55.97691746587133,3.155542255501865,5.746892605481894,45.49974615714578,53.888977380934364,34.19276497288322,72.20537587733969,24.562053500918953,10.39765972897259,10.761940367935047,13.544922304257064,33.60728658704263,1.1197279931966164,75.06391869158365,76.64845870729687,74.70131115125936,74.69360539321029,78.99854447605568,70.4145348681811,2.164706353939669,76.00852870834605,76.01560122579758,78.1149433880203,73.92311433329253,1.0775407745091485,-1.3072175570866875,0.8836010880353911,-3.5085794651114384,212,147,244
2025,20242025,251,Saint Joseph's,A-10,35,22,13,1410,65.9,43.8,2070,907,52.8,1107,584,33.5,963,323,74.6,657,490,1295,926,369,12,395,0,2,503,371,463,1086,2627,31.7,28.5,0.17,51.6,41.4,2122,878,45.3,1424,645,33.4,698,233,75.1,550,413,1215,856,359,29,390,0,1,565,359,415,1142,2402,25.9,29.5,0.17,46.9,67.42762755319926,14.860548486957878,53.88861037815266,3.453720452583887,6.634717232962384,43.001157234339345,51.925596311157754,32.32607607101644,71.84139508340594,11.310879855114012,11.48710433360169,10.807913674369466,11.164861054341861,31.884488317932917,1.0646352343703063,13.294073961296117,52.43286951975834,4.28851484666571,5.782980826888352,42.27545469577847,49.13432423727812,32.96511838694482,72.20783681101115,26.0381365178058,10.578218719781702,9.330479354655838,11.599424530159993,31.144790897030532,1.0525163640759345,71.78582806313402,70.96868139055958,73.47079175331245,73.46434616641747,77.69804505979728,69.2000932708755,2.166409790880855,70.9507268923314,70.94834640991061,73.03939362608835,68.87212852409134,1.065511930189314,2.5200648609810514,4.6586514337089255,0.3279647467841613,98,204,57
2025,20242025,252,Saint Louis,A-10,34,19,15,1370,68.2,47.7,1886,899,60.1,941,566,35.2,945,333,68.6,577,396,1198,940,258,14,431,0,0,499,323,376,1058,2527,30.6,21.5,0.18,56.5,42.2,2117,893,48.1,1286,618,33.1,831,275,70.3,515,362,1186,828,358,20,352,0,4,533,307,480,1040,2423,24.3,30.2,0.15,48.7,71.57508613051576,17.4598616746952,60.71484420479651,3.594954173737496,7.11271644832757,48.920880815960814,57.537870219113046,36.62918717356267,72.46611258773625,10.040283565912306,12.28420901445532,15.037258385730812,13.853778807338635,37.46215530040148,1.1819265794517362,12.574006724773351,52.466625224185655,3.291576600414782,6.961652103856755,40.93170585492415,47.61333326643037,32.57515001791696,72.22433202491725,28.048191250362322,11.406776765831946,10.592881198559251,13.934147464562585,28.762040660726914,1.0323987446147287,84.59649672420389,73.89402906683554,81.49194378000446,81.49334559902191,85.7510189057718,77.18867529955018,2.1820365967155126,73.02935554102187,73.01931522907644,75.1522368161691,70.9010471376581,1.0838690113564515,8.46258823898259,10.598782089602707,6.287628161892087,19,11,127
2025,20242025,253,Saint Mary's,WCC,35,29,6,1410,62.7,45.0,2087,940,51.6,1390,717,32.0,697,223,69.5,645,448,1389,901,488,22,338,0,3,523,213,426,1246,2551,30.9,35.1,0.15,50.4,41.1,1939,797,45.7,1325,606,31.1,614,191,74.0,477,353,1029,740,289,14,370,0,6,586,253,336,996,2138,24.6,28.1,0.17,46.0,65.35573471351093,14.982861192614594,57.47571689039617,3.242716928916684,5.91623851048167,45.626894212325595,50.16937226165017,36.345151094505795,76.18819917096309,11.864660391401534,11.22811285155603,8.475904795066937,11.696578104343967,31.537863885192383,1.1554738099731612,13.103129675797671,52.12385374531147,3.5979709139302978,5.766389344570633,42.200774031372305,48.44091132702319,32.98823235434764,72.21719697841363,26.583864267122923,10.369780788459536,8.972452964893705,11.447233127064688,30.14501022627243,1.017709659129826,75.51683979301566,66.51316249746654,78.11283796391005,78.12743373149416,82.35690073959387,73.82476643985481,2.1703579275133906,67.81651585679612,67.81839166973438,69.9451546419823,65.69762755060962,1.0821260881482928,10.296322107113937,12.41174609761157,8.127138889245188,12,52,11
2025,20242025,254,Saint Peter's,MAAC,28,12,16,1130,62.1,39.5,1581,624,43.5,977,425,32.9,604,199,73.8,543,401,1043,666,377,32,380,0,10,528,269,368,726,1848,34.3,36.1,0.22,45.8,41.0,1521,624,47.0,941,442,31.4,580,182,72.8,566,412,918,622,296,23,337,0,11,465,324,356,764,1842,37.2,32.2,0.19,47.0,65.62405654876608,12.611146192993116,52.882542120176424,3.4681635747240924,6.238886689492054,41.93301326492197,47.73395686748048,32.84693397390949,73.39543713938227,12.935669064708154,11.598404680806755,11.357241126322837,14.102864004207586,28.340919850413012,1.0679039447558158,12.338693667033878,54.881011275175744,3.657177508926771,8.298701703876077,43.36285673717358,49.50813110150559,33.099824425722204,72.22645105366286,22.32246661395822,12.946815663893315,9.366804592039037,12.416099215249995,29.43812776326856,1.0705060636929715,70.08018885930602,70.25095045958454,72.60048587795968,72.62025338791571,76.83774399830014,68.40391097114625,2.1472815925653874,71.10273395709073,71.09660079014036,73.21125978799373,68.97619908621708,1.084708515785468,1.49775192086895,3.6264842103064154,-0.5722881150708332,135,237,59
2025,20242025,255,Sam Houston,CUSA,32,13,19,1295,66.4,44.6,1854,827,48.2,1142,551,38.8,712,276,72.5,663,481,1129,784,345,18,406,0,5,565,322,440,928,2411,35.8,30.6,0.19,52.0,44.7,1907,852,51.1,1111,568,35.7,796,284,72.0,618,445,1116,766,350,19,393,0,7,580,340,458,982,2433,32.4,31.4,0.18,52.1,68.99068336143971,14.81072114855353,56.35582958078552,3.3058772748119862,6.494502087711793,45.70719120351338,51.14116539469743,35.60135611338299,71.94458367257221,12.60653142011402,11.666077012249868,13.113454271786111,13.243776605685078,34.75145289772097,1.131730887467353,13.316747933579162,55.344125815909315,2.789260615578636,6.896634127360632,44.55478502445339,53.29125840054829,33.11389282467253,72.21250824566826,25.15530117839369,11.475463773042689,10.078110957112699,12.945127646391358,32.470347470463885,1.088046893573289,78.07888730762132,75.06509871691287,76.94424567905077,76.93780507855627,81.24972368425772,72.64609696757168,2.1706337072449204,74.96279120979929,74.95981712397634,77.06223606582101,72.86221390073388,1.0643904015501942,1.9814544692514744,4.187487618436705,-0.2161169331621977,118,77,208
2025,20242025,256,Samford,SoCon,33,22,11,1330,69.1,46.0,2107,970,54.4,1129,614,36.4,978,356,72.2,609,440,1188,757,431,14,427,0,3,647,468,665,1150,2736,28.9,36.3,0.19,54.5,44.8,1863,835,53.2,1036,551,34.3,827,284,70.0,769,538,1163,787,376,38,532,0,4,547,488,485,1000,2492,41.3,32.3,0.23,52.4,68.58761352828756,14.200949654582997,56.79247289949865,3.240377556681335,5.67301003657041,45.06440285838648,52.9823174925072,34.44550898579657,70.70693835600096,9.411183143687246,9.773610050942196,8.72270945282427,11.257794820230076,29.912042144784625,1.1223035400708,12.7020944517486,56.07455449329588,2.8578614408382714,4.893731700829389,45.39085110860943,51.011921849991914,35.29125012172165,72.22772248052874,25.9158196267069,9.624343382453475,9.335373077919192,11.607709074260342,32.338098723120396,1.1077391175179565,76.97612146780502,75.97718248248792,77.01823169029491,77.01620994600026,81.25065818139389,72.75435635248392,2.1711884092624354,74.99400510005734,75.00114345196465,77.09049540593719,72.86322250094477,1.0784583451315368,2.024226590237575,4.160162775456698,-0.10886614846084797,114,74,209
2025,20242025,258,San Diego,WCC,33,6,27,1320,70.0,40.7,2016,820,47.0,1297,609,29.3,719,211,75.2,616,463,1132,751,381,24,440,0,12,695,454,449,986,2314,30.6,33.7,0.19,45.9,46.5,1860,865,51.4,1153,593,38.5,707,272,73.6,852,627,1232,886,346,18,438,0,9,583,467,500,1028,2629,45.8,28.1,0.19,53.8,68.94697606156573,15.178891968997474,54.975521550894314,3.366672542138592,6.86731720498854,43.9836685064846,50.82709172499883,34.09510871842672,72.36416913608514,10.058575704399056,12.090965769443073,10.916080402463718,14.593209404449997,29.467718953879825,1.0647416706041164,15.39026055584883,58.00488666826865,2.7667470588570233,7.445437930317929,47.34323642954875,56.97264095404063,33.58210440381849,72.22647050850377,21.55539848253759,12.887351406710854,11.599986392590298,13.850620433354615,35.400336057389055,1.1281648962978765,73.41071847489353,77.78355809854848,73.05412841302929,73.06027497223059,77.26703805594889,68.77504428630986,2.162880595322123,76.86252218418979,76.86172796476157,78.97605210849422,74.76049224291272,1.072448101209048,-3.808393771160496,-1.709014052545328,-5.9854479566028544,280,223,274
2025,20242025,257,San Diego State,Mountain West,31,21,10,1250,64.8,44.2,1784,789,51.5,1067,550,33.3,717,239,66.4,565,375,1090,776,314,26,340,0,7,572,278,477,984,2194,31.7,28.8,0.17,50.9,38.3,1709,654,44.6,908,405,31.1,801,249,70.6,630,445,1099,749,350,32,411,0,6,551,174,310,728,2004,36.9,31.8,0.2,45.6,69.56975134936353,14.55562926610164,56.69942503289038,2.770337910995057,6.814400021242336,46.26227028251454,52.982501294393984,34.1165075322135,73.7086240583489,9.884246871185,12.078136835946328,11.137806202230863,15.330463554359273,32.749592947128626,1.0885355629417852,13.606739684616816,54.14875824903697,4.330703633302612,7.464506014811271,41.76364788471009,47.83513524515135,33.78574610187706,72.22259735602313,24.66656820815794,13.813871798549503,8.533648693663622,13.788424679371762,26.63395426204365,1.0363722606812176,75.72914844879945,72.10016048097006,74.3414422342392,74.34733322726198,78.54118036323469,70.11127830753158,2.1512494541617224,71.88028755297836,71.87842818918048,74.00810895547085,69.73998399596722,1.0837812378005138,2.4611546812608367,4.533071407763842,0.37129431156435544,105,165,89
2025,20242025,259,San Francisco,WCC,35,25,10,1405,67.5,45.4,2047,929,54.2,1156,627,33.9,891,302,71.1,703,500,1246,883,363,20,410,0,7,658,371,503,1070,2660,34.3,29.1,0.17,52.8,43.3,1977,857,51.9,1272,660,27.9,705,197,70.6,721,509,1210,875,335,19,436,0,12,635,338,408,1138,2420,36.5,27.7,0.18,48.3,66.85606666514497,13.602446453889224,55.80143992063395,2.9509197058064123,6.366728416947866,44.03895287141349,51.37171988086014,34.37640430529289,70.33103224659313,10.77299066333731,10.801312495180744,7.975927781399276,11.792417169895653,28.227987799499473,1.1106074717015577,13.783887719086767,55.183675739624654,3.0017436569940927,5.438213582525636,44.78314803715971,51.32825487111856,33.783937587845415,72.23005605233918,24.78574880332353,10.010478599786106,9.494875801599953,12.895958615131564,33.24451838949899,1.100444032461977,74.25084716688744,73.5713595955389,76.69151111193112,76.66902879092848,80.96577687958464,72.5738784032814,2.1425040520166334,73.87597932156982,73.884338245882,75.9569951409479,71.78463873873265,1.066319217333674,2.8155317903613053,5.008781738636742,0.7892396645487452,92,89,163
2025,20242025,260,San José State,Mountain West,35,15,20,1415,66.5,44.4,2008,891,51.0,1190,607,34.7,818,284,74.4,617,459,1185,854,331,25,401,0,2,547,343,418,1086,2525,30.7,27.9,0.17,51.4,45.7,2106,962,53.4,1338,714,32.3,768,248,69.0,571,394,1229,850,379,12,387,0,2,534,315,456,1276,2568,27.1,30.8,0.16,51.6,65.13665873093964,10.82519053538346,54.53921229273901,3.0979513361202056,5.811189723332269,43.55183714894209,48.684154945347125,34.501527650642835,73.52285443954273,10.275821659416147,10.425419543243532,7.932579680705331,13.518094301332345,28.150395363845803,1.087611239865569,15.643186075355196,59.75502566633226,2.427071940658145,5.981155683275341,48.73721141543391,57.16192416157489,34.81062433657346,72.24196119001056,20.035824794604444,11.587816075014556,11.015288081624565,12.609536039857119,36.373766137540954,1.1855806449880884,70.8433621630577,77.22476187059642,71.14145033794613,71.14394295431964,75.43774002293667,66.87708763166174,2.1836665088006746,78.50464123750059,78.49362309967533,80.62277019171465,76.43419011465056,1.0642665284440547,-7.363190899554468,-5.185030168777985,-9.557102482988824,339,291,323
2025,20242025,261,Santa Clara,WCC,34,21,13,1375,67.3,47.2,2099,990,54.9,1126,618,38.2,973,372,72.7,597,434,1290,907,383,22,403,0,3,558,396,507,1202,2786,28.4,29.7,0.17,56.0,43.3,2040,883,51.2,1231,630,31.3,809,253,72.3,639,462,1119,789,330,22,401,0,6,535,325,472,1098,2481,31.3,29.5,0.17,49.5,68.09316384529619,16.158198206727704,56.915362482420754,3.303442805791511,6.511675010112028,46.085717941314336,55.25838517073778,34.37305287357216,73.7029522125925,12.567975936428434,11.062617802692364,12.009232550548864,16.491561534443218,35.527376529163845,1.1681039339505688,15.170634825437567,56.43853809132575,3.5144996580792998,8.290643164263972,45.39034132803377,53.235329227700205,33.23590083394174,72.23051579152464,22.712065216546193,13.397045087562208,12.295343602053439,12.354467772947967,33.851392199021696,1.0770823949652977,79.53989256283111,73.34194799525604,78.59756895937379,78.59055603950458,82.90760234403757,74.40771528717357,2.1584672940732816,74.4389159142992,74.44547552326227,76.56491279069093,72.32167823120024,1.087266953003392,4.158653045074587,6.342689553346645,2.0860370559733354,64,47,183
2025,20242025,262,Seattle U,WAC,32,14,18,1280,67.4,41.5,1799,746,46.8,1136,532,32.3,663,214,71.4,767,548,1099,752,347,16,364,0,4,576,276,509,950,2254,42.6,31.6,0.17,47.4,44.1,1681,742,52.1,1035,539,31.4,646,203,70.8,619,438,1066,799,267,25,460,0,5,629,256,387,924,2125,36.8,25.0,0.21,50.2,69.22734780795467,13.26042073730768,54.5499815398944,3.2525502729417863,6.589688043853068,43.89275988012868,49.91517983134361,33.63648354029331,71.00784627778675,8.65769653535918,11.628809293865068,7.488721418134418,14.224138371837835,31.042631694327696,1.037256777354965,13.083099774784426,53.996041544029936,4.534371103393156,7.5108305224593765,43.290700559030654,49.80610734042688,33.088545835664014,72.22474914782511,23.279622765774963,13.89060051447068,8.136393804346124,13.87700852302456,29.59492246835592,1.0256675331065732,71.80653569211036,71.0042430496956,70.9440698406528,70.92491273704718,75.24681986949466,66.74958622184235,2.1577406729395867,69.65787679228885,69.66409689923262,71.78739981566902,67.56398109280676,1.0734532395122107,1.2861930483639554,3.4594200538256388,-0.8143948709644064,139,299,32
2025,20242025,263,Seton Hall,Big East,32,7,25,1295,62.2,40.0,1770,708,43.9,1231,540,31.2,539,168,66.3,582,386,996,637,359,32,400,0,9,579,217,429,902,1970,32.9,36.0,0.2,44.7,46.6,1626,757,54.5,904,493,36.6,722,264,72.6,645,468,1087,791,296,40,466,0,10,545,306,495,882,2246,39.7,27.2,0.23,54.7,65.91266384751836,13.197127735714139,53.39521517023176,3.6434206263150015,6.3634647455603375,44.07027240478585,49.52631118863353,32.311982453622036,73.06720516498604,12.000226916668952,11.287710372051848,9.592374726297603,15.73915032513516,34.012731185363585,1.0696844077604426,12.677549407737592,54.02805715659868,5.227711323511824,8.625707049863564,42.09610731180465,49.03251315267602,33.32808346363634,72.21975171042136,23.42863401039738,13.517688042517992,8.536297633128106,12.189572578675177,27.205683714768096,1.027143049820185,70.50574879164581,67.70173456611266,72.36032537382222,72.37566254102158,76.5588689924534,68.17209065267313,2.149337580830154,68.4981676035707,68.48804730560974,70.6437485784613,66.37596776291991,1.0891187078175362,3.862157770251514,5.915120413992099,1.7961228897532209,71,249,22
2025,20242025,264,Siena,MAAC,32,14,18,1300,66.6,42.9,1827,783,49.5,1098,544,32.8,729,239,74.3,681,506,1030,715,315,22,379,0,2,520,220,429,928,2311,37.3,30.6,0.17,49.4,45.8,1817,833,51.8,1196,620,34.3,621,213,75.1,570,428,1085,779,306,19,399,0,1,605,271,407,1096,2307,31.4,28.2,0.18,51.7,64.88394162795763,13.373816278124869,55.456458375076004,3.5487307285575365,6.584607894239974,45.42993642944309,52.44917647250742,32.013347890664434,76.13018840400507,10.461038588051228,10.404859687429115,5.900388581343652,12.14584854758598,33.44807366651051,1.1029903871749958,11.755144346032466,53.32363698347658,3.0785914483360415,5.897839799069954,43.05134113694864,49.299706149328586,33.22345533613574,72.22150665300714,24.17194764722098,10.997646347039483,7.3187851888744495,11.591857897436253,28.264981082412632,1.044001641814568,71.5663638976608,67.73894158698835,74.99875826997146,75.01173997449484,79.23710015411358,70.65825383452994,2.17060721437088,67.25176727238134,67.24336952985198,69.35913504215878,65.15771709101338,1.0789457517786134,7.7469909975901174,9.877965111954794,5.500536743516562,22,137,7
2025,20242025,265,South Alabama,Sun Belt,32,21,11,1310,61.9,44.3,1835,813,54.2,997,540,32.6,838,273,70.4,615,433,1130,810,320,24,297,0,0,431,427,533,972,2332,33.5,28.3,0.15,51.7,38.5,1822,702,46.3,739,342,33.2,1083,360,69.9,432,302,1155,783,372,45,449,0,2,495,249,323,612,2066,23.7,32.2,0.22,48.4,66.1259839416429,12.449927815943806,55.840051683916094,3.6110603897177294,5.902165813271397,46.0472005015596,53.1220983372536,34.1630715440735,67.5588938802324,8.839102965116147,9.281043344679087,10.04465053795872,13.551766896410408,34.37018329398599,1.0936415627687344,16.138249041001224,54.31036918167943,2.419275050315092,7.582227539600649,41.27998623682968,51.45874054484579,33.63253022654877,72.21920593688367,25.66593926858552,12.03436630213306,8.957217311621301,11.214435354216532,22.147632288690097,1.0670606611916296,72.31812441755858,70.56043614671655,73.5551271188184,73.5430646382118,77.91049183823255,69.29793964966645,2.1909605015225746,71.73806907229257,71.73662050797745,73.91445516488766,69.54304981553486,1.111549312256941,1.8170580465258297,3.9960366733448893,-0.24511016586841095,122,200,81
2025,20242025,266,South Carolina,SEC,32,12,20,1290,63.9,42.7,1735,741,49.8,1058,527,31.6,677,214,71.5,751,537,1100,777,323,19,397,0,6,514,235,348,948,2233,43.3,29.4,0.19,48.9,45.4,1835,834,51.1,1200,613,34.8,635,221,71.1,558,397,1033,741,292,18,336,0,8,605,383,439,1034,2286,30.4,28.3,0.16,51.5,67.37630119976124,13.16148443702123,55.447877989286916,3.5119555046452775,6.507689676055493,43.68619468302123,53.18022628310304,32.08192553551426,75.932554885105,9.446613685094723,10.379232129864132,6.992080233503445,11.529849147156284,29.773485692883014,1.0888832331359708,15.542470580853772,55.784544956230434,2.5184883448023023,5.651385238651402,45.80764689591633,53.66255582090508,32.9622154177307,72.22247994836974,23.389169939452348,10.233090752001264,13.76567635318748,12.86054403530646,35.53703091244716,1.120415960743785,73.36492468713901,75.48948324009312,74.06375668549543,74.05398914719163,78.38458093444906,69.7404218083714,2.198163132911555,75.17857857407934,75.16645606816735,77.2919485931875,73.09842620346045,1.0715681022737678,-1.1148218885839043,1.092632341261563,-3.358004395089054,206,170,215
2025,20242025,267,South Carolina State,MEAC,33,20,13,1330,70.7,46.8,1926,902,52.2,1279,668,36.2,647,234,70.9,827,586,1165,757,408,25,469,0,6,695,429,641,1132,2624,42.9,35.0,0.2,52.9,44.1,1784,786,50.7,1184,600,31.0,600,186,69.2,818,566,1050,708,342,30,547,0,6,655,344,510,1048,2324,45.9,32.6,0.23,49.3,68.66679160782334,12.538189623453826,52.89702892636885,3.414080049040054,7.227539863241752,42.55717525140736,46.897809686250014,34.00046692539199,68.99928476349159,10.985910432902287,13.718430108289017,9.494388542626536,13.902703378483375,26.42014942983542,1.0103239549323135,14.814650787149702,57.76445600025794,3.7155694972520807,6.86864425515767,46.296469456672924,54.55658756955845,33.61706378680482,72.22376329292929,20.825605454177587,12.868298664340637,12.877240335968485,15.91515895115757,34.074609773559345,1.1398031506994348,69.37570446972907,78.26662542301855,69.22708916998803,69.2035609686454,73.47902871600166,65.02185202256327,2.1574730126140884,77.05287341445715,77.05377786888084,79.16885756050614,74.94403849164188,1.076747490778128,-7.825784244469119,-5.689828844504476,-9.92218646907861,341,333,287
2025,20242025,268,South Carolina Upstate,Big South,32,6,26,1280,73.6,45.4,1941,881,54.2,1215,659,30.6,726,222,67.5,606,409,1086,787,299,11,453,0,3,618,387,460,1178,2393,31.2,27.5,0.19,51.1,47.8,1951,933,56.8,1173,666,34.3,778,267,71.2,758,540,1209,858,351,14,401,0,6,546,336,526,1184,2673,38.9,29.0,0.17,54.7,68.02468545162414,12.043006193557785,53.370264764786945,3.802333506261389,7.123307077343138,43.64867217467854,50.38419364357109,32.75303500287179,69.37303858575616,10.79704903528133,12.476552810211107,10.388290513057443,13.2929408594219,32.63903873665722,1.0317259044618114,12.155140005341604,55.10829054821023,4.423267750541896,6.230960033601543,44.690807564984425,50.59071205784547,34.50181382931783,72.21045767388794,24.527103246496043,11.565751983188276,9.070766389358386,13.603066486962069,33.555124021843916,1.0815200511303003,70.18283012330714,73.57006128776312,69.7047279516546,69.70901464629728,73.88743049164228,65.50575315530926,2.1470038420248128,73.45732213131294,73.45831369541433,75.56569841985049,71.3468003215983,1.0791134971118708,-3.752594179658331,-1.6782679282082142,-5.84104716628903,277,328,148
2025,20242025,269,South Dakota,Summit,33,19,14,1320,71.9,45.0,2104,946,53.1,1293,686,32.1,811,260,71.4,925,660,1179,786,393,13,317,0,6,613,340,535,1264,2812,44.0,33.3,0.13,51.1,46.7,2100,980,54.2,1276,692,35.0,824,288,72.3,712,515,1302,883,419,23,442,0,3,683,382,375,1272,2763,33.9,32.2,0.19,53.5,68.85440636156504,12.11689661377683,55.61792746872069,3.464974728055628,7.021280523770704,44.37268216649471,51.248720692281054,32.594104949600286,73.09216921059468,10.468678155625259,12.040903188544922,8.14656988385713,12.894358045936759,33.80606204237202,1.0845438023851306,13.40104994186169,57.38229889896045,2.7484271750216296,6.2513195615663,48.02650945917154,55.008097427182385,34.060999717744124,72.2260178298565,23.389868153935634,11.593794786537918,10.849216755236487,14.70068863092545,41.31476427456714,1.1304344224263831,74.67561968634267,77.83539108684725,75.16169573487004,75.15166570133177,79.41041838670137,70.95251007198029,2.1625220319464296,78.71142898847877,78.71775982675297,80.81006221991218,76.6109002922692,1.0735078760655044,-3.5497332536087356,-1.399643833210817,-5.658390220288922,274,130,330
2025,20242025,270,South Dakota State,Summit,32,20,12,1280,66.8,47.1,1937,913,55.5,1146,636,35.0,791,277,74.7,593,443,1287,913,374,14,386,0,3,518,223,361,1166,2546,30.6,29.1,0.18,54.3,42.5,1931,821,50.7,1027,521,33.2,904,300,75.5,543,410,991,731,260,11,301,0,2,565,201,441,858,2352,28.1,26.2,0.14,50.3,66.67869117099774,13.908032759616693,55.513618629380666,3.027503723052394,6.512912025061653,45.25222898107742,52.81996011630023,34.03234431089247,71.63536721832499,10.614550799362393,11.128771524027398,7.991052571423937,11.6380145886414,33.659552487289474,1.0966546405217665,13.37848416549253,55.8781598494077,2.479471479180502,5.808279492810731,44.03134865350327,52.40352781511757,33.80927387683668,72.22839304710149,25.418048891025485,10.425468396941211,8.160259966948436,12.283337320615342,28.66217746203408,1.0921962825197236,73.12349609659242,72.82621862024445,73.56753093643924,73.56724366161302,77.76401838039138,69.36356816309198,2.129849495002792,73.38104427946713,73.38688835357775,75.45764973341987,71.28153119109707,1.070423849462223,0.1864866569721073,2.3063686469715066,-1.91796302800509,171,199,145
2025,20242025,271,South Florida,American,32,13,19,1290,66.9,44.3,1899,842,51.9,1188,616,31.8,711,226,72.0,654,471,1107,778,329,13,355,0,6,548,491,499,1110,2381,34.4,29.7,0.16,50.3,43.3,1898,822,49.4,1182,584,33.2,716,238,73.5,684,503,1218,835,383,24,421,0,6,552,296,420,994,2385,36.0,31.4,0.19,49.6,71.68226852327992,16.241394233096436,55.96921005994869,4.220178517954722,6.4617482265239365,44.05005883414717,52.75454027502544,33.005924342343334,73.45281405070939,14.588992307323467,11.428818708961213,13.619540364606818,17.510630478047396,36.91747549023619,1.1557855723983674,13.064139578942555,53.81499149020937,3.9364967667059285,8.531746287793297,42.63802673673119,48.63336671310701,33.67219382395088,72.20998449607067,26.20733215216763,13.79155109304568,9.395848007983187,12.400045158875718,30.862596304600615,1.0441772428860554,82.84933175599255,74.8489935104563,81.67815008150936,81.68335864640638,85.96991568111481,77.38351211957362,2.1926787465361612,75.55940923395566,75.56192649552979,77.68807076845701,73.40973786384556,1.092276087028873,6.1187408475536955,8.281844912657803,3.9737742557280598,35,9,226
2025,20242025,272,Southeast Missouri State,OVC,33,21,12,1330,68.7,45.6,1974,901,52.8,1248,659,33.3,726,242,72.2,551,398,1093,815,278,15,352,0,11,597,318,517,1010,2442,27.9,25.4,0.15,51.8,41.4,1822,755,47.7,1235,589,28.3,587,166,72.3,741,536,1128,827,301,23,452,0,8,508,233,362,988,2212,40.7,26.7,0.2,46.0,69.91615181642351,12.143396894357926,54.79044372781999,3.3658388972046724,6.824778294840816,44.72176706556537,52.14133296309943,32.44682368966443,69.90745799380628,10.190436204093754,11.804921942403716,10.20494831487429,14.235767253789026,33.77223109748343,1.0728155020710433,11.036839779621921,55.278918861203756,3.5258459259903634,6.444150439392813,43.941501073198715,49.862737034183034,33.55254866688048,72.22483438653342,23.773815092409652,12.611780268436739,10.931825499801377,12.21624535023281,30.41614674018723,1.05731123630975,75.00713151381167,73.92313291504291,73.00176832884286,72.99931209829694,77.16701188825279,68.79223030927743,2.1374802083230993,71.44728598461101,71.45093136909749,73.58355831111821,69.32867167591141,1.079818025155604,1.5544823442318432,3.583453577134577,-0.53644136663398,134,227,71
2025,20242025,274,Southern,SWAC,32,20,12,1290,66.8,43.6,1947,849,49.3,1291,637,32.3,656,212,66.9,721,482,1195,779,416,20,403,0,6,595,350,559,1160,2392,37.0,34.8,0.19,49.0,42.0,1729,727,47.7,1044,498,33.4,685,229,69.5,721,501,1036,743,293,24,495,0,6,572,324,430,838,2184,41.7,28.3,0.23,48.7,69.16502219828263,14.088340975631032,54.67058124483439,3.693244618185459,6.400181257899801,44.435830951517985,49.605987604532004,34.5855604831659,70.20231528575383,11.493061062702905,11.775752864484124,12.254698897952059,14.688834740494082,33.95490585176953,1.0836491744810737,13.85108372230711,57.25505490411441,3.75239147979031,7.895852295321561,45.60382753020601,51.820116193907836,34.59093658064237,72.23422829667638,23.481013343845596,13.078626593619495,12.849468311564033,13.66244273016888,31.6679330879925,1.1072128406271102,74.9506192081341,76.58040070019764,73.61166567257087,73.60861983837036,77.80219529146136,69.38379823222148,2.1493130883314078,77.76992662752828,77.76131042675755,79.87904743819168,75.68642804635047,1.0753261094762445,-4.158260954957413,-2.0768521467303174,-6.302629814128991,290,192,312
2025,20242025,273,Southern Illinois,MVC,33,14,19,1330,68.0,46.1,1896,875,51.7,1264,653,35.1,632,222,67.6,641,433,1173,835,338,16,412,0,8,560,336,423,1224,2405,33.8,28.8,0.18,52.0,44.7,1928,861,50.5,1162,587,35.8,766,274,71.1,650,462,1098,779,319,24,357,0,2,559,278,486,1038,2458,33.7,29.1,0.16,51.8,69.69598616330578,13.487566860600026,53.778652991160236,3.506963370962955,6.772327965286948,45.205137265158235,52.232073596018886,30.996422207998087,69.50973521558377,11.101380065581049,11.98759285722763,11.283082835799663,14.341325056719223,36.97762814352783,1.0494690375631814,13.165106899728247,53.6724463490358,3.423212398292913,7.6357329551517275,43.59425210673249,52.25257987714499,32.73534574731854,72.20550339137557,25.969142298985663,12.767622632895398,8.20593980561647,12.988873191641346,31.147734679442184,1.0238916428640346,73.14377952082133,71.36113777377616,72.77801277407369,72.76348737703142,77.09591038452729,68.51131036245175,2.1787028367819024,71.40129455417568,71.40781073398722,73.49754590777773,69.29851226497503,1.0700482668735867,1.3767182198980095,3.598364476749552,-0.7872019025232788,137,233,70
2025,20242025,365,Southern Indiana,OVC,30,10,20,1215,63.6,42.8,1791,766,46.8,1175,550,35.1,616,216,73.1,542,396,1075,760,315,21,351,0,9,518,317,395,890,2144,30.3,29.3,0.18,48.8,44.1,1778,784,49.2,1129,555,35.3,649,229,67.4,604,407,1112,773,339,14,352,0,7,495,275,374,972,2204,34.0,30.5,0.18,50.5,68.13337161818443,10.83590138952858,50.846148655500954,4.2780677405296705,6.466906780080259,40.34431996114852,45.60296377485294,32.14479157937497,69.56378415698637,12.23116760550998,11.710066061135905,10.07956368203835,12.817793385884343,27.259852270925133,1.007166721652452,11.336440195005993,54.52193554838148,4.052822742062378,6.327739983151299,44.79897340635933,50.00778945376092,33.58713133216033,72.21879106346783,24.24046201861435,11.43349900916729,12.631516761943184,13.342050540760178,35.91967446465058,1.078254759310379,68.62166452781503,73.46513221517006,68.70561610351875,68.70163442504855,73.01258389709253,64.41427948801702,2.180558282812734,73.32032700966559,73.31832047050769,75.4461416620147,71.1867151071225,1.0829157944259868,-4.61471090614684,-2.4335577649221705,-6.7724356191054795,301,341,142
2025,20242025,275,Southern Miss,Sun Belt,33,11,22,1330,69.0,43.0,1828,786,50.3,1156,581,30.5,672,205,68.3,624,426,1160,833,327,22,437,0,10,530,409,355,990,2352,34.1,28.2,0.19,48.6,43.5,1916,834,50.8,1190,604,31.7,726,230,70.6,649,458,1163,810,353,18,362,0,4,506,411,502,1072,2507,33.9,30.4,0.16,49.5,68.13032914560068,11.649572738316362,55.14661530949965,3.9121256620350975,6.786641331166152,44.98323016713517,51.40852324362533,31.511089127922123,73.0198998096997,11.215415217709376,12.42806959746082,11.079669597112751,14.68641678182847,35.381848022364856,1.0746087849757964,12.060696149843974,56.087905284524716,3.4864893513298196,7.0854210632311245,44.87116683232127,51.72376242768915,33.92271440217767,72.21411542442063,24.63384618864729,12.198286372371754,10.738917808628212,13.309058674814088,31.034375812810456,1.0799886811246275,73.21345022315504,73.57998431854405,74.20641527126968,74.21532129770537,78.48944357541035,69.91540946208517,2.177194840971004,74.73619895960456,74.73856745373615,76.81720841819217,72.64508903596088,1.0676349046701716,-0.5297836883348879,1.6722351572181822,-2.729679573875714,186,168,200
2025,20242025,276,Southern Utah,WAC,31,12,19,1240,65.9,42.5,1785,758,47.9,1203,576,31.3,582,182,72.9,638,465,1149,808,341,26,448,0,5,547,289,350,920,2163,35.7,29.7,0.22,47.6,43.8,1943,851,48.3,1394,673,32.4,549,178,68.2,594,405,1125,758,367,11,338,0,12,590,399,504,1152,2285,30.6,32.6,0.17,48.4,70.36248553491158,13.0684728166828,55.36979187778433,3.558099709908686,8.134157920415166,45.4827650163675,52.06047620328048,34.02435668834639,72.08835283608201,10.121547866479348,13.854008207457422,9.800159485138698,11.730109871138701,34.84682518124303,1.0430796885404379,13.963869144606683,55.95538853067343,3.953192841180516,5.620413122537742,46.603002829212706,51.724301346071854,34.95293270701247,72.21228660366427,24.21610996992179,10.86688145585524,11.893307731399988,15.513761471499823,38.719356394517995,1.1182915490424947,73.39367949668664,78.68577294331641,70.28088367211554,70.28808241258946,74.51218622178561,66.03238648323175,2.1608635905822218,77.06662321986705,77.06990921228073,79.18588547068376,74.9609549214946,1.0821807344367167,-6.785739547751518,-4.673699248898146,-8.928568438262857,331,316,288
2025,20242025,277,St. Bonaventure,A-10,34,22,12,1365,64.7,44.4,1918,852,51.6,1242,641,31.2,676,211,72.9,575,419,1140,824,316,20,352,0,0,456,385,469,1176,2334,30.0,27.7,0.16,49.9,42.2,1889,798,50.6,1001,507,32.8,888,291,72.1,459,331,1119,819,300,26,425,0,6,502,288,375,916,2218,24.3,26.8,0.19,49.9,68.08026998655521,14.928695662846119,56.045307375030625,3.284571069053919,6.438642056685866,46.12962920437817,50.92419667054453,35.806249960999445,73.8600970466033,11.53724702408807,11.528168267295639,12.46519520169725,13.057086431066582,34.69081804129853,1.1199183092572158,14.440129428333071,57.18282125200661,4.144786633273593,7.174735121731087,45.84173671497431,52.76383786249821,34.65383619802114,72.22751280211267,23.453935544174847,11.457676226174383,9.799089928682687,13.57527225590956,31.99661836004683,1.1148271109356107,76.24434085711768,75.89773070082771,74.03493025994983,74.0195811113673,78.30861296362984,69.77715867680487,2.179766594950525,75.90713647473035,75.90860428648948,78.02363169286683,73.80682020010026,1.071597116921098,-1.872206214780519,0.28498127076301216,-4.029661523295388,231,172,238
2025,20242025,278,St. Francis (PA),NEC,34,16,18,1385,64.5,46.2,1952,902,55.0,1130,621,34.2,822,281,72.7,454,330,1151,862,289,21,439,0,1,516,289,424,1052,2415,23.3,25.1,0.2,53.4,43.2,2037,880,52.5,1163,610,30.9,874,270,73.3,550,403,1168,822,346,15,375,0,3,484,299,499,1024,2433,27.0,29.6,0.17,49.8,69.43097565911263,13.07965666906817,53.29997165636528,3.747748249158142,6.613544906296822,43.03212758216655,48.747410305808344,34.278653658624194,70.30252486880586,10.38706306754977,12.709308885686177,8.613321730935827,13.86742544279076,29.9255180374549,1.0192215053768696,15.977930030830871,59.80574943935224,2.1630156278517885,7.380454197542119,49.06313281595903,57.90810459895448,34.86664652192563,72.21731166289632,21.49996751575953,12.989849592336803,11.975797892260388,14.965074503020283,36.44850266830208,1.1571421935920914,70.76554353106557,80.34151147742469,67.87507251697394,67.90046169438074,72.04827612100516,63.603692621181345,2.1508662078404157,80.29321937917814,80.30059485353728,82.39153977219112,78.16377404019661,1.0784137109825442,-12.418146862204196,-10.343263651185964,-14.560081419015269,360,349,350
2025,20242025,279,St. John's,Big East,36,31,5,1460,69.5,44.5,2366,1054,51.0,1632,833,30.1,734,221,69.1,718,496,1487,952,535,21,392,0,8,602,464,642,1360,2825,30.3,36.0,0.15,49.2,39.7,2107,836,46.0,1247,573,30.6,860,263,67.0,646,433,1280,876,404,36,547,0,6,628,289,359,1026,2368,30.7,31.6,0.22,45.9,69.60635624413506,15.626735542886637,55.58698743423833,3.8028934089102533,6.2552063508687095,44.859458122657514,51.30595602000582,33.42982940238988,71.88164519450636,12.41464010226134,10.66533312433952,12.92893115670146,15.867148631933595,35.598821190212206,1.1362349663757791,12.252048484455361,53.12587139458732,4.464762748475257,7.457958464360875,43.35389879787383,49.408744226535894,32.89509719268213,72.21751428172537,25.092840655284842,13.10158032538589,9.997800747997756,11.095004772224584,32.88533399129004,1.0292874409557633,79.0891758465953,71.644948292781,79.4500039501988,79.44093425101191,83.7368327208419,75.22420097959753,2.167073468647268,71.9424889438788,71.94492017728051,74.04402895591586,69.85884911196631,1.0710755523461346,7.507515006320006,9.69280376492604,5.365351867631219,24,31,91
2025,20242025,280,St. Thomas-Minnesota,Summit,34,24,10,1365,69.2,49.2,1983,976,58.3,1066,621,38.7,917,355,78.0,667,520,1062,815,247,13,325,0,5,613,331,536,1206,2827,33.6,23.3,0.14,58.2,44.6,1956,872,51.3,1143,586,35.2,813,286,74.8,687,514,1187,837,350,17,452,0,15,604,286,355,1036,2544,35.1,29.5,0.19,51.9,69.25067314703915,15.98712370203193,59.750764948932364,2.853720515572279,5.715291723713821,48.970371595316266,60.561773368179296,34.88653278357124,70.2734653516286,7.887365636451643,10.325204339421832,10.240455987405849,14.629344264305841,36.91271576308608,1.15119201545043,13.718069635745767,55.18176130388797,2.781653248059801,7.332716246639492,44.40484619750165,52.86463482959574,33.27617960296154,72.23152098022969,25.066807284188574,11.923519663283491,7.616256761444592,11.429286627997195,32.59262537872604,1.0631606100721696,79.72082199143898,73.62458791091456,76.83785140372314,76.83585889879896,81.19268819186901,72.51978052492878,2.2069336659812984,72.81241118626858,72.82405145456038,74.90308889109072,70.6883541834611,1.0744578533370632,4.025440217454559,6.289599300778292,1.831426341467676,66,84,119
2025,20242025,281,Stanford,ACC,35,21,14,1400,66.5,43.5,2059,896,50.2,1200,602,34.2,859,294,78.9,615,485,1196,822,374,21,366,0,4,600,263,516,976,2571,29.9,31.3,0.16,50.7,44.8,1945,872,50.7,1289,653,33.4,656,219,74.2,691,513,1164,838,326,21,408,0,5,564,236,389,1074,2476,35.5,28.0,0.18,50.5,68.55365788292204,11.927447048801522,55.62906803254835,3.2465291872348714,5.419114845089741,44.04694961805791,50.826901885151074,34.50482548341473,72.6521415080358,11.195221124784933,10.869469751786205,9.653019726743429,14.898346217665026,30.648226522381616,1.111674359757352,11.26786218647064,56.50776646741782,3.640437857139862,7.459163620805011,45.658433732256974,52.34235255391197,33.50410566843487,72.23301112702525,22.913185100551374,12.041081774476043,7.700621184995752,12.316897515894505,33.47121444799557,1.0914777339969246,76.2093437360219,74.82479116325216,73.62568742354001,73.61630468630338,77.82518220721028,69.48848779013913,2.140181933411379,73.58453729557907,73.57615142963212,75.72246400307486,71.46922965776669,1.0818433894118173,0.04115012796094675,2.1027182041354138,-1.9807418676275574,172,190,156
2025,20242025,282,Stephen F. Austin,Southland,31,14,17,1255,67.8,42.2,1791,756,49.9,1132,565,29.0,659,191,63.3,572,362,1165,758,407,68,519,0,5,514,299,438,1058,2065,31.9,34.9,0.24,47.5,41.6,1796,748,46.6,1132,527,33.3,664,221,68.0,593,403,1103,731,372,19,439,0,3,514,348,474,926,2118,33.0,33.7,0.21,47.8,66.06911610182635,13.318522946303585,55.205861016244604,3.5305367691510843,5.7983233436951505,44.76129806605076,51.02833477855599,34.64597116391592,70.31743009009527,11.714068854094341,9.914674708735312,7.811204779031035,13.797416291677163,31.18797628585727,1.1304761038263864,11.776998981266004,53.348631851374655,3.611030913449119,6.816425842644966,43.2685197948533,50.232071319111206,32.6765483585133,72.2208225232334,24.26647385251217,11.698078172831263,8.345360528143102,11.460995964101043,30.6904323463869,1.0319336101286876,74.68955695404583,68.17894149696907,75.6251733028305,75.61645029910522,79.81212738301795,71.38872814672509,2.14747890768423,67.88864188423713,67.88313810624706,69.96750396603895,65.75706496254459,1.0716042959763559,7.736531418593373,9.844623416979005,5.631663184180496,23,118,14
2025,20242025,283,Stetson,ASUN,32,8,24,1290,67.6,44.4,1753,778,50.9,1097,558,33.5,656,220,73.3,587,430,1033,767,266,27,402,0,5,449,279,297,1010,2293,33.5,25.8,0.18,50.7,45.1,2016,909,51.4,1194,614,35.9,822,295,75.1,531,399,1181,784,397,15,287,0,6,541,419,507,1094,2608,26.3,33.6,0.13,52.4,67.52801526242119,14.559181575265123,56.16578573829016,2.732495816706172,7.441780344797187,45.04828879393716,52.93341485760376,34.72315899197385,70.76880089335079,9.321484722565419,12.167550437786938,8.944239114371033,11.578364969565918,29.305255631995205,1.0684738638057234,15.23552342359567,57.722581193580645,2.323180123842642,6.303555263134225,47.122137334806816,56.22454934086234,33.934957657349756,72.22659559612896,22.98617101861799,10.612983913371115,10.088617484860539,14.46595560770491,35.989764699878656,1.1518018588412327,72.15191938257104,77.77889350311585,73.57669701079351,73.56803544576488,77.91791632782842,69.36531780278692,2.175069436676541,77.66810580580953,77.66355888057663,79.79548921768705,75.57489366157328,1.0767711603887724,-4.091408795016022,-1.8775728898586266,-6.209575858786366,288,198,308
2025,20242025,284,Stonehill,NEC,32,15,17,1280,65.8,43.4,1748,759,49.7,971,483,35.5,777,276,72.4,558,404,1060,772,288,21,388,0,8,530,208,360,878,2198,31.9,27.2,0.18,51.3,44.5,1803,802,49.3,1200,592,34.8,603,210,73.7,581,428,1068,761,307,20,355,0,5,502,278,442,1042,2242,32.2,28.7,0.17,50.3,64.95468306488064,12.732584820285439,52.46281712395456,3.914368437935089,7.248948067494579,42.19074247382603,48.566313461709946,32.65859873367894,70.76158780987525,10.094444440010243,12.812004774339565,8.297001869344223,10.666652637428097,29.19130811492954,1.0041447722772685,11.464389969401124,52.86652015450873,3.81697502791145,5.306070327036423,43.3137794243753,48.856736569514155,33.86139021237511,72.21214277161594,26.31778488930442,9.592029072339313,8.913044038601722,14.411724897818527,32.41651214059059,1.0549814629462084,65.22390543452671,68.5259865649951,68.15697665420464,68.16820945769263,72.38507494934919,63.93096233792771,2.16340702518093,69.75078713379445,69.74043673423702,71.864000347169,67.65534364224138,1.0796396458708948,-1.5938104795898056,0.5210746021801924,-3.724381304313667,224,345,33
2025,20242025,285,Stony Brook,CAA,32,8,24,1280,57.9,41.4,1784,739,46.4,1084,503,33.7,700,236,74.6,555,414,1059,724,335,35,376,0,2,487,187,349,786,2128,31.1,31.6,0.2,48.0,47.6,1827,869,56.3,1055,594,35.6,772,275,70.3,511,359,1108,789,319,14,312,0,3,489,313,463,1066,2372,28.0,28.8,0.17,55.1,66.48792936906533,13.04322269578495,54.308480841425414,3.565889752289373,6.742376819024254,43.08709794221715,49.44525905975746,34.4777678669351,72.68757388273538,10.25456959135884,11.39301998141711,7.260951612743229,12.756470608643127,26.451421083931617,1.0550428540194796,13.425718068082672,55.296585280175414,3.545860442294968,6.374333537059705,44.31639540493666,50.16692623004854,34.506004406278215,72.21787912017652,23.81664429094558,11.505349568928143,9.861009505157924,12.288600115415974,29.363206737835476,1.0853551042933405,70.14761475938427,72.16301351461016,70.96777608038431,70.95093006013502,75.18768540724854,66.79972550957032,2.1375327116898073,72.38279713793887,72.38780674338726,74.46359281388597,70.28551142517708,1.0679544270560712,-1.4150210575545543,0.7240925933625704,-3.4857859156067548,216,296,106
2025,20242025,286,Syracuse,ACC,33,14,19,1350,68.2,45.7,1964,897,51.9,1321,686,32.8,643,211,70.5,651,459,1224,860,364,18,415,0,7,542,280,366,1168,2464,33.1,29.7,0.18,51.0,46.3,1982,918,53.6,1226,657,34.5,756,261,71.6,655,469,1100,796,304,12,324,0,9,570,329,506,1120,2566,33.0,27.6,0.14,52.9,68.0620915389299,12.782879366679078,55.27116902276258,3.107055416554566,6.7973596574229,45.88211925591297,53.726789976572924,33.201441714300366,67.8789184967169,10.312145984064806,11.221748057586854,11.206539279471688,13.847946630635958,35.06490425473504,1.0827164099934716,14.07493483903223,54.91402232544172,5.272965858225903,6.257392646665822,44.484380564833856,50.63424124708978,33.936216309404344,72.22566643137867,23.840750163641978,11.916081257466148,9.761837720988686,12.758055866880824,35.0175150202194,1.086506623632049,73.69194340767723,73.94991327529819,73.36635987183841,73.3540005513691,77.53763290427705,69.15917554599086,2.152763485500177,74.51530537418493,74.5066951732696,76.64757193656523,72.40385248895304,1.0883648248484592,-1.1489455023465212,0.8900609677118183,-3.2446769429621725,208,207,186
2025,20242025,287,TCU,Big 12,32,16,16,1285,65.5,41.1,1800,739,47.3,1180,558,29.2,620,181,64.9,613,398,1067,700,367,24,367,0,11,480,336,435,982,2162,34.1,34.4,0.17,46.1,44.5,1740,774,53.5,1012,541,32.0,728,233,73.9,486,359,1059,761,298,31,407,0,6,504,316,417,966,2199,27.9,28.1,0.19,51.2,68.79112082120075,14.918467689096097,54.415267006612844,3.6481998123143073,6.198442679534133,44.080724919448436,51.00524894484941,32.84295895843862,70.93673349568358,12.013315777412636,10.942337697935473,12.601855535557945,14.974862810920097,34.23614667604455,1.0997823764869348,15.911517819005667,55.440455113776295,4.089536238695765,7.487211428876203,45.11158749221277,52.445443448099276,33.83790949431579,72.21076291576065,23.37796739219448,13.175204661565129,9.154215350934974,12.133063508410274,32.40365243513796,1.062954179227142,75.65526233794002,73.1218093706146,76.17322660147991,76.18954156520603,80.38518580494785,71.95063144445972,2.1463379600478647,73.30858693326599,73.31078548017935,75.42602833959869,71.19493495427706,1.0778683001412999,2.8646396682139255,4.959157465349165,0.7556964901826575,90,104,140
2025,20242025,288,Tarleton State,WAC,32,12,20,1280,68.0,43.2,1614,697,46.8,1206,565,32.4,408,132,73.3,681,499,972,668,304,49,561,0,12,618,286,563,940,2025,42.2,31.3,0.26,47.3,44.4,1627,722,52.0,941,489,34.0,686,233,73.0,753,550,1015,684,331,21,533,0,13,625,313,603,830,2227,46.3,32.6,0.25,51.5,70.02037593300716,11.139869029696136,54.659188254386905,3.746985905050587,6.980683381459981,44.60614336191797,49.19215838518166,32.91013888653412,73.35756511826477,10.697270447973075,13.761538264969987,12.505042430302598,17.557849629304933,33.81599698765618,1.0407684948785727,13.710848947636878,57.64745592922811,3.217202151941257,8.998221790112517,46.1380681361838,53.94715503606856,34.04464878745359,72.22216811683803,21.604578677276965,15.648183787531469,9.741390727330863,14.642246296216598,30.70727917639381,1.0766439465393225,72.87500127062769,75.38701388267982,70.16504698031959,70.16560240381321,74.47563388358466,65.90232255378447,2.1835932927734407,75.37529511876875,75.37152999329939,77.50192436285393,73.24570971263374,1.079290297237662,-5.21024813844916,-3.0262904792692638,-7.343387158849268,310,320,220
2025,20242025,289,Temple,American,32,17,15,1310,68.6,44.8,1875,840,48.8,1278,624,36.2,597,216,73.6,848,624,1165,806,359,14,351,0,4,575,283,405,1002,2520,45.2,30.8,0.16,50.6,44.6,1959,874,50.8,1248,634,33.8,711,240,70.6,707,499,1135,766,369,14,350,0,7,636,320,359,1140,2487,36.1,32.5,0.16,50.7,64.75057986236662,12.17859062252664,55.4923894845361,3.786450007829125,5.714849617293687,44.3154349544261,50.79950390978633,33.52421274639976,73.63243197698927,10.174952988573887,9.599528781062663,8.738942847336302,12.23642636384426,31.39081405689555,1.1081182050184446,12.711400952489106,55.32342477001265,3.791039642334959,5.762517671839542,45.05959957195541,52.15084705279898,33.469076696774245,72.21777861051923,23.4338834411239,10.373882909946262,8.607814966675333,11.706538026480413,32.82136221349154,1.0988170073361996,71.75129633098915,71.14903838764928,74.67763545741147,74.68247998528932,78.90352026121376,70.42481416240334,2.1591285321958362,72.20076806175086,72.19337809165259,74.31050479432115,70.13450704433797,1.0757273469479063,2.476867395660605,4.593015466892609,0.29030711806537113,103,148,98
2025,20242025,292,Tennessee,SEC,38,30,8,1520,62.3,45.2,2138,967,54.0,1211,654,33.8,927,313,74.5,760,566,1382,945,437,34,397,0,7,579,291,552,1144,2813,35.5,31.6,0.17,52.5,38.6,2161,834,46.6,1198,558,28.7,963,276,73.9,610,451,1202,792,410,37,436,0,5,674,252,416,958,2397,28.2,34.1,0.18,45.0,67.07954304265361,16.432595372953145,55.27795833044085,3.751286655224173,6.981463446044425,45.72354633081377,52.0952968144678,33.609395175505604,69.35034430271152,14.871641717433755,11.849314489985957,10.50384378462053,13.152191676144922,37.288825575995574,1.150086278288396,11.581994810625153,53.36878170246186,3.530467202014483,7.131780737059364,42.18791828431103,50.42677796514652,32.86549591704652,72.20438218538732,25.981233054570126,11.007585339795297,9.654463016071064,12.561382422477275,27.469553801006107,1.0528821119554064,77.14726200721176,70.62685094775271,80.72529073458534,80.73021749165142,84.9783341995329,76.48020187215081,2.1645345277181858,70.48642306511164,70.49122130431842,72.58760055119564,68.37158095732275,1.0811972727677774,10.238867669473706,12.39073364833726,8.108620914828066,13,18,50
2025,20242025,290,Tennessee State,OVC,33,17,16,1350,68.8,46.3,1964,909,53.4,1291,690,32.5,673,219,68.1,793,540,1338,910,428,26,505,0,13,627,310,523,1210,2577,40.4,32.0,0.22,51.9,41.7,2010,839,47.0,1288,606,32.3,722,233,67.5,751,507,1130,750,380,26,427,0,15,637,405,535,1058,2418,37.4,33.6,0.18,47.5,70.42801717139902,12.928695656666793,55.09056605883793,3.2743398830188974,7.046809893171465,44.869857580029056,50.62331261229543,33.62061813441353,74.46632423717864,12.413390349090399,11.807802470869744,13.448470822223308,15.617753037354133,34.65303111523056,1.1023768023184806,12.932576593434378,55.87303675964172,3.717315952776496,8.52658825633689,45.28998784391789,51.71234721507448,33.79413405214604,72.22112474636128,23.698668739114296,13.673892317606308,11.320284093574168,12.839564610841908,33.13670135613631,1.0647204005733157,77.6382123630379,74.98614665431633,74.56648646832993,74.57115865930137,78.7849789856232,70.2967881909385,2.1559267157174378,74.63881216513447,74.64165072233891,76.72592353998682,72.53777463438746,1.0698775743298985,-0.07232569680454048,2.0590554456363748,-2.2409864434489606,174,155,196
2025,20242025,291,Tennessee Tech,OVC,32,15,17,1290,68.6,43.2,1874,810,50.3,996,501,35.2,878,309,69.8,543,379,1110,833,277,16,372,0,1,424,358,329,874,2308,29.0,25.0,0.17,51.5,43.8,2065,905,49.9,1349,673,32.4,716,232,74.8,440,329,1252,868,384,20,331,0,2,464,308,425,1108,2371,21.3,30.7,0.15,49.4,69.75679726862555,11.710952912484943,54.801099444543034,3.6011967118059425,7.189584817109672,43.98160572458996,50.92061940574117,32.54214700261094,73.19683396174013,10.620001185592423,12.661538646837773,10.03665396649622,12.082230694373663,32.11141278728852,1.0555563535823853,13.368200890625703,55.31766833503156,2.9191811426722447,5.750114026534128,44.88722769027981,50.9907697166343,34.14662011899578,72.22694618909027,24.277227112995337,10.731339916897404,12.065876278001108,14.433182064812852,33.00511456398189,1.0985920369925213,73.63223056245607,76.63426200541369,72.07967983453062,72.0749841944561,76.29121522273618,67.88137390403656,2.146546249070014,73.68001089078219,73.69272033009858,75.75938870826648,71.57290760814062,1.0674886390270053,-1.6003310562515622,0.5318265144696994,-3.69153370410406,225,257,160
2025,20242025,295,Texas,SEC,35,19,16,1420,65.8,46.3,2067,956,51.7,1338,692,36.2,729,264,74.9,760,569,1248,892,356,17,348,0,4,656,396,502,1084,2747,36.8,28.5,0.15,52.6,42.7,2034,869,47.8,1294,619,33.8,740,250,69.9,792,554,1213,842,371,18,398,0,8,657,283,373,1038,2542,38.9,30.6,0.17,48.9,67.31812169737849,12.133314068323608,58.068132047552844,3.6194624589495645,6.355834910117454,47.02585291680632,54.27817959422137,34.43291245881526,73.64689961510622,11.674927010823394,10.59734605433858,11.727611891582432,11.608882257510185,34.12805454462408,1.178196730398255,12.406301917095528,56.013261202392606,2.9198386165167274,5.648018129483707,45.32444436654379,50.92408167212677,34.03351418402871,72.22891183353416,24.729908861162613,9.322618460426211,9.666811997768399,12.159314159918605,32.03383407850625,1.1251213321249665,79.31399088040317,75.74105476030509,78.94398003148791,78.93661356828743,83.18658723711147,74.64913934440253,2.1780785043709296,75.61945266418648,75.61354576543746,77.74074760915593,73.49796014721535,1.0715872581387145,3.324527367301428,5.445839627955536,1.1511791971871759,79,41,228
2025,20242025,293,Texas A&M,SEC,34,23,11,1370,65.5,41.8,2050,857,48.6,1277,620,30.7,773,237,69.2,847,586,1395,852,543,19,414,0,9,595,299,510,1120,2537,41.3,38.9,0.18,47.6,40.6,1884,765,46.8,1014,475,33.3,870,290,76.8,672,516,1100,769,331,42,451,0,6,676,317,461,818,2336,35.7,30.1,0.2,48.3,71.85412437394082,17.078358675856364,57.169156424437624,3.7731013450257285,6.4837419781292125,45.126076809021065,53.04794076602133,34.68494083682199,72.95112872636004,11.589750082636593,11.0240677102393,10.479084698308501,15.487098894411448,33.87312081098186,1.150111315128784,15.167230192567622,55.85436245584325,2.98364505445078,7.620793677954207,44.800746360458454,53.196672854956326,33.17007537966483,72.22718225910198,24.897073273997663,12.970718187635937,11.493646318176456,13.010509754446119,32.55759826647614,1.0970835906375906,82.6402414811403,78.82998077028302,80.62796087651397,80.62505313931865,84.92091072506871,76.35684085198501,2.1728089780731414,78.78175562657873,78.77900097609663,80.87640820916342,76.6737924567193,1.0757527907235842,1.8462052499352382,4.044502515905293,-0.3169516047342853,120,19,331
2025,20242025,294,Texas A&M-Corpus Christi,Southland,34,20,14,1360,66.1,49.0,1976,968,55.1,1396,769,34.3,580,199,63.1,699,441,1237,857,380,26,407,0,7,604,435,529,1370,2576,35.4,30.7,0.18,54.0,41.8,1876,784,46.7,1170,546,33.7,706,238,67.5,719,485,1094,749,345,17,453,0,11,561,333,445,928,2291,38.3,31.5,0.2,48.1,67.6178684995418,12.543019550352172,54.64553512408007,3.863723969207527,6.915321729182873,44.57936218570772,49.60981407580302,34.52844885099505,69.61181441097143,10.76065857782334,12.555466962037578,10.049875024944694,14.418801570212779,32.17388174318306,1.0458851830450635,11.957159725603875,55.26632509091499,2.84964368080633,6.969378120236086,44.628225353587986,51.98379727741282,33.18214291703312,72.21366715174359,23.611432204300005,12.55989157074397,9.80664093110206,13.961301608261685,31.23192569395107,1.047857478283294,70.72052677276031,70.85388917282124,70.9001047236877,70.90414989878042,75.11610115334089,66.64129148331355,2.1646749386222544,70.11930969243063,70.11856162274407,72.24889851522384,68.0188926748898,1.0762859467859338,0.7807950312570711,2.8672026381170497,-1.3776011915762467,151,300,41
2025,20242025,296,Texas Southern,SWAC,32,15,17,1290,68.6,42.9,1974,846,48.0,1277,613,33.4,697,233,72.2,554,400,1188,825,363,19,443,0,7,539,347,470,1008,2325,28.1,30.6,0.2,48.8,40.6,1952,792,46.0,1135,522,33.0,817,270,67.9,667,453,1228,821,407,16,445,0,10,482,262,473,904,2307,34.2,33.1,0.2,47.5,69.26308793777778,11.439372823610281,54.91561642990176,3.143939379818795,7.309506459833023,44.71558411274992,50.79947366152909,33.264897074088594,72.92976564123701,10.178649253641693,12.914775066791337,12.406454078808062,12.273718274222954,32.63433276185126,1.0534203610007673,14.082112253120242,56.47162064705786,3.3271169995759893,6.5854328280790275,45.010978726205416,53.28060649034024,33.84023347051084,72.21520025600081,24.355775441029152,11.819170095513972,11.88838245615845,15.316619024486204,31.342326378555683,1.1174368388660918,72.96314709944177,77.39712603529453,70.61763142812083,70.59685958249776,74.87066268995636,66.41701047820337,2.1646816890046154,77.58148851140109,77.58568059036368,79.66440540069713,75.44786437209295,1.071271389434366,-6.96385708328026,-4.793742710740773,-9.030853893889585,333,309,304
2025,20242025,297,Texas State,Sun Belt,32,16,16,1310,64.0,46.4,1869,867,50.2,1349,677,36.5,520,190,75.6,681,515,1183,794,389,31,393,0,0,584,329,435,1178,2439,36.4,32.9,0.19,51.5,43.1,1830,788,47.0,1165,548,36.1,665,240,71.7,739,530,1048,699,349,14,371,0,4,558,353,431,958,2346,40.4,33.3,0.18,49.6,66.7408949982146,12.737633650711862,54.916946838430746,3.9506469839422924,7.508862671761317,45.64465708530648,50.73127278853267,33.19504043630585,73.73074843627123,11.040513181927773,12.511494180749116,10.983683085343795,13.809733826249772,34.393362802284976,1.0581620172730823,11.550763576267197,56.16233272079856,3.516112020544973,7.620779238108575,45.19841639544362,51.527179778245056,34.61761989363577,72.21546594019355,23.751639692903147,12.38266989777758,9.319288199632297,13.016070231659576,31.573881292833608,1.0728782097812373,70.62268008592173,71.60485194488201,71.74500306876777,71.74665568554694,76.03500320434601,67.51689850207065,2.1670193285134522,72.19921514164612,72.20827107954462,74.29816928132769,70.0887895774606,1.0726788031340062,-0.45421207287834875,1.7368339230183238,-2.5718910753899564,182,269,97
2025,20242025,298,Texas Tech,Big 12,37,28,9,1505,65.9,46.6,2274,1059,54.5,1263,688,36.7,1011,371,76.0,663,504,1371,933,438,20,356,0,7,585,376,509,1200,2993,29.2,31.9,0.14,54.7,42.6,2108,897,47.9,1379,661,32.4,729,236,71.3,705,503,1213,844,369,18,427,0,6,594,274,369,1090,2533,33.4,30.4,0.17,48.1,68.21827927430967,14.8687458486671,57.825488274522215,2.8496442736639196,6.256894272197413,46.15689348029428,53.27563239604281,36.13996831853975,71.03306342539682,11.294298223392417,10.952181889218794,7.357792377724801,11.995714244150445,29.79084300519464,1.157815380463305,12.253021159105362,54.27703624965147,3.6519743080481732,6.141874829501655,44.31727269373582,51.06232245006213,33.33076727697508,72.21226613816292,24.83011060043472,10.362927497149613,7.834332103036363,12.908129564537315,32.279159831397614,1.0908737552931607,78.98417297253684,74.41753049160377,78.91010589101005,78.90675618888514,83.10511261568894,74.71037149839206,2.1504532846317943,73.2508488726212,73.25830416576453,75.31582891069432,71.16941712309375,1.0651455198581647,5.659257018388843,7.789283704994617,3.5409543752983126,43,42,138
2025,20242025,299,The Citadel,SoCon,30,5,25,1215,66.1,41.9,1685,706,52.2,919,480,29.5,766,226,61.7,582,359,1032,714,318,22,376,0,2,483,222,347,886,1997,34.5,30.8,0.19,48.6,46.0,1725,794,54.5,993,541,34.6,732,253,72.8,563,410,1095,786,309,16,326,0,3,492,294,444,966,2251,32.6,28.2,0.16,53.4,65.66464299351941,12.367078026023107,53.3552543232472,3.242589463808011,6.377155302242722,42.76126950704525,50.88566653810926,32.83411478208715,68.50490699102912,10.262040666627747,10.93921353280893,7.6423733274277925,11.721506619487215,28.704475988373357,1.0427640373392393,14.457229463254535,58.65478261175091,2.6667976637492963,5.502243606774381,48.009263144374124,57.42254567832764,34.74856384930399,72.20791580202399,22.5749428232727,10.090951917340671,9.51116902085862,13.772514419398036,34.200607854233816,1.166645341264389,68.4727282383621,76.60734983417872,70.82918332714105,70.81574989466242,75.03100245678017,66.58958863493248,2.152375323681877,77.27928701536031,77.28158780291199,79.39143762714185,75.1474218916203,1.0836307928807396,-6.450103688219258,-4.360435170361683,-8.557833256687815,326,302,295
2025,20242025,300,Toledo,MAC,33,18,15,1325,68.9,46.4,2018,937,51.5,1445,744,33.7,573,193,75.0,715,536,1122,766,356,12,310,0,7,523,309,444,1188,2603,35.4,31.7,0.14,51.2,48.6,2019,982,55.0,1260,693,38.1,759,289,73.5,533,392,1151,817,334,22,359,0,13,611,368,367,1236,2645,26.4,29.0,0.16,55.8,68.93470641391815,14.948027424283394,57.772704499836756,3.334712486831209,6.221421580154359,47.700789864277205,53.85855164317966,35.59540249961739,74.75380587385266,9.92594612796496,10.559190492308419,13.055889755552379,14.246849463159423,37.07054853037984,1.1428476019487686,14.460020454015902,56.624438670192916,2.898243726667568,7.463809470963428,46.722755139226194,55.341574459399276,33.97654574997643,72.20570165829196,23.196255472680235,12.309319120634406,10.890410101090094,12.767289847955498,36.92862293858254,1.1110461681552322,78.78186391618875,76.58964141408967,75.51288532583989,75.51006270477374,79.81124528032116,71.28625986962754,2.164097381295441,76.11859020572915,76.1251905547051,78.2185221687727,73.98479376397242,1.0802866216002005,-0.6057048798892595,1.592723111548466,-2.6985338943448767,192,123,250
2025,20242025,301,Towson,CAA,33,22,11,1335,63.3,42.1,1988,836,47.1,1238,583,33.7,750,253,68.2,563,384,1213,780,433,18,309,0,3,528,252,417,988,2309,28.3,35.7,0.15,48.4,43.7,1806,790,50.0,1111,556,33.7,695,234,70.1,552,387,1094,792,302,33,380,0,4,489,260,318,1000,2201,30.6,27.6,0.18,50.2,64.69540220606542,10.216225228924184,51.9580191012527,3.0568434436546186,5.295568300067191,42.62056359612783,49.26771103816105,32.15971692086447,70.15052869461181,12.768957408073904,10.512922840847335,9.096589561081602,10.827024268017656,29.82557390901017,1.0568145757668193,11.559553635797268,53.42283955595321,3.312008639947434,5.970355880157092,43.336393328292765,51.45336496308372,32.79379863842246,72.2077241593405,24.67761369269117,10.051328491723124,8.123276927967128,11.860707066259199,30.076877777529848,1.0532823052175437,68.37104403646677,68.14252237258076,68.76823017419164,68.78132568042193,73.13999344314641,64.41145478140837,2.2136009444838822,67.38022407202504,67.37507835787382,69.49409171963542,65.2746489335301,1.0753990979652122,1.3880061021665995,3.6459017235109883,-0.8631941521217357,136,339,9
2025,20242025,302,Troy,Sun Belt,34,23,11,1360,65.1,43.6,1954,851,54.8,1076,590,29.7,878,261,71.8,741,532,1311,840,471,30,458,0,11,563,436,544,1132,2495,37.9,35.9,0.21,50.2,40.6,1950,791,45.5,1216,553,32.4,734,238,71.2,583,415,1128,736,392,24,462,0,6,594,342,488,940,2235,29.9,34.8,0.21,46.7,66.99517488285272,14.898533764906745,55.86201638584592,3.3801105234194866,6.754614221188306,44.11429237600787,52.187219213518425,33.640718277241064,73.36626230338005,11.97384544931961,11.886949248619416,10.130190034608294,13.476418614353573,32.96057472353457,1.1083990909915014,13.370685787182662,54.46146728403943,3.3174730931231884,7.0904924265984395,44.29712783129629,52.31792858572461,32.812209030341954,72.21842197225321,24.989208112798728,11.676278503736148,9.437193232225079,12.602760201017457,31.64289324789588,1.0730657796227878,74.25739094097062,71.89022956663337,77.00575674369428,77.00597788507493,81.23449700214921,72.7186729382169,2.1573631827328676,73.91288628813177,73.91313137531971,75.9913286414664,71.80816948511794,1.0653589797233132,3.0928704555625046,5.243168360682816,0.9105034530989542,83,75,166
2025,20242025,303,Tulane,American,34,19,15,1365,67.5,45.1,1936,874,52.4,1170,613,34.1,766,261,75.7,692,524,1176,863,313,22,369,0,2,581,325,466,1108,2533,35.7,26.6,0.16,51.9,41.1,2003,824,48.1,1152,554,31.7,851,270,73.3,648,475,1223,835,388,32,406,0,3,560,355,410,974,2393,32.4,31.7,0.18,47.9,68.98222917321972,12.569144754744805,55.275557833886616,3.332973260879727,6.176564997596905,42.75280408890768,50.57337145494509,32.463097392299375,75.55477351734632,8.404958981212452,10.817929792029844,8.027463801090496,13.597521244190006,27.406061334678554,1.0575836484842236,14.505949292408788,55.49164757519408,4.205988430910798,7.24899562389921,44.34423894774147,51.096640038284534,34.04453314479681,72.21608541222774,23.153239377214863,11.596463853781126,10.363287716454916,13.226491039219178,31.979563432953043,1.109212989593387,72.95447760958857,76.51598465004321,73.08022025971883,73.1027985686575,77.33174740918598,68.76415873540762,2.1741992011361035,74.510980139838,74.50908604516707,76.63350017447873,72.41930650204691,1.0760510319791747,-1.4307598801191688,0.698247234707253,-3.6551477666392884,217,220,185
2025,20242025,304,Tulsa,American,33,13,20,1340,63.2,43.4,1910,829,51.7,1097,567,32.2,813,262,66.7,645,430,1178,857,321,24,377,0,0,514,325,377,982,2352,33.8,27.2,0.18,50.3,44.1,1988,876,49.6,1307,648,33.5,681,228,70.0,643,450,1220,854,366,14,331,0,0,540,311,460,1104,2430,32.3,30.0,0.16,49.8,68.05814492442227,15.012607208051389,59.158880288668044,3.124661000935694,6.55190638396432,46.05127417115237,52.585392580406186,36.34380068527507,75.62377138438258,11.153986773178913,10.8716460389145,11.45714505496042,13.688927970404869,32.18772459026319,1.1902781085424257,12.941596488359428,54.47860884327299,2.55726516581263,6.6112207973073565,43.7325580235613,51.45196044242902,33.118733556043345,72.22333970248016,25.571734568391232,10.92656315296545,9.29671978897855,12.565187528638873,32.7074541822218,1.0766598995328938,81.00812001154762,73.2754754767236,82.26841157922954,82.2825697577172,86.5480290809476,78.00511476709644,2.1727728440780854,73.23486881820328,73.23259172011748,75.34156323113173,71.11954410106667,1.0765519452853003,9.033542761026254,11.20646584981587,6.885570666029778,18,7,137
2025,20242025,305,UAB,American,37,24,13,1490,69.9,45.6,2437,1111,50.6,1716,868,33.7,721,243,76.4,753,575,1484,949,535,11,368,0,5,575,576,551,1444,3040,30.9,36.1,0.14,50.6,44.7,2310,1033,50.1,1511,757,34.5,799,276,72.5,659,478,1288,877,411,16,409,0,4,596,410,430,1334,2822,28.5,31.9,0.16,50.7,70.64166040940121,13.930214452140318,53.65423944104315,3.971572039946148,6.042854423147074,44.38858023065108,51.45455099046527,31.236928294008383,71.52031902616223,12.068176480148988,9.450304119344866,14.168171364385001,14.109024757426939,37.99173189260073,1.1001490597744144,13.500772159285733,54.11890776277517,3.474672145484025,7.173373260242224,43.79530014275145,50.84143530675059,33.184002736139526,72.22349204154635,26.137683498027172,11.333806320710892,10.796946082850805,11.092077301112692,33.54425678827689,1.05930148837009,77.71635628030621,74.83081601261317,76.00326779973815,76.02421643444423,80.21929163656802,71.70665094336317,2.181052450697462,73.75456808886692,73.74803457849309,75.87225493574114,71.63134217426511,1.080214702234055,2.248699710871236,4.347036700826877,0.07530876909805784,108,107,161
2025,20242025,306,UAlbany,Am. East,33,17,16,1335,67.8,44.1,2043,900,50.7,1308,663,32.2,735,237,71.6,591,423,1116,724,392,21,357,0,7,575,368,526,1188,2463,28.9,35.1,0.16,49.9,48.3,1806,873,55.3,1180,653,35.1,626,220,72.8,647,471,1079,800,279,27,460,0,3,520,303,389,1182,2437,35.8,25.9,0.2,54.4,65.25191674003885,13.146820779978261,54.696727758802794,3.314506281419914,6.731520868213873,45.46055358894761,53.02369940198051,33.715760914969046,67.98281828831111,10.902271674068835,12.006312042239701,9.838561982560757,11.685061033699492,33.58688418562184,1.0712122238501227,14.183584896012455,56.50287514092755,3.8278794862995635,6.714907651732605,45.30381746496555,52.15245294040615,34.3499711973935,72.22194559068579,22.643732044025313,10.762442223365507,8.885578099851248,14.076529698549825,31.21448391017719,1.1194226548131918,69.89865084158006,73.04447386878364,71.38872346541002,71.39434267574346,75.56739304408423,67.16977282659128,2.164864460479817,73.55280339753264,73.55753836147159,75.6720522012002,71.4593415114014,1.0819431859674105,-2.1640799321226183,-0.10465915711597518,-4.289568684810121,240,283,154
2025,20242025,307,UC Davis,Big West,32,15,17,1285,68.2,41.3,1784,737,46.1,1159,534,32.5,625,203,74.3,670,498,1056,730,326,18,424,0,10,579,269,489,784,2175,37.6,30.9,0.19,47.0,42.9,1766,758,47.7,1107,528,34.9,659,230,75.3,668,503,1160,803,357,32,483,0,8,605,286,486,918,2249,37.8,30.8,0.22,49.4,69.82625638526045,14.783405481884103,56.68508213066695,3.301161902590307,6.603609987765863,44.68954659680795,52.15523915203524,34.09287686305759,73.80582479345412,9.126235076931646,12.601815763611304,10.07564668500606,14.531880137560057,28.90102527134064,1.0768965900188021,13.498612537107599,56.31899590348578,2.8315294432803997,7.243425909664607,45.24822197179493,52.33312199530664,34.02125339024755,72.2305338349913,23.874885484348944,13.658102049153403,10.590865837351116,13.886727726996074,33.07927126754317,1.0717054716641865,75.19565739506558,74.83318103390997,74.36572932736625,74.3645433331923,78.6271585177153,70.11482659929939,2.173375116016703,75.00418026871475,75.00336161452567,77.09647358152189,72.88280931784583,1.075031379408106,-0.6384509413484949,1.5306849361934098,-2.7679827185464347,194,163,211
2025,20242025,308,UC Irvine,Big West,39,32,7,1585,67.3,45.4,2238,1017,50.8,1456,739,35.5,782,278,79.4,819,650,1495,1134,361,23,495,0,20,616,413,537,1296,2962,36.6,24.1,0.19,51.7,39.3,2434,957,42.7,1524,650,33.7,910,307,72.2,543,392,1347,936,411,20,485,0,19,732,295,498,1028,2613,22.3,30.5,0.18,45.6,69.97431278902248,14.455351886090762,53.97911777440101,3.669644199935494,6.556771379770624,44.582773027939574,49.70625650523397,33.256221477087124,70.96401710763054,10.961466113092435,12.455948310002766,10.840379414785719,13.994902456427713,35.22498437044695,1.0454464988602363,13.67039906273125,51.824697503785735,5.215596731657917,7.516966405081009,41.45843197408046,46.06112863298462,33.62978237260844,72.21437511363229,26.85621989053734,13.07150667865577,9.718160705943948,13.28269484179398,29.876101941318026,1.0120176702029435,73.15440031543461,70.81524100279856,71.53797148428244,71.55485783367129,75.78272466222587,67.34696646288295,2.1578135372174487,72.34495848128378,72.33971620292515,74.4821449319226,70.22531909262747,1.089332146021871,-0.8069869970013457,1.3005797303032693,-2.8783526297445263,197,275,104
2025,20242025,309,UC Riverside,Big West,34,21,13,1380,65.6,42.6,2121,903,49.2,1213,597,33.7,908,306,75.6,569,430,1270,843,427,18,384,0,6,616,270,448,934,2542,26.8,33.6,0.17,49.8,44.9,1997,897,51.1,1224,626,35.1,773,271,75.3,644,485,1178,847,331,17,377,0,8,547,298,409,1070,2550,32.2,28.1,0.17,51.7,69.21922031349378,12.74980762975434,54.58417353825753,3.1366550976397156,7.0051606003524824,43.88919188712604,50.85583315234228,32.816133160220694,72.80885967342542,10.01962849272852,13.085417181666168,8.493844633153165,12.262928914980751,31.7535943578169,1.0319596679499872,13.929347105191669,56.45671553935956,3.950145190728115,5.482299977727881,46.51470026865887,53.41671133674253,33.882113479444996,72.21218374397272,24.31464583509641,11.133223505347562,10.572281376024783,14.432395258620518,37.637125945980024,1.111175854328626,71.43144361047004,76.91472626780784,70.48258707066046,70.50706253541989,74.67587653801137,66.21904338400714,2.1478938448843565,77.43863417474734,77.4334964274403,79.5702097674849,75.3412316185578,1.076182098711451,-6.956047104086878,-4.894333229473531,-9.122188234550663,332,312,300
2025,20242025,310,UC San Diego,Big West,35,30,5,1400,63.1,46.4,2057,954,56.7,1022,579,36.2,1035,375,74.6,662,494,1185,868,317,23,306,0,7,576,456,714,1068,2777,32.2,26.8,0.14,55.5,39.7,1873,743,45.0,1044,470,32.9,829,273,74.3,544,404,1200,869,331,25,559,0,6,561,238,285,798,2163,29.0,27.6,0.25,47.0,69.17344366814704,14.689087169672653,56.02355022594409,3.3981977486737547,6.244830680731539,45.746368438511034,54.84055547996376,33.27760052297196,70.75291340404986,9.408456020917315,11.484631069000212,11.50373665351418,13.267615244883347,34.976313174756406,1.0822056604182675,13.974719792591026,53.3993807821405,2.7198554104411756,7.193707602440718,42.49439990533857,50.23340273009448,33.00648946874419,72.2167478857243,26.61253844133904,11.708278120401289,10.305737665916597,12.157721714760788,29.12417578525453,1.0389353844267062,74.8598922882929,71.86673828948545,73.02049533793529,73.02381056254515,77.29004390089406,68.79507824759342,2.175315777434215,71.86517679168476,71.87173526697833,73.97003745777408,69.78441862300274,1.0715275263301034,1.1553185462505269,3.320006443119979,-0.9893403754093129,143,226,87
2025,20242025,311,UC Santa Barbara,Big West,34,21,13,1360,60.6,46.3,1891,875,53.6,998,535,38.1,893,340,76.4,572,437,1153,850,303,25,416,0,15,575,353,472,896,2527,30.2,26.3,0.2,55.3,42.7,1934,826,49.5,1219,604,31.0,715,222,77.4,602,466,1124,791,333,21,389,0,14,588,295,463,1014,2340,31.1,29.6,0.19,48.4,66.28703238126617,14.08445333933623,58.38804072811221,3.1804779999374144,7.016691729879258,46.08542169838314,53.46907001422614,35.15572107459515,75.30433487985636,10.211974715132428,12.429462789779928,8.681287712498072,13.116539420951622,29.970194314625108,1.1252709426667085,12.629829377616126,56.956195122369024,2.5254996759675414,6.301632573503525,46.23155017461583,53.59083138554582,33.37803080074861,72.22295773626072,24.053810113162385,11.496661992603066,10.15278386171329,14.102881415081857,32.32254542560984,1.0884654479831664,74.59087141424601,72.15114439634954,77.25690420758735,77.27807199167833,81.4464737393246,73.02040225634553,2.157168471616615,74.6810011007757,74.68189571606867,76.81014940922572,72.54708282365614,1.081226752082898,2.5759031068116514,4.636324330098887,0.4733194326893937,97,69,199
2025,20242025,312,UCF,Big 12,37,19,18,1505,71.9,42.8,2318,991,49.4,1354,669,33.4,964,322,77.6,832,646,1374,921,453,11,458,0,11,635,440,504,1082,2950,35.9,33.0,0.17,49.7,44.8,2387,1069,51.7,1491,771,33.3,896,298,73.3,735,539,1432,957,475,21,476,0,9,699,406,539,1366,2975,30.8,33.2,0.18,51.0,68.63563978254065,15.237004299032705,56.00071369779919,3.725344351447517,6.310309286502313,45.901350345795066,51.29482388547177,35.17680595791769,72.71830603675308,12.31488090424682,11.521775663759437,11.326581974285892,13.253000845559546,36.46648901467304,1.126626112368791,13.980550822794333,56.48145030984753,2.968323561521993,5.713417925961603,45.52186777186264,52.928654171701886,33.921481617501605,72.22664767647383,24.56208726192897,11.080808958859174,11.386451102222724,13.37490256533242,32.47744674973589,1.117409566760666,77.3267040181485,76.69412051374988,75.8075015015474,75.79449744705525,80.08658283256692,71.59459912589769,2.1445261096831647,77.24109326223618,77.23845563533325,79.35087797112693,75.14662089087577,1.0685893283741978,-1.4335917606887705,0.7357048614399844,-3.552021764978079,218,113,293
2025,20242025,313,UCLA,Big Ten,34,23,11,1360,65.3,46.4,1960,909,52.8,1245,657,35.2,715,252,71.0,634,450,1110,744,366,20,360,0,7,589,272,632,982,2522,32.3,33.0,0.16,52.8,42.7,1765,753,50.7,970,492,32.8,795,261,75.1,599,450,1068,753,315,25,514,0,7,593,259,388,854,2217,33.9,29.5,0.23,50.1,65.05235007182726,15.558409816923687,56.92354224065115,3.194767008473711,5.341355854912578,46.11185797584606,51.521962495263665,35.79828387638128,74.04496499413226,10.146957802167083,9.562049735236554,9.01929186193783,14.04338376392924,29.68652712338839,1.1519873720998994,15.22326077064082,55.551175225609455,2.987944644483239,6.603878572241429,44.09204539717254,53.032550013114424,33.22189576856633,72.23146052663957,22.54362362975811,12.107219821297493,8.47068892201111,11.264862686440265,28.340398501035033,1.0928396686935749,74.93948580816699,71.09178870023416,76.80157094555737,76.80870723008947,81.04375684568028,72.5057778763295,2.1730821506323257,72.01125513143461,72.01794308523833,74.12098949166301,69.91618291253829,1.06922658598454,4.7903158141227635,6.922767354017267,2.589594963791214,57,87,94
2025,20242025,314,UConn,Big East,35,24,11,1420,63.7,47.5,2008,954,57.0,1150,655,34.8,858,299,79.1,618,489,1251,859,392,39,389,0,8,642,302,432,1246,2696,30.8,31.3,0.17,55.0,42.1,1889,795,45.8,1243,569,35.0,646,226,72.9,775,565,1041,711,330,17,359,0,6,563,279,407,992,2381,41.0,31.7,0.16,48.1,66.4585279239751,17.602424529671776,57.31055557193621,3.441162065536401,5.880026097459091,47.02100310900236,55.8453382078235,33.967074766191274,71.98704007023768,11.330015983037296,10.963279424570384,9.263674599506295,13.382161295358877,35.06339788967453,1.1530573543024605,11.514914248028523,52.93500553031903,4.700162640074837,6.775483589580959,41.743638965217514,47.45658907593303,32.66605193544432,72.22199286837184,24.285174280635758,11.828239532595848,8.020599676512019,12.004883999641104,28.184008421259268,1.0233361857859167,76.63049437885492,68.00941647866752,78.90887597695846,78.89599979916322,83.18545772093918,74.72579058499399,2.166640869335371,67.35352845740134,67.34967399293535,69.51083840217777,65.19814668775119,1.0944709987126662,11.555347519557117,13.674619318761415,9.527643897242797,4,43,8
2025,20242025,315,UIC,MVC,31,17,14,1260,68.5,45.5,1827,831,52.3,1111,581,34.9,716,250,71.9,619,445,1119,791,328,13,375,0,6,548,311,431,1028,2357,33.9,29.3,0.17,52.3,44.6,1850,826,50.8,1186,603,33.6,664,223,71.0,579,411,1043,749,294,20,357,0,6,539,233,404,1018,2286,31.3,28.2,0.17,50.7,66.8179731398463,13.962852699793547,54.65351145207813,3.7152419783675286,6.536175928155003,44.58063664343292,51.27491865464613,31.97185235324,73.16156713302294,12.393130081042054,11.981878961689002,10.467345272455928,15.250171506948297,34.940455235276914,1.087887311581514,15.517044611804094,55.407484074209165,3.612732527764456,7.442770592826082,43.655364733663184,51.81833931881283,34.00760567908593,72.22421253378947,23.2928322671781,13.27638879754265,9.059799641755387,13.098911782950362,28.341904794249455,1.0643108103938872,72.69042516443321,71.11509114134681,75.40406469128605,75.4122089750912,79.64937347619814,71.1485930962791,2.167920750228726,71.7611760762277,71.76564258552672,73.85705307445161,69.67289130971403,1.0680310814617766,3.6428886150583537,5.792320401746522,1.4757017865650681,73,125,84
2025,20242025,316,UL Monroe,Sun Belt,32,7,25,1290,63.3,40.7,1920,782,44.7,1262,564,33.1,658,218,71.3,593,423,1155,795,360,16,374,0,7,448,271,436,894,2205,30.9,31.2,0.18,46.4,44.9,1982,890,54.7,1085,593,33.1,897,297,70.7,481,340,1195,834,361,17,364,0,4,495,411,440,1064,2417,24.3,30.2,0.18,52.4,69.43986725243559,12.294841521851772,53.73288190129692,3.6705897024245413,7.0429835963150325,42.19774958113429,48.25962734969105,33.17463102239132,72.24465734819474,9.623487133037296,11.902358841549225,8.684124065677624,12.737228208026474,28.054488805737428,1.0306421826258536,17.25064794488278,57.97739253488701,3.2617214961122456,6.169969374869788,47.68285457431798,56.424896932772654,34.71423767402587,72.21197870957441,22.97953699657262,11.343917506011724,10.887728804144748,14.382818570386949,37.105162278084435,1.1661981795894667,71.56765634629976,80.98064678072461,71.22314656163707,71.22338861689414,75.48963667917475,66.94616439763219,2.1654072868766896,80.87595228986414,80.88203334223903,82.96974681963817,78.76571021200947,1.0724386979861642,-9.65280572822708,-7.480110140463424,-11.819545814377278,353,288,356
2025,20242025,317,UMBC,Am. East,32,13,19,1300,68.4,48.5,1917,929,54.6,1176,642,38.7,741,287,69.2,598,414,1027,789,238,11,364,0,7,491,383,481,1146,2559,31.2,23.2,0.16,55.9,46.3,2034,942,52.5,1328,697,34.7,706,245,69.7,564,393,1230,844,386,22,409,0,8,489,208,410,1234,2522,27.7,31.4,0.18,52.3,67.07155509814709,12.401372156692451,57.44858645565364,2.6592704883499865,5.7208500595855565,46.313130724929586,53.48400021001795,34.70186581573167,74.56751049835495,8.597132068371389,10.048322256020743,9.828468613688525,13.174755689682177,32.98117572031903,1.1231765124527604,11.41767368381616,53.45845381829912,2.6331462229506686,5.240992648778239,43.77939656957201,50.47180356137529,33.45781300010343,72.20304983589564,25.93761162759606,10.412328018135632,6.9553360827641395,11.340473045974196,32.649744793060776,1.0485943437916785,75.33319533992001,70.33085330522896,74.00956435342165,74.0105164033022,78.24356987152619,69.80259527457844,2.155052415650309,69.63113144266043,69.63549403365535,71.72340477947016,67.51261026536592,1.0710235322905937,4.378432910761219,6.520165092056033,2.289985009212515,61,174,31
2025,20242025,318,UMass Lowell,Am. East,32,17,15,1290,69.3,49.7,1843,916,57.3,1204,690,35.4,639,226,77.2,628,485,1145,871,274,13,401,0,9,428,269,397,1242,2543,34.1,23.9,0.18,55.8,44.0,2040,898,49.6,1317,653,33.9,723,245,69.2,477,330,1059,723,336,18,333,0,10,574,311,411,1144,2371,23.4,31.7,0.15,50.0,69.00064796043768,12.652276830407954,54.46431490457149,3.707313649552473,7.632551165764106,45.40318201184248,51.256291321947785,33.54626227825753,68.42548088002128,11.295585844638731,12.185762860597977,9.203712555933372,11.724515945183112,36.75311503574822,1.0726776767436215,13.68126536258811,56.101928730547485,3.079284715782946,5.492929226412825,46.586808476251896,53.22498553822823,33.94661089533379,72.2179787253311,24.262352223847675,10.275985571814825,10.201385866430549,14.973235201170732,36.956616410199196,1.1156453965741788,74.01545474800679,76.98025525769779,72.93934739563622,72.9492594594501,77.20538400372126,68.64698274211614,2.1818582899579297,75.98659885076798,75.98667167845548,78.04923197145722,73.88083903062135,1.0686367644144388,-3.0472514551317573,-0.8438479677359538,-5.2338562885052085,263,230,243
2025,20242025,319,UNC Asheville,Big South,32,21,11,1295,70.0,47.3,1993,942,54.5,1261,687,34.8,732,255,71.6,686,491,1125,763,362,16,334,0,8,619,421,522,1172,2630,34.4,32.2,0.15,53.7,45.1,1864,840,51.9,1144,594,34.2,720,246,69.1,758,524,1165,794,371,24,438,0,11,576,336,364,1092,2450,40.7,31.8,0.19,51.7,65.55327406350357,10.832892982112252,55.18455258707887,3.029440343032173,6.399795178388151,45.121393021018456,50.84382356313265,34.387896976380134,69.59200188430522,10.076727351814883,11.834767156565746,7.969183121803489,11.408862522403435,32.16163722636872,1.0767709222399764,12.869691492915871,55.3451888108924,3.45697236039518,5.492176148038864,45.10369524497779,52.764823370555135,33.758237509776876,72.2029071533429,23.823205787153167,10.74022981336117,10.798033262637372,14.140384580807243,33.83660691262758,1.1014251086774558,70.58585936920866,72.20202200955745,70.95857340214594,70.98242505729546,75.21673489101404,66.66980213859468,2.1828515683670258,73.08178482795418,73.08415616131887,75.1909899293687,70.99395350661067,1.0689787116963723,-2.123211425808236,0.025744961645344233,-4.32415136801599,238,297,129
2025,20242025,320,UNC Greensboro,SoCon,32,20,12,1280,64.9,44.2,1850,818,49.4,1060,524,37.2,790,294,73.5,547,402,1173,824,349,14,316,0,3,520,229,394,882,2332,29.6,29.8,0.15,52.2,40.0,1794,717,47.0,1046,492,30.1,748,225,71.7,604,433,1079,748,331,24,350,0,5,503,173,339,802,2092,33.7,30.7,0.17,46.2,68.36888328026758,12.545893515287073,56.08965089172004,3.210673708804267,6.151992457249318,44.76953823123722,51.123024728121976,35.02964189658541,71.11810333407149,10.067325366122043,10.556839506751547,9.012354070943681,11.925471755986784,29.25113776954238,1.1066448410143586,14.306358302231743,57.9694807325631,2.252828780020285,5.730287659662384,46.73777465589535,54.26535013307737,35.31483316982752,72.2145529085408,24.222417491231983,9.96197712159612,9.378148341970931,12.494805912790191,31.89479345752394,1.1580081773267281,75.66007196802096,79.17172591324648,74.5386147051402,74.53792412631415,78.7969504635547,70.31857047214257,2.15421277047588,78.29936658181825,78.30073274734966,80.39304552046626,76.17690923125268,1.0746073602360084,-3.760751876678043,-1.5960950569115653,-5.8583387591101115,278,158,320
2025,20242025,321,UNC Wilmington,CAA,35,27,8,1415,62.5,47.0,2067,971,54.7,1309,716,33.6,758,255,75.0,765,574,1358,922,436,17,385,0,4,585,357,487,1240,2771,37.0,32.1,0.17,53.1,42.8,2045,875,50.0,1166,583,33.2,879,292,68.2,611,417,1110,759,351,22,404,0,5,644,354,412,1006,2459,29.9,31.6,0.18,49.9,65.79089585724824,12.855923436909185,54.90440285603493,3.0329002805670813,5.5567575613074025,44.00922655817584,49.91993456366121,33.744562598880144,68.84546842518708,12.501319765367258,10.165924826028988,7.907543580401182,12.956017878885657,30.48199338028248,1.1239925171707528,11.868728535503925,53.280697369365015,2.5910558664208088,5.375045340672778,42.45809896644799,50.90088094341017,32.439242574076005,72.22954681568045,25.570499528747863,10.170706540852198,9.708466885795623,12.205789443328218,27.779841312271635,1.0497875865778448,73.9484746415073,69.06646578077496,77.70860090730447,77.70965321064695,81.9662825978096,73.47031508435484,2.168528157654973,68.35035721730371,68.35707042215299,70.4557169786365,66.23654346632887,1.0794310341941984,9.358243690000762,11.510565619173093,7.233771618025969,17,58,18
2025,20242025,322,UNLV,Mountain West,33,18,15,1320,61.8,44.0,1826,803,49.6,1195,593,33.3,631,210,71.7,654,469,1119,813,306,25,352,0,2,528,273,456,1052,2285,35.8,27.3,0.17,49.7,42.4,1851,785,50.5,1048,529,31.9,803,256,71.2,593,422,1161,816,345,20,388,0,4,590,233,367,918,2248,32.0,29.7,0.19,49.3,68.47883843563342,14.100660645934138,56.658387711706084,3.0775311679814377,6.563218144878207,46.4556092559752,53.842021526138375,34.4586975766699,69.51383469600175,10.529371479466617,12.028933311113274,10.709382654823663,14.668751707619894,36.271432951130684,1.1056947564944977,14.685379021125298,56.81025982221274,4.305497324302679,7.194834601862915,45.68538306291929,52.22585363578211,34.57378296572242,72.2214252512321,23.836652924772814,12.327003526546553,9.607222962859476,14.273650411748479,33.84491073092894,1.111504714699189,75.71669258911375,76.11455177833058,74.97941066568565,74.98892914276263,79.18690117363185,70.72439124087873,2.1544731983744985,77.86508046579983,77.86264032100543,79.93162374929695,75.7642488320382,1.0656641458453864,-2.8856698001141865,-0.7447225756650937,-5.039857591159475,257,138,316
2025,20242025,323,USC,Big Ten,35,17,18,1410,68.0,48.5,1975,957,54.8,1288,706,36.5,687,251,74.1,702,520,1110,810,300,18,431,0,5,622,272,499,1172,2685,35.5,27.0,0.18,54.8,45.5,2014,916,53.4,1235,659,33.0,779,257,75.0,696,522,1128,777,351,16,431,0,5,630,329,525,1114,2611,34.6,31.1,0.18,51.9,69.94668590110349,14.638552132918822,55.599742221205865,3.2646328999789143,7.189647568174488,45.01429733662001,52.081703272430026,32.67647286886649,72.11220954097247,10.95208750990708,12.445624159634665,9.843945777072944,13.266021355723064,33.11007075218934,1.0876005392309276,14.595665473756341,55.28152362190589,5.028076777748655,6.223414814223582,44.10754601978604,52.14886714629459,33.003445260791,72.2398253899246,24.640745535326147,11.75141032406727,10.51181837502467,13.429287209120721,31.871582177980336,1.103635506691917,76.07405330345648,77.19564613588472,76.3506790367166,76.37612783740221,80.5680607578397,72.09151649784336,2.1591187348190983,77.54616721021388,77.54678763859143,79.67003332670618,75.4264323738893,1.082385609631263,-1.1954881734972815,0.8980274311335279,-3.3349158760459403,210,96,302
2025,20242025,324,UT Arlington,WAC,31,13,18,1255,61.6,44.6,1793,799,51.3,1034,530,35.4,759,269,66.1,658,435,1132,771,361,22,418,0,12,560,344,388,972,2302,36.7,31.9,0.22,52.1,43.2,1880,812,47.0,1237,582,35.8,643,230,73.4,635,466,1098,731,367,32,360,0,9,574,332,455,996,2320,33.8,33.4,0.19,49.3,67.46104508793782,11.372013466317878,54.2980214924641,3.4249886110198293,7.199127331978783,44.071141960325185,50.71829294970561,32.19196658459552,71.95696919841964,11.308629548435785,13.533446332085084,10.290282443150955,12.891873579906234,33.483337533504795,1.0275220214618432,11.848623526475201,53.394485151357244,3.447848979306128,7.1061032060802845,43.580433357441734,51.22147779020308,31.477716545650978,72.21727514434188,24.136722983316794,12.059823398728373,12.201449515389818,14.509493609799843,31.853254579811168,1.0265321369154659,69.31770941868642,69.2509307726714,70.54651841950772,70.54369197751936,74.80468667435139,66.32118497163958,2.1553960377068866,68.9226570184653,68.90954427714557,71.04871930566206,66.84070376725661,1.0819226349916753,1.6238614010424186,3.7559673686893262,-0.5195187956170315,129,310,24
2025,20242025,325,UT Martin,OVC,33,14,19,1350,62.9,41.9,1997,836,50.6,1048,530,32.2,949,306,69.9,682,477,1301,848,453,32,433,0,5,556,373,472,980,2455,34.2,34.8,0.2,49.5,42.4,1902,807,51.0,976,498,33.4,926,309,71.3,631,450,1156,808,348,34,436,0,4,545,323,520,846,2373,33.2,30.1,0.21,50.6,67.89524466257879,13.239658814328282,53.709195958268374,3.159446061529141,8.030599396293615,42.79129638684512,52.52147651130417,32.13772585140207,69.46942472146456,12.492166275074482,13.565787623452588,10.529040572109036,13.603436629479223,28.97079474422554,1.0412772879796548,12.472947534963916,52.48872133802826,3.899977036602585,7.913896100206024,41.866702963764205,48.39893506909239,32.77011027082804,72.20945915769262,24.597299988235058,12.926529297103997,11.228079631960375,14.747767472213319,28.080942988755215,1.0133458435390001,70.69777622896518,68.8013639748877,72.76728857122242,72.77902990451864,77.121760640224,68.40941367119667,2.2089829683760867,67.87402107836297,67.87249426799201,69.96421238359653,65.7588297982217,1.0791097630947697,4.893267492859451,7.157548256627464,2.650583872974977,55,235,13
2025,20242025,326,UT Rio Grande Valley,Southland,31,16,15,1240,68.7,44.4,1965,872,56.2,968,544,32.9,997,328,70.7,433,306,1165,800,365,21,417,0,20,510,447,480,976,2378,22.0,31.3,0.2,52.7,43.4,1920,834,49.2,1240,610,32.9,680,224,73.1,550,402,1156,786,370,12,396,0,12,440,346,442,1046,2294,28.6,32.0,0.19,49.3,67.4013674848127,15.301637329590202,57.57468520587954,3.2531063174572132,6.488716454180097,46.200549344979635,54.50119141777336,34.963491125616,75.21172639521885,9.427278166317237,12.162148729688456,8.461042081735046,12.805307927680733,30.858564130294802,1.092754021105434,13.968535473421268,53.3498845232986,2.915573453903361,6.10251008371605,42.905598945610905,50.51184692841183,32.74840621367969,72.20990291395184,24.75386810583923,11.127392214223908,9.608527798190831,13.251425174453228,30.346608697740205,1.053763766207528,73.65311534703413,71.02511884833385,73.39442250733985,73.3971509695383,77.58601114846893,69.20137338631821,2.14534917880193,69.87966315966024,69.88258622649761,72.00120125277857,67.8093128821437,1.075515213620313,3.5147593476796146,5.584809895690356,1.392060504174509,76,206,34
2025,20242025,327,UTEP,CUSA,33,18,15,1325,66.8,43.9,1880,825,48.9,1194,584,35.1,686,241,71.5,701,501,1030,734,296,23,391,0,7,596,463,590,1076,2392,37.3,28.7,0.18,50.3,44.7,1787,799,52.8,1071,565,32.7,716,234,71.7,702,503,1210,856,354,23,528,0,7,556,297,424,1018,2335,39.3,29.3,0.24,51.3,67.37896864606961,11.505280952943151,53.42232064121115,3.004701964856161,6.322809712600822,42.57215124872642,48.1369549783565,33.86936336781602,70.98154506219196,9.49987556698557,11.48025496080199,9.355425146120496,12.847427681823753,26.298216353750004,1.0257706106299513,13.087387531051544,56.10957383812861,3.431440521485721,7.039716693321503,45.06790322930435,52.303737573052054,33.823259201194084,72.218479548736,22.89668942668768,11.91637368465357,9.883091646092103,13.649372809484467,31.256064551978017,1.0971117962727441,69.11536581169517,73.92226132229433,68.76669478977108,68.77155924924608,72.96884891627538,64.54042244471547,2.1411373762422796,73.26224948723558,73.26612249688712,75.3712639441097,71.16455849201157,1.06760631207178,-4.495554697464499,-2.402415027834323,-6.624136047296091,297,340,139
2025,20242025,328,UTSA,American,31,12,19,1250,69.8,42.3,1929,816,47.2,1076,508,36.1,853,308,79.2,553,438,999,668,331,23,337,0,9,565,469,567,810,2378,28.7,33.1,0.15,50.3,46.3,1738,804,52.8,1071,566,35.7,667,238,73.1,733,536,1177,820,357,22,470,0,6,455,397,386,978,2382,42.2,30.3,0.22,53.1,68.51375612324892,10.81978922313744,51.12786384959786,4.110528585063268,7.67667756922272,40.912530796463,47.23090623276459,31.647008579302547,71.37290105828971,11.608146880518861,12.044688186541135,10.330239474607296,10.885090007346744,29.13144311355469,1.0010660869957388,15.654192151156687,56.48662486280865,4.052012247877045,6.385459174555404,45.358275574838,53.29970964267461,34.10396180955926,72.22233438580425,23.276198889743654,10.621973079008868,13.918312091258237,15.151694991726377,34.12628301853263,1.1633279143263733,68.58679774768115,79.70396501352496,68.32775152295916,68.33268417699536,72.600917662497,64.04337908397498,2.1919955529993764,79.22041060225685,79.23077109486746,81.3262379852128,77.11233645713149,1.0772205337252976,-10.892659079297687,-8.725320322715802,-13.068957373156508,358,344,339
2025,20242025,331,Utah,Big 12,33,16,17,1325,68.2,44.6,1961,875,54.0,1101,594,32.7,860,281,64.1,721,462,1311,894,417,14,409,0,5,613,277,420,1114,2493,36.8,31.8,0.18,51.8,42.1,1975,832,47.6,1179,561,34.0,796,271,70.1,658,461,1145,794,351,16,358,0,8,596,272,417,928,2396,33.3,30.7,0.16,49.0,66.29959868332827,13.609460112758232,55.72700742872412,4.017324230520614,6.107474136895705,45.20145246496195,51.75220930925096,34.4502152972636,73.55598450768821,10.152167653920806,11.516152023238819,9.488686724505422,11.136828740430982,32.44832487192973,1.087242240486786,14.18022754650837,56.85738415751738,3.308144588939615,5.550215170635948,47.19574513069286,54.075761716687396,33.9821107352697,72.21748256207121,23.574445825918172,9.559397203790843,10.367803390994043,13.800159691156344,38.0475621347921,1.1493630146251317,72.0837242158366,76.2023066111066,71.75212043899369,71.76103042882218,75.91453107461997,67.52792141869973,2.147718073497318,77.74820309826465,77.75774167200478,79.83465384405186,75.60513753580622,1.0754588562035854,-5.996082659270968,-3.9201227694318845,-8.077216117106488,321,268,310
2025,20242025,329,Utah State,Mountain West,34,26,8,1360,66.8,48.4,1970,953,57.9,1128,653,35.6,842,300,70.2,726,510,1176,781,395,11,364,0,3,617,444,577,1228,2716,36.9,33.6,0.16,56.0,44.1,1855,818,51.9,1043,541,34.1,812,277,72.1,649,468,1080,735,345,36,468,0,5,617,196,420,942,2381,35.0,31.9,0.21,51.6,67.28760668785496,16.651256451134927,58.918740352700134,3.3582985831376497,5.790063156198521,48.283466624002294,58.14753902811288,34.07319098257609,71.38908538656605,10.758548173311926,10.571200806124068,12.55580955242081,17.114314677577237,37.76406334287087,1.184222526619381,12.062620471124848,54.93900093491818,2.9337828180498673,8.135223946704008,43.34307179321411,49.42319541353677,34.149151212887304,72.22330781852247,23.471345247574785,13.43596369872062,8.320019550457328,11.909240593395419,28.62827776377167,1.0591166056128458,79.68349960206277,71.26542159505317,80.88578599475228,80.87711381872944,85.14988879049861,76.60756221735804,2.1573025514058948,71.13967114150356,71.14222403494463,73.2513685148612,68.98239970642574,1.0860628270031936,9.746114853248727,11.89852027563741,7.625162510932299,16,16,62
2025,20242025,330,Utah Tech,WAC,33,7,26,1325,66.7,42.5,1908,810,48.2,1170,564,33.3,738,246,69.4,631,438,1090,758,332,16,417,0,1,635,265,388,926,2304,33.1,30.5,0.19,48.9,46.9,1886,885,53.1,1293,686,33.6,593,199,71.1,758,539,1201,854,347,19,397,0,6,570,286,458,1170,2508,40.2,28.9,0.18,52.2,66.4723152833817,14.486731714928116,56.93698615099068,2.859649707088961,6.995146644840268,46.446098092286405,54.29048171974912,34.5983422097524,72.74562722236296,9.572864646682413,12.274947112641383,9.347222161136216,13.788254485467428,32.374855870851384,1.0881569254825578,13.533297964134531,55.17226539729896,3.056336850378935,6.897991842603518,45.42362230152946,53.137344769904026,32.57974857213334,72.2195569412056,23.608183123307022,11.960602901432512,10.203229360916943,14.197145276670339,37.78793504895821,1.0978941121295087,72.33231022847187,72.97956356924112,73.24097013597952,73.24833050415025,77.49470938804802,69.01936269165455,2.157115209306934,75.73055093854227,75.72800840004548,77.8658204308445,73.64156515323373,1.0736264641900173,-2.4895808025627417,-0.3711110427964712,-4.622202461579178,249,212,234
2025,20242025,332,Utah Valley,WAC,34,25,9,1370,67.0,46.8,1948,912,52.9,1336,707,33.5,612,205,68.9,806,555,1299,930,369,20,415,0,12,559,416,426,1298,2584,41.4,28.4,0.18,52.1,41.4,2006,831,45.2,1342,607,33.7,664,224,70.7,617,436,1133,802,331,23,406,0,9,669,335,423,1032,2322,30.8,29.2,0.18,47.0,69.22728885901479,16.935497095286024,57.71936633873105,3.1920884205723747,8.008463243811374,48.209555877519406,55.86550676279021,33.9217255256824,70.37568487223649,11.032039956479359,13.773522715170841,11.474061533029367,16.272052070733793,39.44409580404829,1.1045861228612788,13.128605737883637,54.81792923268212,4.734051278365162,8.725783786768336,44.1054124433753,49.20415527680596,34.21760062132063,72.22330174852667,23.680833251331567,14.1913800926639,8.905575689751288,14.714580602091878,30.75219356101703,1.037913561140871,76.46750259697694,71.85194190778779,77.85998684419796,77.82914031931921,82.1514575854066,73.60424586901469,2.182923043717703,72.27510343067016,72.28495848427843,74.38325794972378,70.15467269588669,1.076215497690872,5.584883413527805,7.768199635682819,3.4495731731280017,46,55,103
2025,20242025,333,VCU,A-10,35,28,7,1405,64.3,44.5,2088,929,54.5,1086,592,33.6,1002,337,74.3,670,498,1336,873,463,12,393,0,18,634,434,572,1072,2693,32.1,34.7,0.17,52.6,39.1,1911,747,43.8,1241,543,30.4,670,204,71.6,703,503,1169,790,379,28,481,0,17,601,246,421,940,2201,36.8,32.4,0.21,44.4,70.20842315711626,13.792998905241538,57.52190065662137,3.090634644562695,6.402710576561785,45.48973369698751,52.768816613493556,35.10044364384399,72.22110863043244,11.03418016982243,10.8106009506816,11.1392842097416,13.560765171908148,32.45523461479453,1.1532142155824197,13.259601070569854,54.110691186271,4.056729284964679,7.145329498202045,43.96445854350691,50.144582880630004,33.620678288680914,72.21168034777725,25.012763190600264,11.671912262612004,9.641318870908973,11.90337547856694,33.35591031549386,1.0611461717547284,80.96535163841241,74.50139945810993,79.12319663968623,79.11080737148984,83.40878112685462,74.93702072502084,2.156201986019861,72.67788362486901,72.68341144802918,74.7744845669742,70.57534198854881,1.0740538238204314,6.445313014817216,8.634296559880426,4.3616787364720295,32,37,114
2025,20242025,334,VMI,SoCon,34,15,19,1365,64.2,42.6,1954,833,51.9,1022,530,32.5,932,303,76.1,687,523,1180,841,339,25,408,0,4,550,282,453,984,2492,35.2,28.7,0.19,50.4,44.4,2017,895,53.3,1089,580,33.9,928,315,65.4,584,382,1232,859,373,24,426,0,2,589,310,439,1020,2487,29.0,30.3,0.19,52.2,67.30990203151767,11.885007535995063,52.92003874436504,3.0347902025648397,6.040863258631023,40.90500035950962,48.762366615792956,32.732715907857234,72.49942905672577,10.018968374076143,10.644592303088343,8.144596613924621,11.941275551114991,24.286864113182013,1.0349064599956164,17.012062180044122,58.82802832344557,2.371438084209109,6.662604748217808,47.3174049005632,57.04756563520916,34.568736631269616,72.21803771142005,21.97259852148656,10.953840910733105,11.002737692864763,12.758181621386894,32.93596124139336,1.1861590323563944,69.6594524340897,79.8402482617087,70.18909734795264,70.18597043412123,74.42634423082853,65.99872199145173,2.15815659437057,79.89000082303109,79.89330696410553,82.0093462125898,77.79051564185532,1.0812049631645906,-9.700903475078448,-7.583001981761271,-11.79179365040359,355,319,346
2025,20242025,335,Valparaiso,MVC,34,15,19,1375,67.9,42.7,2044,873,48.4,1261,610,33.6,783,263,79.0,671,530,1172,832,340,15,331,0,5,559,232,430,1022,2539,32.8,29.0,0.14,49.1,46.2,1951,901,52.9,1239,655,34.6,712,246,70.6,659,465,1209,900,309,24,402,0,6,587,234,359,1166,2513,33.8,25.6,0.17,52.5,65.65389200984846,11.963727199319932,53.53948156687832,3.202734945764721,5.42843116625186,42.48791162211552,47.32105957433193,34.48526691601973,70.85391323725405,11.708529949017013,10.800464169773045,5.891047793809738,11.888491310566039,26.958894302388185,1.0666485224564475,12.932456194690234,55.074237753100874,3.5275060789726376,6.057313450122739,44.72473382700847,52.011187042091564,33.05318575111465,72.21598130493358,24.037088274985294,11.437913604744912,8.171275415350843,12.523866184835265,33.61954061406161,1.0780179857912453,70.02962690582002,70.77607642381277,71.53448519932012,71.52915435020603,75.7797375600314,67.26065345856,2.17287554792933,72.91687399069623,72.91646862538008,75.02097194346501,70.79797226536134,1.0686342267560112,-1.3823887913761155,0.758765616566393,-3.5373188068013377,215,276,123
2025,20242025,336,Vanderbilt,SEC,33,20,13,1325,67.2,45.0,2033,915,53.5,1211,648,32.5,822,267,74.6,680,507,1143,765,378,19,336,0,8,592,382,601,1190,2604,33.4,33.1,0.15,51.6,45.9,1840,844,51.5,1146,590,36.6,694,254,71.9,709,510,1144,820,324,18,460,0,6,575,264,414,1090,2452,38.5,28.3,0.21,52.8,70.06358557263465,15.576748177517551,58.75774334266527,2.890238131400468,5.665593975651234,46.368755211861966,55.85141732673134,34.7229511625608,76.75153443022631,10.727858723613823,9.89510238488899,11.289053935879005,15.908495934756829,33.76691729649329,1.1898408616144978,12.124554887789841,55.27318358408645,4.151424780395346,7.562171744911791,43.7131507877474,50.17035533180004,33.90997961024755,72.23148429274413,24.291309365269743,12.169657602745447,8.93500898280676,11.748273596124424,30.710958915380818,1.0888741214934041,83.3645170255447,76.2904251890805,80.28367572218387,80.26101885640166,84.46377594567875,76.07099982494326,2.1478410122149074,74.5566881100429,74.56651707228127,76.6575258589952,72.42216735319644,1.0771073226806736,5.726987612140974,7.806250086683548,3.6488324717468146,42,25,188
2025,20242025,337,Vermont,Am. East,33,21,12,1320,64.0,43.4,1789,776,51.3,1014,520,33.0,775,256,72.0,543,391,1125,834,291,33,370,0,1,454,221,428,936,2199,30.4,25.9,0.17,50.5,41.7,1834,765,47.9,1129,541,31.8,705,224,71.5,492,352,1087,795,292,23,353,0,1,502,233,440,932,2106,26.8,26.9,0.17,47.8,63.94997293687492,12.531415939350618,56.459183968522986,2.8712463763720604,5.737449822033292,45.623382871684285,55.12580448627445,33.715645612078255,72.29155783359985,8.980394722971845,9.842204600690302,5.222780164362803,11.501467775855609,30.563594271031764,1.1123747914993174,11.79213295265031,55.23680085811957,2.810313075716994,4.9422582926620064,43.778349525206934,49.840615084292196,34.31756671364032,72.22421993254305,25.286852096082406,10.037193355749984,6.717120960783914,11.284135946398587,27.271322222450486,1.0697376572619104,71.13633781204324,68.40969423145515,72.98722677132155,72.98105930520363,77.29600902877453,68.75473698617152,2.172907492432212,70.18191324619094,70.17707411399772,72.3338981139909,68.0621592860202,1.087634227199811,2.8053135251306003,4.962110914783636,0.6925777001513183,93,228,43
2025,20242025,338,Villanova,Big East,36,21,15,1445,61.6,46.0,2015,926,51.3,1134,582,39.0,881,344,79.6,588,468,1231,887,344,26,352,0,4,566,207,424,860,2664,29.2,27.9,0.16,54.5,43.2,1993,860,50.5,1080,545,34.5,913,315,69.3,605,419,1131,791,340,20,364,0,3,551,311,337,928,2454,30.4,30.1,0.16,51.1,67.59066700056047,15.114320586001728,56.39501986574394,2.770420230926423,5.534357363462027,45.3465280021756,53.5020670005865,34.3921671360972,70.4036766343869,11.349592504507592,10.487552017809266,9.005203670688228,14.386061375921429,31.0900293563074,1.1366915531959425,14.07893974138193,55.42098648928314,2.3406255593814853,7.144922236910919,45.400639945054124,52.52419467102668,33.54275680108443,72.218873426062,22.932986944932313,12.186346023727543,9.014561648139816,12.570003121138807,32.263692537700486,1.0749379726197648,76.82974025441682,72.65577455360011,77.40032318571197,77.40021582936365,81.60252307560906,73.1268436743169,2.1651981677754337,71.61025968564523,71.61941856140288,73.69720839899098,69.50013130439298,1.0739165425228772,5.790063500066736,7.905314676618076,3.626712369923922,41,65,78
2025,20242025,339,Virginia,ACC,32,15,17,1280,60.8,44.6,1656,739,49.9,947,473,37.5,709,266,75.3,437,329,937,721,216,25,323,0,6,490,131,356,770,2073,26.4,23.1,0.17,52.7,44.2,1732,766,50.6,1061,537,34.1,671,229,75.5,498,376,1054,750,304,16,309,0,4,438,213,394,982,2137,28.8,28.8,0.16,50.8,65.88972210137742,15.846120838591961,57.56223651515311,3.2792837216401507,6.472245689002315,45.934671910130916,54.06084978750575,35.1952349882898,72.28893454775144,12.75359272135912,10.985058629052071,10.880180820629715,12.57022439981612,32.71733071143749,1.1744948132384874,12.37300380767731,52.51972771912127,5.684471514654822,6.35735063790162,41.48807254950262,47.07779767971817,33.20439875694963,72.24216479453143,26.177081472075994,10.572266201808707,9.290457220510982,12.516888609488186,28.299710465003304,1.0444507635128715,77.3871368537931,68.81857055643457,80.80507172357865,80.80996678126621,85.05032518524656,76.5136506678094,2.172808492423005,70.57075061021814,70.57247245767749,72.70071437301141,68.46588586993863,1.0814201376289423,10.234321113360508,12.349610812235156,8.04776479787077,14,17,51
2025,20242025,340,Virginia Tech,ACC,32,13,19,1295,61.3,44.2,1778,785,50.3,1059,533,35.0,719,252,71.4,548,391,1066,741,325,23,430,0,3,544,162,375,902,2213,30.8,30.5,0.22,51.2,45.5,1820,829,54.6,1071,585,32.6,749,244,75.8,579,439,1029,723,306,14,346,0,6,479,249,497,1008,2341,31.8,29.7,0.17,52.3,67.44244676372355,14.004204576349165,56.15649673343209,3.415915830770949,5.780170790728052,44.959318855297305,51.49719168825315,34.56324951041869,73.43702292535794,10.825511609244305,10.712863271534447,8.475055451989599,14.165092633348346,32.73214306126162,1.1249366901403206,13.11814799418873,55.297866076339915,3.172729903545959,6.40155256902175,45.30417332936923,54.08029212850956,32.853935255251784,72.22762668532663,23.679237676749963,11.859769737990254,6.421261501190974,12.126258205238194,34.537428812408365,1.0943598274742428,75.86848283734795,73.80630440478932,75.54248575439817,75.56279834920238,79.71907191003223,71.32542076598837,2.1378847381981267,74.35408561031711,74.35248223363962,76.46932080246891,72.24109918983572,1.081055348691996,1.1884001440810579,3.2497511075633128,-0.9156784238473534,142,121,178
2025,20242025,341,Wagner,NEC,30,14,16,1215,61.3,40.6,1635,663,44.9,1015,456,33.4,620,207,70.6,483,341,1042,705,337,21,352,0,6,513,215,436,734,1874,29.5,32.3,0.19,46.9,42.2,1444,610,49.3,811,400,33.2,633,210,72.1,538,388,897,697,200,24,377,0,7,442,255,357,670,1818,37.3,22.3,0.2,49.5,65.90595799144577,12.317303840340733,54.259538778107874,3.5394674272766355,6.936563733535722,43.59066093036341,48.55957468436111,34.84887744848824,72.68454640611715,11.360047595795333,11.708147185414324,7.895221093509783,11.876148541467401,30.34747675027992,1.0704014468639222,13.474185041101123,55.167085705182394,2.633843216667396,5.66887090281718,44.553290804553185,50.60558847688773,33.69710529060338,72.21424667050213,24.372914007767488,10.551038326536675,10.203052402167593,13.990319290808138,31.692104066995228,1.085014380287925,70.54583279099644,71.50891216737055,71.43668808797935,71.44115103357461,75.66128090741034,67.23462966883275,2.1626913121189317,72.47302919273154,72.4704347400517,74.61314901114127,70.38202744512661,1.0774143483733156,-1.0363411047521964,1.0481318962690693,-3.1473977762938574,204,280,111
2025,20242025,342,Wake Forest,ACC,32,21,11,1280,62.9,44.3,1782,790,52.9,1154,611,28.5,628,179,75.6,644,487,1061,777,284,18,362,0,10,529,237,449,1028,2246,36.1,26.8,0.18,49.4,40.2,1835,737,48.2,994,479,30.7,841,258,77.0,578,445,1134,776,358,16,427,0,5,579,275,409,794,2177,31.5,31.6,0.21,47.2,69.10413371137967,14.16962999752178,56.936548351766355,3.02395852958854,6.363234957337703,45.09446922156899,53.69423294468375,33.83898675935946,75.54800763635228,10.257707927236394,11.176202941035719,8.642644772450133,13.971883935422428,31.36614617026221,1.1168079847832078,14.780365845350435,56.36558299241866,3.4679352483777244,7.441555051863229,44.61381986071651,54.305640473952174,33.63280606034636,72.22741870928144,23.224463175839933,12.151184756792782,9.210896495753898,13.641575193579245,31.0273528580128,1.1090917345067353,77.17604831039526,76.64282351953943,75.81651949181548,75.81124041513323,80.03753035050092,71.5815624766794,2.148016361725035,74.67258272352281,74.67802288345483,76.78266127822766,72.54921282883454,1.0741665591656613,1.1439367682926758,3.2548690722732516,-0.9676503521551467,144,112,197
2025,20242025,343,Washington,Big Ten,31,13,18,1250,65.5,44.5,1771,788,50.1,1138,570,34.4,633,218,68.2,623,425,1011,715,296,14,373,0,2,570,228,382,992,2219,35.2,29.3,0.18,50.6,46.8,1757,823,53.1,1138,604,35.4,619,219,75.0,632,474,1056,778,278,13,367,0,6,536,240,423,1012,2339,36.0,26.3,0.18,53.1,66.35768961718288,13.776323871194325,55.55472926176993,3.453534019558611,5.9392680209451765,45.73074137892094,53.523531763807945,32.577853791773904,75.01863553466572,11.55944015412921,10.753242557643004,10.666421304011337,11.502022825018532,35.86670205980253,1.125434573767849,13.043083429763977,54.671164196783636,3.9748441818568043,5.869014170967083,44.25278205532154,51.06004932487498,33.677257693409715,72.22207934140309,24.969033299289766,10.206231338482882,8.024097229557137,12.072301394027594,30.445506306877757,1.0948170674619724,74.68123813053344,72.64953115023594,74.63802605597489,74.63984215786503,78.91997575372794,70.35444661100621,2.1707717223384893,73.62225965136288,73.621442899248,75.70234061850509,71.53513757498541,1.0627383498940126,1.015766404612009,3.2176351352228494,-1.1806909639792025,148,150,159
2025,20242025,344,Washington State,WCC,34,20,14,1365,67.7,48.8,1989,970,57.5,1159,667,36.5,830,303,69.8,635,443,1165,820,345,15,493,0,27,653,337,463,1180,2686,31.9,29.6,0.21,56.4,44.9,2110,948,52.3,1293,676,33.3,817,272,72.2,693,500,1151,748,403,28,418,0,21,619,400,565,1216,2668,32.8,35.0,0.18,51.4,67.7669438406392,13.594925327673222,57.44522773214027,3.162118852031287,6.815823705234803,45.95808504943128,53.77343519829086,35.23209518373973,73.71582400902014,9.797341513333052,12.465549325714404,8.970507639898107,11.987357702306712,29.940805998228047,1.1035371971241088,13.608639731263628,56.87193722690547,2.989696468533446,5.728439485025772,46.04211753454274,52.55642994578025,34.13835144639191,72.23252812200809,24.14226633631153,10.335230608385391,9.7943871151109,15.062944637856425,33.12302959507856,1.1255568756104142,74.78334326356587,76.27554957893626,73.59684033380286,73.60947290883045,77.86444071009299,69.37000068635191,2.161024123221299,76.66420827734123,76.66367200404815,78.77862051461021,74.54897061810448,1.0745728641461247,-3.067367943538372,-0.914179804517218,-5.178969931752562,265,194,264
2025,20242025,345,Weber State,Big Sky,34,12,22,1370,64.6,45.5,1903,866,52.2,1176,614,34.7,727,252,70.3,653,459,1140,851,289,19,373,0,11,607,309,395,1040,2443,34.3,25.4,0.17,52.1,43.6,1910,833,49.9,1103,550,35.1,807,283,72.3,683,494,1174,843,331,13,382,0,13,579,326,430,968,2443,35.8,28.2,0.17,51.0,70.2295942849335,12.948143832725655,56.25174159303161,3.9587298040943986,6.427733312887564,45.74000175082377,51.85900870026119,34.06847879828805,72.16602090374194,11.132581565689247,11.232012940126989,11.69900281194094,13.262374650851475,37.00585350719383,1.1201512713577149,13.939550657706338,57.64341975156618,1.9500256989317053,6.845298261415352,47.248872450257316,55.81263450221428,33.57171642829842,72.22257441324155,24.15131810551627,11.512089636533135,9.957869754172673,13.253458116341303,35.938196099697095,1.1164199748926993,78.66776932520476,78.40572188830991,75.73003811117495,75.71842600708558,79.93844090661212,71.50396794096795,2.156268762487623,77.78977409161988,77.78526807955703,79.93095535492397,75.65699976085133,1.0917841967103863,-2.059735980444927,0.007485551688148462,-4.153031819883381,234,114,314
2025,20242025,346,West Georgia,ASUN,31,6,25,1240,63.5,43.5,1848,803,49.2,1291,635,30.2,557,168,69.3,528,366,1016,721,295,20,350,0,6,494,293,375,1096,2140,28.6,29.0,0.18,48.0,47.7,1771,845,56.6,1003,568,36.1,768,277,71.3,644,459,1126,829,297,18,363,0,6,475,385,408,1052,2426,36.4,26.4,0.19,55.5,68.69085553052254,12.730199693591802,53.97523001856004,2.7627743485742333,6.690891669574206,44.50021272184074,50.19594879099516,33.59018596449125,71.28394622239722,11.53876225638502,11.318441134984358,10.22810279703761,12.120091589097758,34.39496529297314,1.0704921544749315,14.295596854030864,57.135857214489285,4.353522180947592,6.452443707724582,46.73451215447183,54.78993352667722,33.920519948240184,72.2222708691933,24.386913795403654,10.71869617240583,12.915544150169172,13.453749682381336,38.16805633313745,1.1242601454745162,73.53302192959534,77.22639123151426,71.94276236697085,71.93416422307516,76.2384539673486,67.69382349449496,2.1724365373051797,78.17786166835894,78.18356608995163,80.31414236197814,76.04385999469689,1.0868896486883999,-6.2350993013880895,-4.0756883946295375,-8.350036500201924,325,261,319
2025,20242025,347,West Virginia,Big 12,32,19,13,1300,62.5,42.5,1842,782,50.9,993,505,32.6,849,277,72.0,472,340,1064,776,288,29,344,0,4,532,295,477,874,2181,25.6,27.1,0.17,50.0,40.9,1780,728,47.3,1131,535,29.7,649,193,74.0,574,425,1171,825,346,22,411,0,4,460,226,361,930,2074,32.2,29.5,0.2,46.3,63.86801519316116,12.639789847743147,54.75696631632364,3.5411744717260567,6.3399877405394305,44.26584354624109,52.63873850192939,32.9413229801342,68.99093991702999,10.318267334356419,11.100476945995045,7.500250328056815,13.049016316912423,30.49692326675806,1.0794910171188252,13.083583681538393,53.652296999673105,2.969846910968895,6.302239254281643,42.89478836024636,48.52400613507344,33.68848372428395,72.22235997713298,23.970753752366146,11.394167320390705,8.605213498004643,12.769026575069685,28.86801164953065,1.039470093017442,68.94494868222613,66.38889169367464,73.06466965906353,73.06747359426737,77.26724035533427,68.834404312069,2.1510427009804065,67.18200120773703,67.17950134522663,69.31552751808499,65.0966772370426,1.0768258910724873,5.882668451326495,7.951712837249275,3.737727075026399,40,222,6
2025,20242025,348,Western Carolina,SoCon,30,8,22,1215,71.2,39.4,1828,720,47.9,936,448,30.5,892,272,74.4,508,378,1153,842,311,20,421,0,2,509,221,289,802,2090,27.8,27.0,0.19,46.8,43.0,1910,822,51.5,1064,548,32.4,846,274,74.1,611,453,1173,840,333,15,305,0,1,444,382,458,994,2371,32.0,28.4,0.14,50.2,69.32152057638613,12.40371622149409,54.83128961603784,3.0147354917097626,6.276853950313657,44.155368823687,51.6069580328353,33.66946030847611,70.08198334949859,12.638425736636346,11.573421972019041,7.844592352920984,12.274855932959346,31.608713292791933,1.1148366129566483,13.108719670568183,57.69157396511561,2.620621658370751,6.010089088411292,46.26502755717733,53.7008442078387,34.593109816938565,72.22081026638321,24.493451959193745,10.514734527112141,10.335095273426665,13.468371898496114,30.711162382444687,1.131156636540154,77.28216920438292,78.41349805503401,74.8916200918755,74.88257441279276,79.08871840926267,70.6375724794745,2.1653695881751642,77.25706287040211,77.2602638941208,79.3725827288554,75.11637236357508,1.0834286655081828,-2.3654427785266137,-0.2838643195927375,-4.478799884100582,245,139,294
2025,20242025,349,Western Illinois,OVC,31,12,19,1250,58.2,44.0,1759,774,47.9,1098,526,37.5,661,248,69.2,483,334,1079,762,317,32,373,0,3,443,209,299,832,2130,27.5,29.4,0.2,51.1,43.7,1830,799,48.9,1178,576,34.2,652,223,72.8,536,390,1063,732,331,22,295,0,3,440,277,431,972,2211,29.3,31.1,0.16,49.8,66.90602079028663,9.166489485952312,51.22102917843192,3.6737838455967315,6.675626519656982,41.264728586870824,45.86414321179249,32.20466252272604,68.53154651167645,9.91264190839732,11.71894902445732,8.097584599314622,11.277507033770974,28.194185181789518,0.9863926882874101,13.587409394270288,56.99641038219078,2.3594842449557287,5.437551192786464,46.97147234819859,54.283703652335916,33.7665233297296,72.21801790789742,21.882223437889934,10.502101626118218,11.49904741575953,15.634952190720456,36.624292945578176,1.154975411624823,65.99560970994418,77.27480890244027,66.42395282979646,66.41617645800599,70.69042115202691,62.190064012129945,2.1633976521894533,76.28544909869525,76.29490539011698,78.38643863512503,74.16249896164766,1.0761872799193197,-9.86149626889879,-7.696017483098117,-11.972434949517712,356,358,257
2025,20242025,350,Western Kentucky,CUSA,32,17,15,1285,72.0,42.2,1997,843,48.4,1200,581,32.9,797,262,72.4,617,447,1188,891,297,15,352,0,2,585,332,448,1010,2395,30.9,25.0,0.15,48.8,41.0,1926,790,48.8,1074,524,31.2,852,266,73.9,739,546,1297,947,350,28,410,0,3,521,220,389,854,2392,38.4,27.0,0.18,47.9,69.95129828012664,13.091297744941922,54.304188878827574,3.992046469383755,6.059554809410986,42.49206775279286,47.30953964667295,33.34901808104257,74.33216565203412,12.056186452290277,10.48474884882957,11.534027561299649,14.506236477005157,30.966721390557105,1.0980672527891313,14.288318182869286,55.91927239665275,2.5194965167845926,7.216383793505971,44.354741877873415,51.58585802020611,33.89202888094855,72.20692532588606,25.243936403911835,11.960165642897591,8.255207445095657,11.824659161083028,29.698360111014054,1.087154186251092,76.81122993149174,76.04784675893849,76.48780791110953,76.48038894886557,80.76531427311781,72.23699626252471,2.186436510682135,75.9378249708159,75.93434705386218,78.04597354172584,73.82266309774673,1.0740718285135256,0.5499829402936314,2.7193407313919664,-1.585666835222014,159,92,239
2025,20242025,351,Western Michigan,MAC,32,12,20,1280,68.5,42.7,1992,850,49.6,1330,660,28.7,662,190,67.2,616,414,1206,784,422,20,352,0,4,574,378,432,1148,2306,30.9,35.0,0.16,47.4,46.7,1859,869,54.7,1097,600,35.3,762,269,69.3,615,426,1114,811,303,15,378,0,3,552,366,408,1074,2433,33.1,27.2,0.17,54.0,68.07350800722769,12.832162610958928,54.91150480530616,3.917134677133381,6.529384182268488,44.04242619994474,49.34075603325242,34.61074753319026,73.45257516504239,10.751106626847339,11.714016973539211,10.605932655261364,11.933725014313543,30.398929677936096,1.080990006705748,14.592763937198395,57.16386879855686,2.6844394606192274,4.615549263465642,46.01242912119408,53.87039191149805,34.39576582536042,72.21358055044993,24.8349933440263,9.772784196772182,11.238405560278075,14.244768725992381,32.618694751511015,1.1479610080367133,73.58678187721685,78.14573287257237,72.02620213684484,72.01640265574697,76.24864247122304,67.8864070710016,2.145493977942766,78.60561005645336,78.60666387254835,80.6639264213077,76.50078652076346,1.0647635054098095,-6.579407919608514,-4.415283950084671,-8.614379449761856,327,258,326
2025,20242025,352,Wichita State,American,34,19,15,1370,69.1,44.6,1986,886,50.2,1433,720,30.0,553,166,72.6,686,498,1282,893,389,13,377,0,5,501,338,421,1312,2516,34.5,30.3,0.16,48.8,43.3,2034,880,49.3,1244,613,33.8,790,267,67.0,560,375,1160,802,358,26,356,0,3,535,270,405,1018,2485,27.5,30.9,0.15,49.8,67.72181670509751,11.71157914098807,53.871920068990015,3.403228166343174,6.181258642646794,43.93090986416972,49.49100141914809,33.50696664209741,69.84926767854863,13.928202962227552,10.590486901951373,7.668892880022588,12.788207976979423,34.43733898200232,1.1163420699412216,11.554150835769356,52.94568212115273,3.5976895579486246,6.122702019214206,42.9130755767003,49.03104274838631,32.885209045806896,72.20757207056977,26.343436363055556,10.992604596262332,8.823572388181711,11.843171192530699,30.662223152788037,1.0422652461204445,75.60071304074856,70.58409595586208,75.51238005499572,75.51802640305337,79.7772610027804,71.26772243559655,2.1935295936952826,71.35806582263609,71.36628338653445,73.41921011431343,69.27478821999634,1.064098121140367,4.154314232359624,6.358050888466977,1.992934215600215,65,124,68
2025,20242025,353,William & Mary,CAA,32,17,15,1280,66.4,45.3,1858,842,56.3,898,506,35.0,960,336,72.3,646,467,1102,804,298,17,407,0,9,571,463,438,958,2487,34.8,27.0,0.19,54.4,45.1,1898,856,53.3,1106,590,33.6,792,266,71.5,653,467,1146,810,336,25,413,0,7,589,392,444,994,2445,34.4,29.3,0.19,52.1,71.00289903443984,16.813567393164632,58.42800981612089,3.2585582664627584,7.075437556605072,46.851652685562485,56.52909881704989,33.3939121764457,73.1836246314793,9.055780343630241,12.050821480674,15.03522118357518,15.822956956546788,34.96997135014123,1.1152422936878086,14.4081019112163,55.581753442127805,3.7181779527494254,7.701385489437391,44.52801428698695,52.67087470361717,33.67582667867858,72.21570123615909,25.12832205408921,13.677087622686443,10.18308913659027,12.685847723161325,32.34591433122861,1.0743706674383462,79.18543597765257,76.28343202568863,78.97103196231217,78.97586006791215,83.28128659324706,74.67923649736657,2.182890667458488,77.35126539475661,77.35152270946514,79.46370502954568,75.23992642156263,1.070821354637679,1.6197665675555584,3.8175815637013812,-0.5606899241960548,130,40,297
2025,20242025,354,Winthrop,Big South,34,23,11,1375,72.7,47.4,2063,978,55.8,1259,703,34.2,804,275,66.8,970,648,1311,891,420,19,446,0,14,673,404,579,1374,2879,47.0,32.0,0.18,54.1,43.9,2088,916,49.4,1291,638,34.9,797,278,72.4,747,541,1231,841,390,15,489,0,19,787,303,510,1152,2651,35.8,31.7,0.2,50.5,71.29658157618667,13.754222858696727,55.67292055055429,3.6146811565566317,5.7953545689669195,43.442357865579986,50.616409300658454,33.382314791691904,72.57041300053194,12.837009170927892,10.756710759967337,10.109091903486881,13.564708607953406,32.43493767797568,1.129133654576915,12.064670731237184,55.87421307524615,2.8611364199518454,6.649675272605696,44.54133482755153,52.80379849086184,33.341593824208594,72.2226310285944,25.679945216722864,11.998823671870104,9.406972208775857,11.909128712213676,31.58814694569576,1.0830112099215297,80.50336971396081,77.21499707609496,79.15863355612694,79.18459165969254,83.48132403926152,74.85340938126474,2.1765073741058445,76.07311848736089,76.08222404962791,78.1710566366807,73.92669288249769,1.0796823634358799,3.085515068766057,5.31026740258082,0.9267164987670498,84,35,248
2025,20242025,355,Wisconsin,Big Ten,37,27,10,1485,67.8,45.4,2184,991,55.2,1132,625,34.8,1052,366,82.6,746,616,1350,1003,347,14,356,0,8,612,264,429,1148,2964,34.2,25.7,0.14,53.8,41.6,2252,937,46.9,1372,644,33.3,880,293,72.9,624,455,1259,893,366,12,369,1,12,686,311,375,1044,2622,27.7,29.1,0.15,48.1,68.17248989900447,15.643175893763868,57.97154294077195,3.54426309729662,5.1626035610719745,45.13508871151541,54.018051489747776,34.87406943471036,76.82751542836866,10.400220312881354,9.380897941783735,10.561663915793913,13.563439220023431,30.48231965612612,1.1797989710054007,13.9082083858515,55.33538142401177,3.108923368093101,5.665318454797317,44.728575672611946,52.50994905038348,33.32501897628435,72.22260606398729,24.959394382066897,10.151396352232275,9.196526143721128,10.904243850598665,31.652691883578104,1.106522381259746,80.42983343372156,75.43438585945242,79.33161897641753,79.32776736463035,83.55250101597414,75.11897662328161,2.162108078224078,75.06354208392719,75.0678628540548,77.15628416555671,72.97507607028305,1.0637748517884393,4.268076892490342,6.3962168504174315,2.1439005529985593,62,33,213
2025,20242025,356,Wofford,SoCon,35,19,16,1410,64.4,45.2,2068,935,55.3,1076,595,34.3,992,340,66.0,626,413,1330,882,448,34,383,0,1,592,282,428,1128,2623,30.3,33.7,0.17,53.4,43.6,1925,839,52.0,1028,535,33.9,897,304,69.1,679,469,1076,775,301,18,356,0,0,564,225,422,932,2451,35.3,28.0,0.16,51.5,67.30139758438439,13.87104051024931,56.15288165620302,3.225527332085597,5.893822821029892,44.9659259672587,52.366454027692875,34.384687121682845,71.46875938318863,10.781318374660367,9.778971728325809,8.788014810638016,12.249976648773751,33.27489334009003,1.1327723680939905,13.618893497862425,57.31568888450903,3.2078685065901835,5.878693820861117,46.34681971095655,53.09863042394531,34.613843642137965,72.23318827424748,23.960350174132973,10.645645163399026,9.607991624684535,11.601145602640427,34.181356253924925,1.1274168218001228,76.23716351769828,75.8767277672931,76.91207912417903,76.91411449013552,81.08540536165854,72.70332222380493,2.149499248464417,76.71973075392948,76.71038961311702,78.83245243821037,74.6457097055355,1.063196324848605,0.19234837024954743,2.252952923448177,-1.942387481730563,170,80,267
2025,20242025,357,Wright State,Horizon,33,15,18,1335,65.0,49.4,1928,952,56.0,1202,673,38.4,726,279,70.6,521,368,1134,828,306,15,401,0,4,556,273,373,1148,2551,27.0,27.0,0.18,56.6,46.0,1953,899,51.4,1250,642,36.6,703,257,69.8,666,465,1078,751,327,15,336,0,8,536,287,436,1124,2520,34.1,30.3,0.15,52.6,68.21263240622618,13.214049714622671,57.85063062155686,3.447435281108027,6.662415078492557,47.35790732332589,53.7775173212943,35.48992674409414,73.28719678247192,10.812972667617771,11.264343026683862,9.097178661301383,14.1095995343493,37.11449024208472,1.14103137120691,12.402434372529072,56.3253067625995,4.141913962126173,7.045621855207639,46.054240267218226,52.85202500056114,34.06666705647029,72.22904776356377,23.654450473570016,11.581315714915183,10.16831457388664,12.73043911787099,35.77384453544357,1.0996465052632312,77.83275348810916,75.00978284031204,75.97538989284313,75.97157936676005,80.20765048425532,71.82470765763843,2.1455431752057383,74.89929895498743,74.89690669450431,77.0065374094442,72.78355624232677,1.0728825684148975,1.076090937855696,3.2011130748111185,-0.9588485846883401,146,108,204
2025,20242025,358,Wyoming,Mountain West,32,12,20,1285,65.3,43.8,1778,779,50.2,1068,536,34.2,710,243,65.2,534,348,1114,777,337,29,412,0,5,617,129,343,920,2149,30.0,30.3,0.2,50.6,44.6,1734,773,51.4,1081,556,33.2,653,217,72.0,714,514,1051,760,291,17,335,0,6,552,268,427,954,2277,41.2,27.7,0.16,50.8,67.85280909415158,13.983423573884892,55.95383014557196,3.543755391112204,5.937553937321288,44.58139349188181,52.318910352768604,33.32540301621562,74.03548682751071,11.579860415672709,11.223737839471175,7.795290100846655,13.332378673340989,32.549468167636235,1.1258556409838816,11.575069615849612,56.6797305370259,2.5613984553317404,6.609356258528893,46.02098381504837,53.40579507825967,33.46729666440298,72.2157649152546,23.523641724696212,11.475531437008089,8.383045315080595,12.653930685845364,33.09880185220072,1.096506853582131,76.39246787525298,74.40107020653716,76.42515896136985,76.42940488740646,80.69297729845766,72.17856738921624,2.159100320762878,73.92778140673583,73.92057503845454,76.06912816666397,71.82834656145874,1.0780382335829886,2.4973775546340136,4.6238491317936905,0.3502208277574965,100,93,169
2025,20242025,359,Xavier,Big East,34,22,12,1370,66.4,46.7,1938,905,51.2,1210,620,39.1,728,285,78.9,711,561,1131,867,264,19,371,0,2,534,513,491,1098,2656,36.7,23.3,0.16,54.1,44.6,1981,883,50.6,1240,628,34.4,741,255,72.8,567,413,1112,816,296,23,418,0,6,605,300,397,1104,2434,28.6,26.6,0.18,51.0,70.20321085546762,16.818693434574147,55.05064085869505,3.676687298460884,6.066642540014014,44.12655741894769,49.72206545788075,34.96387062092746,72.9480222736652,10.145360865442518,10.319057941333153,12.799437489395935,12.949519753399546,30.605418349371995,1.0930902018440345,17.67482081090551,57.18177145196083,3.817743595160706,6.45967137483263,47.091084703664464,55.24495103768211,33.95021016590554,72.2101817460231,24.24110357814119,11.144954310938484,11.000087759972105,11.854002227176355,36.95336651282156,1.1234893120475813,76.73844192410242,78.8725570675406,75.04813284878963,75.0357828500829,79.30280850974957,70.81045568583687,2.1632818198306363,79.35487680836658,79.35295811393416,81.47624884299938,77.21088585844745,1.092025091627619,-4.3067439595769486,-2.1734403332498147,-6.400430172610584,293,134,341
2025,20242025,360,Yale,Ivy,30,22,8,1200,68.6,49.0,1830,896,53.8,1239,667,38.7,591,229,72.9,573,418,1151,822,329,14,302,0,2,489,287,400,1146,2439,31.3,28.6,0.15,55.2,40.9,1766,723,48.4,926,448,32.7,840,275,75.0,508,381,951,668,283,25,339,0,1,517,340,322,762,2102,28.8,29.8,0.16,48.7,65.1104220493349,15.44433027517992,58.60326840107339,3.3525208319605992,5.575529927853407,47.57407784451581,53.37921849623176,36.62710836529593,73.68959203981537,10.928079453534242,9.805407308711965,8.150949990025236,13.467141063868608,34.934081229773305,1.1868866263093547,13.462940599551626,55.394970354952555,3.141412524983437,5.633226353156652,44.33252395650696,51.948497561817184,34.17691629470468,72.22203282715448,24.070957582266843,10.971511562534122,8.589723032261134,11.28321943434198,28.67331454502624,1.0954183907691588,77.27868916371332,71.32315374358319,79.35991366928242,79.35542002717813,83.5442779275854,75.12351696340218,2.151695111736847,72.40691271076894,72.41196884338001,74.49881272848123,70.28098622873364,1.0735433318346153,6.953000958513485,9.045465199104171,4.842530734668543,27,32,109
2025,20242025,361,Youngstown State,Horizon,34,21,13,1370,69.4,43.6,2028,884,53.5,1094,585,32.0,934,299,73.3,726,532,1239,864,375,24,415,0,4,624,405,528,1078,2599,35.8,30.3,0.18,51.0,42.5,2028,862,47.2,1351,638,33.1,677,224,70.9,702,498,1208,840,368,58,469,0,1,625,313,445,1112,2446,34.6,30.5,0.2,48.0,68.41687549514356,14.087395866974306,57.12038416327951,3.0121821622620386,7.177755335892693,45.56816500521627,56.12114881841886,33.926802136732114,72.56116351642824,10.349792356528656,12.649063658877962,10.610927814640567,13.507045367005164,31.525918645804435,1.099996800385504,12.664309166359379,56.40952401236089,3.453990112431874,6.764307751835564,45.88069331098249,52.01365287320895,34.494264117721784,72.23103121011847,23.200009445198454,12.229738866400329,12.439049719667825,14.757699277914714,34.45598556685322,1.093652387838723,75.25834413703132,74.82427925372836,74.32184299203597,74.32891788280185,78.56298140411869,70.08406592597068,2.163498019207996,74.09429971940969,74.09125473921645,76.2030615884211,71.99136636923669,1.0700487213371648,0.22754327262627783,2.3599198156975945,-1.90730044326601,168,166,172
