season,games,VoA_MAE,vegas_MAE,VoA_MSE,vegas_MSE,VoA_RMSE,vegas_RMSE,VoA_win_pct,vegas_win_pct,VoA_ATS_win_pct,VoA_AEATS_win_pct
20252026,410,9.307482147782592,8.40670731707317,143.2876408656387,116.56173780487805,11.970281570023268,10.7963761422469,0.6317073170731707,0.697560975609756,0.4853658536585366,0.4317073170731707
