season,games,VoA_MAE,vegas_MAE,VoA_MSE,vegas_MSE,VoA_RMSE,vegas_RMSE,VoA_win_pct,vegas_win_pct,VoA_ATS_win_pct,VoA_AEATS_win_pct
20252026,429,9.333932915627413,8.405594405594405,143.9690059936721,116.17977855477855,11.998708513572288,10.778672392960951,0.6317016317016317,0.696969696969697,0.4801864801864802,0.42657342657342656
