season,games,VoA_MAE,vegas_MAE,VoA_MSE,vegas_MSE,VoA_RMSE,vegas_RMSE,VoA_win_pct,vegas_win_pct,VoA_ATS_win_pct,VoA_AEATS_win_pct
20252026,420,9.255742626079515,8.363095238095237,141.34505053340487,115.35922619047619,11.888862457502183,10.740541242901877,0.638095238095238,0.6976190476190476,0.4857142857142857,0.430952380952381
