season,games,VoA_MAE,vegas_MAE,VoA_MSE,vegas_MSE,VoA_RMSE,vegas_RMSE,VoA_win_pct,vegas_win_pct,VoA_ATS_win_pct,VoA_AEATS_win_pct
20252026,382,9.116338621296125,8.238874345549739,135.2860054598099,112.79924738219896,11.631251242227119,10.62069900628951,0.6256544502617801,0.693717277486911,0.48429319371727747,0.4319371727748691
