season,games,VoA_MAE,vegas_MAE,VoA_MSE,vegas_MSE,VoA_RMSE,vegas_RMSE,VoA_win_pct,vegas_win_pct,VoA_ATS_win_pct,VoA_AEATS_win_pct
20252026,346,8.692228025583823,8.101878612716764,124.06098598852434,111.63421242774567,11.138266740769154,10.565709272346352,0.6127167630057804,0.6878612716763006,0.49421965317919075,0.4421965317919075
